{
  "results_folder": "gpt-5-2025-08-07-no-reasoning-t1.0",
  "game_id": 5,
  "proposals": [
    {
      "items": [
        "A46",
        "A65",
        "A71",
        "A87",
        "C10",
        "C17",
        "C51",
        "C60",
        "C72",
        "C83",
        "C84"
      ],
      "weight": 7328,
      "utility_player1": 8406,
      "utility_player2": 8406,
      "normalized_u1": 84.91766845135872,
      "normalized_u2": 84.91766845135872,
      "harmonic_mean": 84.91766845135872,
      "normalized_harmonic_mean": 84.91766845135872,
      "pareto_optimum": null,
      "by": "Player 1",
      "turn": 1
    },
    {
      "items": [
        "A46",
        "A65",
        "A87",
        "A97",
        "B69",
        "C10",
        "C17",
        "C51",
        "C60",
        "C72",
        "C83",
        "C84"
      ],
      "weight": 7336,
      "utility_player1": 8512,
      "utility_player2": 8512,
      "normalized_u1": 85.98848368522073,
      "normalized_u2": 85.98848368522073,
      "harmonic_mean": 85.98848368522073,
      "normalized_harmonic_mean": 85.98848368522073,
      "pareto_optimum": null,
      "by": "Player 2",
      "turn": 1
    }
  ],
  "refusals": [],
  "agreement": {
    "items": [
      "A46",
      "A65",
      "A87",
      "A97",
      "B69",
      "C10",
      "C17",
      "C51",
      "C60",
      "C72",
      "C83",
      "C84"
    ],
    "weight": 7336,
    "utility_player1": 8512,
    "utility_player2": 8512,
    "normalized_u1": 85.98848368522073,
    "normalized_u2": 85.98848368522073,
    "harmonic_mean": 85.98848368522073,
    "normalized_harmonic_mean": 85.98848368522073,
    "pareto_optimum": null,
    "by": "Player 1",
    "turn": 2
  },
  "max_weight": 7351,
  "scores": {
    "player1_score": 8512,
    "player2_score": 8512,
    "normalized_u1": 85.98848368522073,
    "normalized_u2": 85.98848368522073,
    "harmonic_mean": 85.98848368522073,
    "normalized_harmonic_mean": 85.98848368522073,
    "episode_score": 50.0,
    "pareto_optimum": null,
    "pareto_adherence_rate": null
  },
  "max_u1": 9899,
  "max_u2": 9899,
  "max_harmonic": 1,
  "nb_proposals": 2,
  "player1_optimum": {
    "items": [
      "A08",
      "A25",
      "A28",
      "A39",
      "A46",
      "A71",
      "A75",
      "A88",
      "A94",
      "A96",
      "A97",
      "B15",
      "B19",
      "B23",
      "B34",
      "B37",
      "B43",
      "B69",
      "B81",
      "B96",
      "C51",
      "C53",
      "C60",
      "C79",
      "C82",
      "C83"
    ],
    "utility_player1": 9899,
    "utility_player2": 9899,
    "pareto_optimum": null
  },
  "player2_optimum": {
    "items": [
      "A08",
      "A25",
      "A28",
      "A39",
      "A46",
      "A71",
      "A75",
      "A88",
      "A94",
      "A96",
      "A97",
      "B15",
      "B19",
      "B23",
      "B34",
      "B37",
      "B43",
      "B69",
      "B81",
      "B96",
      "C51",
      "C53",
      "C60",
      "C79",
      "C82",
      "C83"
    ],
    "utility_player1": 9899,
    "utility_player2": 9899,
    "pareto_optimum": null
  },
  "global_optimum": null
}