{
  "results_folder": "claude-sonnet-4-20250514-t0.0",
  "game_id": 2,
  "proposals": [
    {
      "items": [
        "A18",
        "A43",
        "A67",
        "B36",
        "B42",
        "C10",
        "C42",
        "C55",
        "C61"
      ],
      "weight": 2951,
      "utility_player1": 6257,
      "utility_player2": 6257,
      "normalized_u1": 97.84206411258796,
      "normalized_u2": 97.84206411258796,
      "harmonic_mean": 97.84206411258796,
      "normalized_harmonic_mean": 97.84206411258796,
      "pareto_optimum": false,
      "by": "Player 1",
      "turn": 2
    },
    {
      "items": [
        "A18",
        "A43",
        "A67",
        "B42",
        "C08",
        "C10",
        "C42",
        "C55",
        "C61"
      ],
      "weight": 2930,
      "utility_player1": 5934,
      "utility_player2": 5934,
      "normalized_u1": 92.79124315871775,
      "normalized_u2": 92.79124315871775,
      "harmonic_mean": 92.79124315871775,
      "normalized_harmonic_mean": 92.79124315871775,
      "pareto_optimum": false,
      "by": "Player 2",
      "turn": 2
    },
    {
      "items": [
        "A18",
        "A43",
        "A67",
        "B36",
        "B42",
        "C10",
        "C42",
        "C55",
        "C61"
      ],
      "weight": 2951,
      "utility_player1": 6257,
      "utility_player2": 6257,
      "normalized_u1": 97.84206411258796,
      "normalized_u2": 97.84206411258796,
      "harmonic_mean": 97.84206411258796,
      "normalized_harmonic_mean": 97.84206411258796,
      "pareto_optimum": false,
      "by": "Player 2",
      "turn": 3
    }
  ],
  "refusals": [
    {
      "items": [
        "A18",
        "A43",
        "A67",
        "B42",
        "C08",
        "C10",
        "C42",
        "C55",
        "C61"
      ],
      "weight": 2930,
      "utility_player1": 5934,
      "utility_player2": 5934,
      "normalized_u1": 92.79124315871775,
      "normalized_u2": 92.79124315871775,
      "harmonic_mean": 92.79124315871775,
      "normalized_harmonic_mean": 92.79124315871775,
      "pareto_optimum": false,
      "by": "Player 1",
      "turn": 3
    }
  ],
  "agreement": {
    "items": [
      "A18",
      "A43",
      "A67",
      "B36",
      "B42",
      "C10",
      "C42",
      "C55",
      "C61"
    ],
    "weight": 2951,
    "utility_player1": 6257,
    "utility_player2": 6257,
    "normalized_u1": 97.84206411258796,
    "normalized_u2": 97.84206411258796,
    "harmonic_mean": 97.84206411258796,
    "normalized_harmonic_mean": 97.84206411258796,
    "pareto_optimum": false,
    "by": "Player 1",
    "turn": 4
  },
  "max_weight": 3288,
  "scores": {
    "player1_score": 6257,
    "player2_score": 6257,
    "normalized_u1": 97.84206411258796,
    "normalized_u2": 97.84206411258796,
    "harmonic_mean": 97.84206411258796,
    "normalized_harmonic_mean": 97.84206411258796,
    "episode_score": 25.0,
    "pareto_optimum": false,
    "pareto_adherence_rate": 0.0,
    "alternation_rate": 0.5
  },
  "max_u1": 6395,
  "max_u2": 6395,
  "max_harmonic": 1,
  "nb_proposals": 3,
  "player1_optimum": {
    "items": [
      "A18",
      "A43",
      "A67",
      "B36",
      "B42",
      "C08",
      "C10",
      "C42",
      "C55",
      "C61"
    ],
    "utility_player1": 6395,
    "utility_player2": 6395,
    "pareto_optimum": true
  },
  "player2_optimum": {
    "items": [
      "A18",
      "A43",
      "A67",
      "B36",
      "B42",
      "C08",
      "C10",
      "C42",
      "C55",
      "C61"
    ],
    "utility_player1": 6395,
    "utility_player2": 6395,
    "pareto_optimum": true
  },
  "global_optimum": null
}