{
  "results_folder": "gpt-5-2025-08-07-no-reasoning-t1.0",
  "game_id": 0,
  "proposals": [
    {
      "items": [
        "A23",
        "A59",
        "A84",
        "A87",
        "A99",
        "B27",
        "B36",
        "B44",
        "B49",
        "B54",
        "B85",
        "C22",
        "C23",
        "C33",
        "C51",
        "C60",
        "C61",
        "C72",
        "C77",
        "C90",
        "C98",
        "C99"
      ],
      "weight": 9882,
      "utility_player1": 12060,
      "utility_player2": 12060,
      "normalized_u1": 97.65182186234817,
      "normalized_u2": 97.65182186234817,
      "harmonic_mean": 97.65182186234817,
      "normalized_harmonic_mean": 97.65182186234817,
      "pareto_optimum": null,
      "by": "Player 1",
      "turn": 1
    },
    {
      "items": [
        "A23",
        "A50",
        "A59",
        "A84",
        "A87",
        "A99",
        "B27",
        "B36",
        "B44",
        "B49",
        "B85",
        "C22",
        "C23",
        "C33",
        "C51",
        "C60",
        "C72",
        "C77",
        "C90",
        "C98",
        "C99"
      ],
      "weight": 10051,
      "utility_player1": 12130,
      "utility_player2": 12130,
      "normalized_u1": 98.21862348178138,
      "normalized_u2": 98.21862348178138,
      "harmonic_mean": 98.21862348178138,
      "normalized_harmonic_mean": 98.21862348178138,
      "pareto_optimum": null,
      "by": "Player 2",
      "turn": 1
    },
    {
      "items": [
        "A23",
        "A50",
        "A59",
        "A84",
        "A87",
        "A99",
        "B27",
        "B36",
        "B44",
        "B49",
        "B54",
        "B85",
        "C22",
        "C33",
        "C51",
        "C60",
        "C61",
        "C72",
        "C77",
        "C90",
        "C98",
        "C99"
      ],
      "weight": 9762,
      "utility_player1": 11940,
      "utility_player2": 11940,
      "normalized_u1": 96.68016194331985,
      "normalized_u2": 96.68016194331985,
      "harmonic_mean": 96.68016194331985,
      "normalized_harmonic_mean": 96.68016194331985,
      "pareto_optimum": null,
      "by": "Player 1",
      "turn": 2
    },
    {
      "items": [
        "A23",
        "A50",
        "A59",
        "A84",
        "A87",
        "A99",
        "B27",
        "B36",
        "B44",
        "B49",
        "B54",
        "B85",
        "C22",
        "C23",
        "C51",
        "C60",
        "C72",
        "C77",
        "C90",
        "C98",
        "C99"
      ],
      "weight": 9882,
      "utility_player1": 11961,
      "utility_player2": 11961,
      "normalized_u1": 96.8502024291498,
      "normalized_u2": 96.8502024291498,
      "harmonic_mean": 96.8502024291498,
      "normalized_harmonic_mean": 96.8502024291498,
      "pareto_optimum": null,
      "by": "Player 2",
      "turn": 2
    },
    {
      "items": [
        "A23",
        "A50",
        "A59",
        "A87",
        "A99",
        "B27",
        "B36",
        "B44",
        "B49",
        "B54",
        "B85",
        "C22",
        "C23",
        "C33",
        "C51",
        "C60",
        "C72",
        "C77",
        "C90",
        "C98",
        "C99"
      ],
      "weight": 9873,
      "utility_player1": 11952,
      "utility_player2": 11952,
      "normalized_u1": 96.77732793522267,
      "normalized_u2": 96.77732793522267,
      "harmonic_mean": 96.77732793522267,
      "normalized_harmonic_mean": 96.77732793522267,
      "pareto_optimum": null,
      "by": "Player 1",
      "turn": 3
    },
    {
      "items": [
        "A23",
        "A50",
        "A59",
        "A65",
        "A87",
        "A99",
        "B27",
        "B36",
        "B44",
        "B49",
        "B54",
        "C22",
        "C23",
        "C33",
        "C51",
        "C60",
        "C72",
        "C90",
        "C98",
        "C99"
      ],
      "weight": 10013,
      "utility_player1": 11993,
      "utility_player2": 11993,
      "normalized_u1": 97.10931174089069,
      "normalized_u2": 97.10931174089069,
      "harmonic_mean": 97.10931174089069,
      "normalized_harmonic_mean": 97.10931174089069,
      "pareto_optimum": null,
      "by": "Player 2",
      "turn": 3
    },
    {
      "items": [
        "A23",
        "A50",
        "A59",
        "A65",
        "A87",
        "A99",
        "B27",
        "B36",
        "B44",
        "B49",
        "B54",
        "B85",
        "C22",
        "C33",
        "C51",
        "C60",
        "C72",
        "C90",
        "C98",
        "C99"
      ],
      "weight": 9381,
      "utility_player1": 11361,
      "utility_player2": 11361,
      "normalized_u1": 91.9919028340081,
      "normalized_u2": 91.9919028340081,
      "harmonic_mean": 91.9919028340081,
      "normalized_harmonic_mean": 91.9919028340081,
      "pareto_optimum": null,
      "by": "Player 1",
      "turn": 4
    },
    {
      "items": [
        "A23",
        "A50",
        "A59",
        "A65",
        "A87",
        "A99",
        "B36",
        "B44",
        "B49",
        "B54",
        "B85",
        "C22",
        "C23",
        "C33",
        "C51",
        "C72",
        "C90",
        "C98",
        "C99"
      ],
      "weight": 9777,
      "utility_player1": 11658,
      "utility_player2": 11658,
      "normalized_u1": 94.39676113360323,
      "normalized_u2": 94.39676113360323,
      "harmonic_mean": 94.39676113360323,
      "normalized_harmonic_mean": 94.39676113360323,
      "pareto_optimum": null,
      "by": "Player 2",
      "turn": 4
    },
    {
      "items": [
        "A23",
        "A59",
        "A65",
        "A87",
        "A99",
        "B36",
        "B44",
        "B49",
        "B54",
        "B85",
        "C22",
        "C23",
        "C33",
        "C51",
        "C60",
        "C72",
        "C90",
        "C98",
        "C99"
      ],
      "weight": 9313,
      "utility_player1": 11194,
      "utility_player2": 11194,
      "normalized_u1": 90.63967611336032,
      "normalized_u2": 90.63967611336032,
      "harmonic_mean": 90.63967611336034,
      "normalized_harmonic_mean": 90.63967611336032,
      "pareto_optimum": null,
      "by": "Player 1",
      "turn": 5
    },
    {
      "items": [
        "A23",
        "A50",
        "A59",
        "A65",
        "A87",
        "A99",
        "B36",
        "B44",
        "B49",
        "B54",
        "B85",
        "C22",
        "C23",
        "C33",
        "C51",
        "C72",
        "C90",
        "C98",
        "C99"
      ],
      "weight": 9777,
      "utility_player1": 11658,
      "utility_player2": 11658,
      "normalized_u1": 94.39676113360323,
      "normalized_u2": 94.39676113360323,
      "harmonic_mean": 94.39676113360323,
      "normalized_harmonic_mean": 94.39676113360323,
      "pareto_optimum": null,
      "by": "Player 2",
      "turn": 5
    },
    {
      "items": [
        "A23",
        "A50",
        "A59",
        "A65",
        "A87",
        "A99",
        "B36",
        "B44",
        "B49",
        "B54",
        "B85",
        "C23",
        "C33",
        "C51",
        "C61",
        "C72",
        "C90",
        "C98",
        "C99"
      ],
      "weight": 9298,
      "utility_player1": 11179,
      "utility_player2": 11179,
      "normalized_u1": 90.51821862348179,
      "normalized_u2": 90.51821862348179,
      "harmonic_mean": 90.51821862348179,
      "normalized_harmonic_mean": 90.51821862348179,
      "pareto_optimum": null,
      "by": "Player 1",
      "turn": 6
    },
    {
      "items": [
        "A23",
        "A50",
        "A59",
        "A65",
        "A87",
        "A99",
        "B36",
        "B44",
        "B49",
        "B54",
        "C22",
        "C23",
        "C33",
        "C51",
        "C72",
        "C90",
        "C98",
        "C99"
      ],
      "weight": 9749,
      "utility_player1": 11531,
      "utility_player2": 11531,
      "normalized_u1": 93.36842105263158,