{
  "results_folder": "claude-sonnet-4-20250514-t0.0",
  "game_id": 2,
  "proposals": [
    {
      "items": [
        "A11",
        "A21",
        "B09",
        "B21",
        "B31",
        "B33",
        "B93",
        "C08"
      ],
      "weight": 2861,
      "utility_player1": 5450,
      "utility_player2": 2728,
      "normalized_u1": 96.87166725915392,
      "normalized_u2": 45.77181208053691,
      "harmonic_mean": 62.16886702763603,
      "normalized_harmonic_mean": 69.63307333451384,
      "pareto_optimum": false,
      "by": "Player 1",
      "turn": 1
    },
    {
      "items": [
        "A11",
        "A21",
        "B09",
        "B21",
        "B31",
        "B33",
        "B39",
        "B93",
        "C08"
      ],
      "weight": 3093,
      "utility_player1": 5515,
      "utility_player2": 3596,
      "normalized_u1": 98.02701741912549,
      "normalized_u2": 60.33557046979866,
      "harmonic_mean": 74.69587478052935,
      "normalized_harmonic_mean": 83.66411638266013,
      "pareto_optimum": false,
      "by": "Player 2",
      "turn": 1
    }
  ],
  "refusals": [
    {
      "items": [
        "A11",
        "A21",
        "B09",
        "B21",
        "B31",
        "B33",
        "B93",
        "C08"
      ],
      "weight": 2861,
      "utility_player1": 5450,
      "utility_player2": 2728,
      "normalized_u1": 96.87166725915392,
      "normalized_u2": 45.77181208053691,
      "harmonic_mean": 62.16886702763603,
      "normalized_harmonic_mean": 69.63307333451384,
      "pareto_optimum": false,
      "by": "Player 2",
      "turn": 1
    }
  ],
  "agreement": {
    "items": [
      "A11",
      "A21",
      "B09",
      "B21",
      "B31",
      "B33",
      "B39",
      "B93",
      "C08"
    ],
    "weight": 3093,
    "utility_player1": 5515,
    "utility_player2": 3596,
    "normalized_u1": 98.02701741912549,
    "normalized_u2": 60.33557046979866,
    "harmonic_mean": 74.69587478052935,
    "normalized_harmonic_mean": 83.66411638266013,
    "pareto_optimum": false,
    "by": "Player 1",
    "turn": 2
  },
  "max_weight": 3203,
  "scores": {
    "player1_score": 5515,
    "player2_score": 3596,
    "normalized_u1": 98.02701741912549,
    "normalized_u2": 60.33557046979866,
    "harmonic_mean": 74.69587478052935,
    "normalized_harmonic_mean": 83.66411638266013,
    "episode_score": 50.0,
    "pareto_optimum": false,
    "pareto_adherence_rate": 0.0,
    "alternation_rate": 1.0
  },
  "max_u1": 5626,
  "max_u2": 5960,
  "max_harmonic": 89.28065939152201,
  "nb_proposals": 2,
  "player1_optimum": {
    "items": [
      "A11",
      "A82",
      "B09",
      "B21",
      "B31",
      "B33",
      "C08",
      "C81"
    ],
    "utility_player1": 5626,
    "utility_player2": 2724,
    "pareto_optimum": true
  },
  "player2_optimum": {
    "items": [
      "A21",
      "A82",
      "B09",
      "B20",
      "B39",
      "B96",
      "C08",
      "C81",
      "C85"
    ],
    "utility_player1": 3395,
    "utility_player2": 5960,
    "pareto_optimum": true
  },
  "global_optimum": {
    "items": [
      "A11",
      "A21",
      "B09",
      "B20",
      "B21",
      "B31",
      "B39",
      "C08",
      "C81",
      "C85"
    ],
    "utility_player1": 5081,
    "utility_player2": 5261,
    "harmonic_mean": 89.28065939152201,
    "pareto_optimum": true
  }
}