{
  "results_folder": "llama-3.3-70b-instruct-t1.0",
  "game_id": 2,
  "proposals": [
    {
      "items": [
        "A08",
        "A16",
        "A30",
        "A66",
        "B12",
        "B21",
        "B60",
        "B94"
      ],
      "weight": 3717,
      "utility_player1": 5929,
      "utility_player2": 5929,
      "normalized_u1": 43.264740221833044,
      "normalized_u2": 43.264740221833044,
      "harmonic_mean": 43.264740221833044,
      "normalized_harmonic_mean": 43.264740221833044,
      "pareto_optimum": null,
      "by": "Player 1",
      "turn": 1
    },
    {
      "items": [
        "A23",
        "A27",
        "A66",
        "B00",
        "B12",
        "B60",
        "C12"
      ],
      "weight": 4278,
      "utility_player1": 4880,
      "utility_player2": 4880,
      "normalized_u1": 35.61004086398132,
      "normalized_u2": 35.61004086398132,
      "harmonic_mean": 35.61004086398132,
      "normalized_harmonic_mean": 35.61004086398132,
      "pareto_optimum": null,
      "by": "Player 2",
      "turn": 1
    },
    {
      "items": [
        "A23",
        "A27",
        "A66",
        "B00",
        "B12",
        "B60",
        "C12"
      ],
      "weight": 4278,
      "utility_player1": 4880,
      "utility_player2": 4880,
      "normalized_u1": 35.61004086398132,
      "normalized_u2": 35.61004086398132,
      "harmonic_mean": 35.61004086398132,
      "normalized_harmonic_mean": 35.61004086398132,
      "pareto_optimum": null,
      "by": "Player 2",
      "turn": 1
    },
    {
      "items": [
        "A23",
        "A27",
        "A66",
        "B00",
        "B12",
        "B60",
        "C12"
      ],
      "weight": 4278,
      "utility_player1": 4880,
      "utility_player2": 4880,
      "normalized_u1": 35.61004086398132,
      "normalized_u2": 35.61004086398132,
      "harmonic_mean": 35.61004086398132,
      "normalized_harmonic_mean": 35.61004086398132,
      "pareto_optimum": null,
      "by": "Player 2",
      "turn": 1
    }
  ],
  "refusals": [
    {
      "items": [
        "A08",
        "A16",
        "A30",
        "A66",
        "B12",
        "B21",
        "B60",
        "B94"
      ],
      "weight": 3717,
      "utility_player1": 5929,
      "utility_player2": 5929,
      "normalized_u1": 43.264740221833044,
      "normalized_u2": 43.264740221833044,
      "harmonic_mean": 43.264740221833044,
      "normalized_harmonic_mean": 43.264740221833044,
      "pareto_optimum": null,
      "by": "Player 2",
      "turn": 1
    },
    {
      "items": [
        "A08",
        "A16",
        "A30",
        "A66",
        "B12",
        "B21",
        "B60",
        "B94"
      ],
      "weight": 3717,
      "utility_player1": 5929,
      "utility_player2": 5929,
      "normalized_u1": 43.264740221833044,
      "normalized_u2": 43.264740221833044,
      "harmonic_mean": 43.264740221833044,
      "normalized_harmonic_mean": 43.264740221833044,
      "pareto_optimum": null,
      "by": "Player 2",
      "turn": 1
    },
    {
      "items": [
        "A08",
        "A16",
        "A30",
        "A66",
        "B12",
        "B21",
        "B60",
        "B94"
      ],
      "weight": 3717,
      "utility_player1": 5929,
      "utility_player2": 5929,
      "normalized_u1": 43.264740221833044,
      "normalized_u2": 43.264740221833044,
      "harmonic_mean": 43.264740221833044,
      "normalized_harmonic_mean": 43.264740221833044,
      "pareto_optimum": null,
      "by": "Player 2",
      "turn": 1
    }
  ],
  "agreement": null,
  "max_weight": 7868,
  "scores": {
    "pareto_adherence_rate": null,
    "alternation_rate": 0.3333333333333333,
    "avg_normalized_substitutions": 0.375
  },
  "max_u1": 13704,
  "max_u2": 13704,
  "max_harmonic": 1,
  "nb_proposals": 4,
  "normalized_substitutions_per_proposal": [
    1.125,
    0.0,
    0.0
  ],
  "player1_optimum": {
    "items": [
      "A08",
      "A16",
      "A30",
      "A58",
      "A66",
      "A84",
      "A89",
      "B00",
      "B09",
      "B10",
      "B12",
      "B46",
      "B60",
      "B67",
      "B75",
      "B85",
      "B94",
      "C12",
      "C15",
      "C24",
      "C81"
    ],
    "utility_player1": 13704,
    "utility_player2": 13704,
    "pareto_optimum": null
  },
  "player2_optimum": {
    "items": [
      "A08",
      "A16",
      "A30",
      "A58",
      "A66",
      "A84",
      "A89",
      "B00",
      "B09",
      "B10",
      "B12",
      "B46",
      "B60",
      "B67",
      "B75",
      "B85",
      "B94",
      "C12",
      "C15",
      "C24",
      "C81"
    ],
    "utility_player1": 13704,
    "utility_player2": 13704,
    "pareto_optimum": null
  }
}