{
  "results_folder": "nemotron-nano-9b-v2-t1.0",
  "game_id": 4,
  "proposals": [
    {
      "items": [
        "A04",
        "A10",
        "A71",
        "A87",
        "B32",
        "B35",
        "C00",
        "C01"
      ],
      "weight": 5127,
      "utility_player1": 5127,
      "utility_player2": 3048,
      "normalized_u1": 98.3502781507769,
      "normalized_u2": 52.37113402061856,
      "harmonic_mean": 68.34749653409862,
      "normalized_harmonic_mean": 80.13288385876383,
      "pareto_optimum": true,
      "by": "Player 1",
      "turn": 1
    },
    {
      "items": [
        "A04",
        "A10",
        "A71",
        "A87",
        "B32",
        "B35",
        "C00",
        "C01"
      ],
      "weight": 5127,
      "utility_player1": 5127,
      "utility_player2": 3048,
      "normalized_u1": 98.3502781507769,
      "normalized_u2": 52.37113402061856,
      "harmonic_mean": 68.34749653409862,
      "normalized_harmonic_mean": 80.13288385876383,
      "pareto_optimum": true,
      "by": "Player 1",
      "turn": 2
    },
    {
      "items": [
        "A04",
        "A10",
        "A71",
        "A87",
        "B32",
        "B35",
        "C00",
        "C01"
      ],
      "weight": 5127,
      "utility_player1": 5127,
      "utility_player2": 3048,
      "normalized_u1": 98.3502781507769,
      "normalized_u2": 52.37113402061856,
      "harmonic_mean": 68.34749653409862,
      "normalized_harmonic_mean": 80.13288385876383,
      "pareto_optimum": true,
      "by": "Player 1",
      "turn": 3
    }
  ],
  "refusals": [],
  "agreement": null,
  "max_weight": 5138,
  "scores": {
    "pareto_adherence_rate": 1.0
  },
  "max_u1": 5213,
  "max_u2": 5820,
  "max_harmonic": 85.29269538653165,
  "nb_proposals": 3,
  "player1_optimum": {
    "items": [
      "A10",
      "A71",
      "B32",
      "B35",
      "B86",
      "C00",
      "C01"
    ],
    "utility_player1": 5213,
    "utility_player2": 2019,
    "pareto_optimum": true
  },
  "player2_optimum": {
    "items": [
      "A03",
      "A04",
      "A77",
      "A87",
      "B32",
      "B33",
      "C17",
      "C54"
    ],
    "utility_player1": 2428,
    "utility_player2": 5820,
    "pareto_optimum": true
  },
  "global_optimum": {
    "items": [
      "A04",
      "A10",
      "A77",
      "A87",
      "B32",
      "B33",
      "B35",
      "C01",
      "C54"
    ],
    "utility_player1": 4399,
    "utility_player2": 5018,
    "harmonic_mean": 85.29269538653165,
    "pareto_optimum": true
  }
}