{
  "results_folder": "llama-3.3-70b-instruct-t1.0",
  "game_id": 0,
  "proposals": [
    {
      "items": [
        "A41",
        "A48",
        "B21",
        "B53"
      ],
      "weight": 3214,
      "utility_player1": 3239,
      "utility_player2": 854,
      "normalized_u1": 56.232638888888886,
      "normalized_u2": 13.389777359673879,
      "harmonic_mean": 21.629312960959027,
      "normalized_harmonic_mean": 24.92399428529101,
      "pareto_optimum": false,
      "by": "Player 1",
      "turn": 1
    },
    {
      "items": [
        "A04",
        "A89",
        "B85",
        "C04"
      ],
      "weight": 999,
      "utility_player1": 2374,
      "utility_player2": 1781,
      "normalized_u1": 41.21527777777778,
      "normalized_u2": 27.924114142364374,
      "harmonic_mean": 33.29216786879587,
      "normalized_harmonic_mean": 38.36339153280372,
      "pareto_optimum": false,
      "by": "Player 1",
      "turn": 2
    },
    {
      "items": [
        "A04",
        "A61",
        "A89",
        "B85",
        "C04",
        "C33"
      ],
      "weight": 1330,
      "utility_player1": 2633,
      "utility_player2": 3411,
      "normalized_u1": 45.71180555555556,
      "normalized_u2": 53.480714957666976,
      "harmonic_mean": 49.292023843492956,
      "normalized_harmonic_mean": 56.80042277825423,
      "pareto_optimum": false,
      "by": "Player 2",
      "turn": 2
    },
    {
      "items": [
        "A04",
        "A61",
        "A89",
        "B85",
        "C04",
        "C33"
      ],
      "weight": 1330,
      "utility_player1": 2633,
      "utility_player2": 3411,
      "normalized_u1": 45.71180555555556,
      "normalized_u2": 53.480714957666976,
      "harmonic_mean": 49.292023843492956,
      "normalized_harmonic_mean": 56.80042277825423,
      "pareto_optimum": false,
      "by": "Player 1",
      "turn": 3
    }
  ],
  "refusals": [
    {
      "items": [
        "A41",
        "A48",
        "B21",
        "B53"
      ],
      "weight": 3214,
      "utility_player1": 3239,
      "utility_player2": 854,
      "normalized_u1": 56.232638888888886,
      "normalized_u2": 13.389777359673879,
      "harmonic_mean": 21.629312960959027,
      "normalized_harmonic_mean": 24.92399428529101,
      "pareto_optimum": false,
      "by": "Player 2",
      "turn": 1
    }
  ],
  "agreement": {
    "items": [
      "A04",
      "A61",
      "A89",
      "B85",
      "C04",
      "C33"
    ],
    "weight": 1330,
    "utility_player1": 2633,
    "utility_player2": 3411,
    "normalized_u1": 45.71180555555556,
    "normalized_u2": 53.480714957666976,
    "harmonic_mean": 49.292023843492956,
    "normalized_harmonic_mean": 56.80042277825423,
    "pareto_optimum": false,
    "by": "Player 2",
    "turn": 3
  },
  "max_weight": 3624,
  "scores": {
    "player1_score": 2633,
    "player2_score": 3411,
    "normalized_u1": 45.71180555555556,
    "normalized_u2": 53.480714957666976,
    "harmonic_mean": 49.292023843492956,
    "normalized_harmonic_mean": 56.80042277825423,
    "episode_score": 33.333333333333336,
    "pareto_optimum": false,
    "pareto_adherence_rate": 0.0,
    "alternation_rate": 0.6666666666666666
  },
  "max_u1": 5760,
  "max_u2": 6378,
  "max_harmonic": 86.7810861829785,
  "nb_proposals": 4,
  "player1_optimum": {
    "items": [
      "A04",
      "A45",
      "A48",
      "A89",
      "B21",
      "B53",
      "B85",
      "C04",
      "C49"
    ],
    "utility_player1": 5760,
    "utility_player2": 3617,
    "pareto_optimum": true
  },
  "player2_optimum": {
    "items": [
      "A03",
      "A04",
      "A45",
      "A61",
      "A89",
      "B61",
      "B85",
      "C33",
      "C49",
      "C64"
    ],
    "utility_player1": 3993,
    "utility_player2": 6378,
    "pareto_optimum": true
  },
  "global_optimum": {
    "items": [
      "A03",
      "A04",
      "A45",
      "A61",
      "A89",
      "B53",
      "B61",
      "B85",
      "C33",
      "C49"
    ],
    "utility_player1": 4708,
    "utility_player2": 5899,
    "harmonic_mean": 86.7810861829785,
    "pareto_optimum": true
  }
}