{
  "results_folder": "gpt-5-mini-2025-08-07-no-reasoning-t1.0",
  "game_id": 3,
  "proposals": [
    {
      "items": [
        "A25",
        "A46",
        "A87",
        "A88",
        "A94",
        "B19",
        "B23",
        "B34",
        "B37",
        "B43",
        "B95",
        "C10",
        "C51",
        "C72",
        "C82",
        "C84"
      ],
      "weight": 6924,
      "utility_player1": 8508,
      "utility_player2": 8508,
      "normalized_u1": 88.70816390365968,
      "normalized_u2": 88.70816390365968,
      "harmonic_mean": 88.70816390365968,
      "normalized_harmonic_mean": 88.70816390365968,
      "pareto_optimum": null,
      "by": "Player 1",
      "turn": 1
    }
  ],
  "agreement": {
    "items": [
      "A25",
      "A46",
      "A87",
      "A88",
      "A94",
      "B19",
      "B23",
      "B34",
      "B37",
      "B43",
      "B95",
      "C10",
      "C51",
      "C72",
      "C82",
      "C84"
    ],
    "weight": 6924,
    "utility_player1": 8508,
    "utility_player2": 8508,
    "normalized_u1": 88.70816390365968,
    "normalized_u2": 88.70816390365968,
    "harmonic_mean": 88.70816390365968,
    "normalized_harmonic_mean": 88.70816390365968,
    "pareto_optimum": null,
    "by": "Player 2",
    "turn": 1
  },
  "max_weight": 6938,
  "scores": {
    "player1_score": 8508,
    "player2_score": 8508,
    "normalized_u1": 88.70816390365968,
    "normalized_u2": 88.70816390365968,
    "harmonic_mean": 88.70816390365968,
    "normalized_harmonic_mean": 88.70816390365968,
    "episode_score": 100.0,
    "pareto_optimum": null
  },
  "max_u1": 9591,
  "max_u2": 9591,
  "max_harmonic": 1,
  "player1_optimum": {
    "items": [
      "A28",
      "A39",
      "A46",
      "A65",
      "A71",
      "A75",
      "A87",
      "A88",
      "A96",
      "A97",
      "B15",
      "B16",
      "B23",
      "B37",
      "B43",
      "B64",
      "B69",
      "B81",
      "B96",
      "C17",
      "C51",
      "C53",
      "C60",
      "C79",
      "C82",
      "C83",
      "C84"
    ],
    "utility_player1": 9591,
    "utility_player2": 9591,
    "pareto_optimum": null
  },
  "player2_optimum": {
    "items": [
      "A28",
      "A39",
      "A46",
      "A65",
      "A71",
      "A75",
      "A87",
      "A88",
      "A96",
      "A97",
      "B15",
      "B16",
      "B23",
      "B37",
      "B43",
      "B64",
      "B69",
      "B81",
      "B96",
      "C17",
      "C51",
      "C53",
      "C60",
      "C79",
      "C82",
      "C83",
      "C84"
    ],
    "utility_player1": 9591,
    "utility_player2": 9591,
    "pareto_optimum": null
  },
  "global_optimum": null
}