{
  "results_folder": "deepseek-r1-distill-llama-70b-t1.0",
  "game_id": 4,
  "proposals": [
    {
      "items": [
        "A08",
        "A16",
        "A27",
        "A30",
        "A66",
        "B09",
        "B12",
        "B45",
        "B46",
        "B60",
        "B67",
        "B69",
        "B75",
        "B85",
        "B94",
        "C06",
        "C15",
        "C24",
        "C70",
        "C81"
      ],
      "weight": 8974,
      "utility_player1": 12743,
      "utility_player2": 12743,
      "normalized_u1": 90.43361010574125,
      "normalized_u2": 90.43361010574125,
      "harmonic_mean": 90.43361010574125,
      "normalized_harmonic_mean": 90.43361010574125,
      "pareto_optimum": null,
      "by": "Player 1",
      "turn": 1
    },
    {
      "items": [
        "A08",
        "A16",
        "A27",
        "A30",
        "A66",
        "B09",
        "B12",
        "B45",
        "B46",
        "B60",
        "B67",
        "B69",
        "B75",
        "B85",
        "B94",
        "C06",
        "C24",
        "C70",
        "C81"
      ],
      "weight": 8295,
      "utility_player1": 11962,
      "utility_player2": 11962,
      "normalized_u1": 84.89106521893407,
      "normalized_u2": 84.89106521893407,
      "harmonic_mean": 84.89106521893407,
      "normalized_harmonic_mean": 84.89106521893407,
      "pareto_optimum": null,
      "by": "Player 1",
      "turn": 2
    },
    {
      "items": [
        "A08",
        "A16",
        "A27",
        "A30",
        "A66",
        "B09",
        "B12",
        "B45",
        "B46",
        "B60",
        "B67",
        "B69",
        "B75",
        "B85",
        "B94",
        "C06",
        "C24",
        "C70",
        "C81"
      ],
      "weight": 8295,
      "utility_player1": 11962,
      "utility_player2": 11962,
      "normalized_u1": 84.89106521893407,
      "normalized_u2": 84.89106521893407,
      "harmonic_mean": 84.89106521893407,
      "normalized_harmonic_mean": 84.89106521893407,
      "pareto_optimum": null,
      "by": "Player 1",
      "turn": 3
    }
  ],
  "agreement": null,
  "max_weight": 9612,
  "scores": {},
  "max_u1": 14091,
  "max_u2": 14091,
  "max_harmonic": 1,
  "player1_optimum": {
    "items": [
      "A08",
      "A16",
      "A27",
      "A30",
      "A58",
      "A66",
      "B09",
      "B10",
      "B12",
      "B45",
      "B46",
      "B60",
      "B67",
      "B69",
      "B75",
      "B94",
      "C06",
      "C12",
      "C15",
      "C24",
      "C70",
      "C81"
    ],
    "utility_player1": 14091,
    "utility_player2": 14091,
    "pareto_optimum": null
  },
  "player2_optimum": {
    "items": [
      "A08",
      "A16",
      "A27",
      "A30",
      "A58",
      "A66",
      "B09",
      "B10",
      "B12",
      "B45",
      "B46",
      "B60",
      "B67",
      "B69",
      "B75",
      "B94",
      "C06",
      "C12",
      "C15",
      "C24",
      "C70",
      "C81"
    ],
    "utility_player1": 14091,
    "utility_player2": 14091,
    "pareto_optimum": null
  },
  "global_optimum": null
}