{
  "results_folder": "nemotron-nano-9b-v2-t1.0",
  "game_id": 3,
  "proposals": [
    {
      "items": [
        "A34",
        "A42",
        "A48",
        "A50",
        "A59",
        "A65",
        "A74",
        "A84",
        "A99",
        "B07",
        "B27",
        "B36",
        "B44",
        "C12",
        "C22",
        "C23",
        "C33",
        "C51",
        "C60",
        "C61",
        "C77",
        "C90",
        "C99"
      ],
      "weight": 6927,
      "utility_player1": 9204,
      "utility_player2": 9204,
      "normalized_u1": 95.9649671567094,
      "normalized_u2": 95.9649671567094,
      "harmonic_mean": 95.9649671567094,
      "normalized_harmonic_mean": 95.9649671567094,
      "pareto_optimum": null,
      "by": "Player 1",
      "turn": 1
    }
  ],
  "refusals": [],
  "agreement": {
    "items": [
      "A34",
      "A42",
      "A48",
      "A50",
      "A59",
      "A65",
      "A74",
      "A84",
      "A99",
      "B07",
      "B27",
      "B36",
      "B44",
      "C12",
      "C22",
      "C23",
      "C33",
      "C51",
      "C60",
      "C61",
      "C77",
      "C90",
      "C99"
    ],
    "weight": 6927,
    "utility_player1": 9204,
    "utility_player2": 9204,
    "normalized_u1": 95.9649671567094,
    "normalized_u2": 95.9649671567094,
    "harmonic_mean": 95.9649671567094,
    "normalized_harmonic_mean": 95.9649671567094,
    "pareto_optimum": null,
    "by": "Player 2",
    "turn": 1
  },
  "max_weight": 6938,
  "scores": {
    "player1_score": 9204,
    "player2_score": 9204,
    "normalized_u1": 95.9649671567094,
    "normalized_u2": 95.9649671567094,
    "harmonic_mean": 95.9649671567094,
    "normalized_harmonic_mean": 95.9649671567094,
    "episode_score": 100.0,
    "pareto_optimum": null,
    "pareto_adherence_rate": null,
    "alternation_rate": null
  },
  "max_u1": 9591,
  "max_u2": 9591,
  "max_harmonic": 1,
  "nb_proposals": 1,
  "player1_optimum": {
    "items": [
      "A23",
      "A34",
      "A42",
      "A48",
      "A50",
      "A59",
      "A62",
      "A69",
      "A84",
      "A90",
      "A99",
      "B07",
      "B17",
      "B27",
      "B44",
      "B49",
      "B85",
      "C12",
      "C22",
      "C23",
      "C33",
      "C51",
      "C60",
      "C61",
      "C77",
      "C98",
      "C99"
    ],
    "utility_player1": 9591,
    "utility_player2": 9591,
    "pareto_optimum": null
  },
  "player2_optimum": {
    "items": [
      "A23",
      "A34",
      "A42",
      "A48",
      "A50",
      "A59",
      "A62",
      "A69",
      "A84",
      "A90",
      "A99",
      "B07",
      "B17",
      "B27",
      "B44",
      "B49",
      "B85",
      "C12",
      "C22",
      "C23",
      "C33",
      "C51",
      "C60",
      "C61",
      "C77",
      "C98",
      "C99"
    ],
    "utility_player1": 9591,
    "utility_player2": 9591,
    "pareto_optimum": null
  },
  "global_optimum": null
}