{
  "results_folder": "gpt-5-mini-2025-08-07-t1.0",
  "game_id": 5,
  "proposals": [
    {
      "items": [
        "A08",
        "A25",
        "A28",
        "A39",
        "A46",
        "A65",
        "A71",
        "A75",
        "A87",
        "A88",
        "A94",
        "A96",
        "A97",
        "B15",
        "B19",
        "B23",
        "B34",
        "B37",
        "B43",
        "B69",
        "B81",
        "B96",
        "C51",
        "C53",
        "C79",
        "C82"
      ],
      "weight": 7346,
      "utility_player1": 9894,
      "utility_player2": 9894,
      "normalized_u1": 99.94948984745933,
      "normalized_u2": 99.94948984745933,
      "harmonic_mean": 99.94948984745933,
      "normalized_harmonic_mean": 99.94948984745933,
      "pareto_optimum": null,
      "by": "Player 1",
      "turn": 1
    }
  ],
  "refusals": [],
  "agreement": {
    "items": [
      "A08",
      "A25",
      "A28",
      "A39",
      "A46",
      "A65",
      "A71",
      "A75",
      "A87",
      "A88",
      "A94",
      "A96",
      "A97",
      "B15",
      "B19",
      "B23",
      "B34",
      "B37",
      "B43",
      "B69",
      "B81",
      "B96",
      "C51",
      "C53",
      "C79",
      "C82"
    ],
    "weight": 7346,
    "utility_player1": 9894,
    "utility_player2": 9894,
    "normalized_u1": 99.94948984745933,
    "normalized_u2": 99.94948984745933,
    "harmonic_mean": 99.94948984745933,
    "normalized_harmonic_mean": 99.94948984745933,
    "pareto_optimum": null,
    "by": "Player 2",
    "turn": 1
  },
  "max_weight": 7351,
  "scores": {
    "player1_score": 9894,
    "player2_score": 9894,
    "normalized_u1": 99.94948984745933,
    "normalized_u2": 99.94948984745933,
    "harmonic_mean": 99.94948984745933,
    "normalized_harmonic_mean": 99.94948984745933,
    "episode_score": 100.0,
    "pareto_optimum": null,
    "pareto_adherence_rate": null,
    "alternation_rate": null,
    "avg_normalized_substitutions": null
  },
  "max_u1": 9899,
  "max_u2": 9899,
  "max_harmonic": 1,
  "nb_proposals": 1,
  "normalized_substitutions_per_proposal": [],
  "player1_optimum": {
    "items": [
      "A08",
      "A25",
      "A28",
      "A39",
      "A46",
      "A71",
      "A75",
      "A88",
      "A94",
      "A96",
      "A97",
      "B15",
      "B19",
      "B23",
      "B34",
      "B37",
      "B43",
      "B69",
      "B81",
      "B96",
      "C51",
      "C53",
      "C60",
      "C79",
      "C82",
      "C83"
    ],
    "utility_player1": 9899,
    "utility_player2": 9899,
    "pareto_optimum": null
  },
  "player2_optimum": {
    "items": [
      "A08",
      "A25",
      "A28",
      "A39",
      "A46",
      "A71",
      "A75",
      "A88",
      "A94",
      "A96",
      "A97",
      "B15",
      "B19",
      "B23",
      "B34",
      "B37",
      "B43",
      "B69",
      "B81",
      "B96",
      "C51",
      "C53",
      "C60",
      "C79",
      "C82",
      "C83"
    ],
    "utility_player1": 9899,
    "utility_player2": 9899,
    "pareto_optimum": null
  }
}