{
  "results_folder": "nemotron-nano-9b-v2-t1.0",
  "game_id": 2,
  "proposals": [
    {
      "items": [
        "A23",
        "A34",
        "A48",
        "A50",
        "A62",
        "A65",
        "A74",
        "A87",
        "A90",
        "B07",
        "B17",
        "B27",
        "B44",
        "C12",
        "C13",
        "C22",
        "C23",
        "C33",
        "C61",
        "C77",
        "C98",
        "C99"
      ],
      "weight": 9280,
      "utility_player1": 11392,
      "utility_player2": 11392,
      "normalized_u1": 98.8031222896791,
      "normalized_u2": 98.8031222896791,
      "harmonic_mean": 98.8031222896791,
      "normalized_harmonic_mean": 98.8031222896791,
      "pareto_optimum": null,
      "by": "Player 1",
      "turn": 1
    },
    {
      "items": [
        "A23",
        "A34",
        "A48",
        "A50",
        "A62",
        "A65",
        "A74",
        "A87",
        "A90",
        "B07",
        "B17",
        "B27",
        "B44",
        "C12",
        "C13",
        "C22",
        "C23",
        "C33",
        "C61",
        "C77",
        "C98",
        "C99"
      ],
      "weight": 9280,
      "utility_player1": 11392,
      "utility_player2": 11392,
      "normalized_u1": 98.8031222896791,
      "normalized_u2": 98.8031222896791,
      "harmonic_mean": 98.8031222896791,
      "normalized_harmonic_mean": 98.8031222896791,
      "pareto_optimum": null,
      "by": "Player 1",
      "turn": 2
    },
    {
      "items": [
        "A23",
        "A34",
        "A48",
        "A50",
        "A65",
        "A69",
        "A74",
        "A87",
        "A90",
        "B07",
        "B17",
        "B27",
        "B44",
        "B85",
        "C12",
        "C13",
        "C22",
        "C23",
        "C33",
        "C61",
        "C77",
        "C90",
        "C98",
        "C99"
      ],
      "weight": 10983,
      "utility_player1": 0,
      "utility_player2": 0,
      "normalized_u1": 0,
      "normalized_u2": 0,
      "harmonic_mean": 115.23850823937553,
      "normalized_harmonic_mean": 0,
      "pareto_optimum": null,
      "by": "Player 2",
      "turn": 2
    },
    {
      "items": [
        "A23",
        "A34",
        "A48",
        "A50",
        "A65",
        "A69",
        "A87",
        "A90",
        "B07",
        "B17",
        "B27",
        "B44",
        "B85",
        "C12",
        "C13",
        "C22",
        "C23",
        "C33",
        "C61",
        "C77",
        "C98",
        "C99"
      ],
      "weight": 10361,
      "utility_player1": 0,
      "utility_player2": 0,
      "normalized_u1": 0,
      "normalized_u2": 0,
      "harmonic_mean": 108.1786643538595,
      "normalized_harmonic_mean": 0,
      "pareto_optimum": null,
      "by": "Player 1",
      "turn": 3
    },
    {
      "items": [
        "A23",
        "A34",
        "A48",
        "A50",
        "A65",
        "A69",
        "A87",
        "A90",
        "B07",
        "B27",
        "B44",
        "B85",
        "C12",
        "C13",
        "C22",
        "C23",
        "C33",
        "C61",
        "C98",
        "C99"
      ],
      "weight": 9093,
      "utility_player1": 11013,
      "utility_player2": 11013,
      "normalized_u1": 95.51604509973981,
      "normalized_u2": 95.51604509973981,
      "harmonic_mean": 95.51604509973981,
      "normalized_harmonic_mean": 95.51604509973981,
      "pareto_optimum": null,
      "by": "Player 2",
      "turn": 3
    },
    {
      "items": [
        "A23",
        "A34",
        "A48",
        "A50",
        "A65",
        "A69",
        "A87",
        "A90",
        "B07",
        "B27",
        "B44",
        "B85",
        "C12",
        "C13",
        "C22",
        "C23",
        "C33",
        "C61",
        "C98",
        "C99"
      ],
      "weight": 9093,
      "utility_player1": 11013,
      "utility_player2": 11013,
      "normalized_u1": 95.51604509973981,
      "normalized_u2": 95.51604509973981,
      "harmonic_mean": 95.51604509973981,
      "normalized_harmonic_mean": 95.51604509973981,
      "pareto_optimum": null,
      "by": "Player 1",
      "turn": 4
    },
    {
      "items": [
        "A23",
        "A34",
        "A48",
        "A50",
        "A65",
        "A69",
        "A87",
        "A90",
        "B07",
        "B27",
        "B44",
        "B85",
        "C12",
        "C13",
        "C22",
        "C23",
        "C33",
        "C61",
        "C98",
        "C99"
      ],
      "weight": 9093,
      "utility_player1": 11013,
      "utility_player2": 11013,
      "normalized_u1": 95.51604509973981,
      "normalized_u2": 95.51604509973981,
      "harmonic_mean": 95.51604509973981,
      "normalized_harmonic_mean": 95.51604509973981,
      "pareto_optimum": null,
      "by": "Player 2",
      "turn": 4
    },
    {
      "items": [
        "A23",
        "A34",
        "A48",
        "A50",
        "A65",
        "A69",
        "A74",
        "A87",
        "A90",
        "B07",
        "B27",
        "B44",
        "B85",
        "C12",
        "C13",
        "C22",
        "C23",
        "C33",
        "C61",
        "C98",
        "C99"
      ],
      "weight": 9211,
      "utility_player1": 11227,
      "utility_player2": 11227,
      "normalized_u1": 97.37207285342585,
      "normalized_u2": 97.37207285342585,
      "harmonic_mean": 97.37207285342585,
      "normalized_harmonic_mean": 97.37207285342585,
      "pareto_optimum": null,
      "by": "Player 1",
      "turn": 5
    },
    {
      "items": [
        "A23",
        "A34",
        "A48",
        "A50",
        "A65",
        "A69",
        "A74",
        "A87",
        "A90",
        "B07",
        "B27",
        "B44",
        "B85",
        "C12",
        "C13",
        "C22",
        "C23",
        "C33",
        "C61",
        "C98",
        "C99"
      ],
      "weight": 9211,
      "utility_player1": 11227,
      "utility_player2": 11227,
      "normalized_u1": 97.37207285342585,
      "normalized_u2": 97.37207285342585,
      "harmonic_mean": 97.37207285342585,
      "normalized_harmonic_mean": 97.37207285342585,
      "pareto_optimum": null,
      "by": "Player 2",
      "turn": 5
    },
    {
      "items": [
        "A23",
        "A34",
        "A48",
        "A50",
        "A65",
        "A69",
        "A74",
        "A87",
        "A90",
        "B07",
        "B27",
        "B44",
        "B85",
        "C12",
        "C13",
        "C22",
        "C23",
        "C33",
        "C61",
        "C98",
        "C99"
      ],
      "weight": 9211,
      "utility_player1": 11227,
      "utility_player2": 11227,
      "normalized_u1": 97.37207285342585,
      "normalized_u2": 97.37207285342585,
      "harmonic_mean": 97.37207285342585,
      "normalized_harmonic_mean": 97.37207285342585,
      "pareto_optimum": null,
      "by": "Player 1",
      "turn": 7
    },
    {
      "items": [
        "A23",
        "A34",
        "A48",
        "A50",
        "A65",
        "A69",
        "A74",
        "A87",
        "A90",
        "B07",
        "B27",
        "B44",
        "B85",
        "C12",
        "C13",
        "C22",
        "C23",
        "C33",
        "C61",
        "C98",
        "C99"
      ],
      "weight": 9211,
      "utility_player1": 11227,
      "utility_player2": 11227,
      "normalized_u1": 97.37207285342585,
      "normalized_u2": 97.37207285342585,
      "harmonic_mean": 97.37207285342585,
      "normalized_harmonic_mean": 97.37207285342585,
      "pareto_optimum": null,
      "by": "Player 2",
      "turn": 7
    },
    {
      "items": [
        "A23",
        "A34",
        "A48",
        "A50",
        "A65",
        "A69",
        "A74",
        "A87",
        "A90",
        "B07",
        "B27",
        "B44",
        "B85",
        "C12",
        "C13",
        "C22",
        "C23",
        "C33",
        "C61",
        "C98",
        "C99"
      ],
      "weight": 9211,
      "utility_player1": 11227,