{
  "results_folder": "nemotron-nano-9b-v2-no-reasoning-t1.0",
  "game_id": 1,
  "proposals": [
    {
      "items": [
        "A08",
        "A16",
        "A27",
        "A30",
        "A66",
        "A89",
        "B00",
        "B10",
        "B12",
        "B45",
        "B46",
        "B67",
        "B94",
        "C15",
        "C35"
      ],
      "weight": 4818,
      "utility_player1": 10591,
      "utility_player2": 10591,
      "normalized_u1": 72.13103589184772,
      "normalized_u2": 72.13103589184772,
      "harmonic_mean": 72.13103589184772,
      "normalized_harmonic_mean": 72.13103589184772,
      "pareto_optimum": null,
      "by": "Player 1",
      "turn": 1
    },
    {
      "items": [
        "A08",
        "A16",
        "A27",
        "A30",
        "A66",
        "A89",
        "B00",
        "B10",
        "B12",
        "B45",
        "B46",
        "B67",
        "B94",
        "C15",
        "C35"
      ],
      "weight": 4818,
      "utility_player1": 10591,
      "utility_player2": 10591,
      "normalized_u1": 72.13103589184772,
      "normalized_u2": 72.13103589184772,
      "harmonic_mean": 72.13103589184772,
      "normalized_harmonic_mean": 72.13103589184772,
      "pareto_optimum": null,
      "by": "Player 2",
      "turn": 1
    },
    {
      "items": [
        "A08",
        "A16",
        "A27",
        "A30",
        "A66",
        "A89",
        "B00",
        "B10",
        "B12",
        "B45",
        "B46",
        "B67",
        "B94",
        "C15",
        "C35"
      ],
      "weight": 4818,
      "utility_player1": 10591,
      "utility_player2": 10591,
      "normalized_u1": 72.13103589184772,
      "normalized_u2": 72.13103589184772,
      "harmonic_mean": 72.13103589184772,
      "normalized_harmonic_mean": 72.13103589184772,
      "pareto_optimum": null,
      "by": "Player 1",
      "turn": 2
    }
  ],
  "agreement": {
    "items": [
      "A08",
      "A16",
      "A27",
      "A30",
      "A66",
      "A89",
      "B00",
      "B10",
      "B12",
      "B45",
      "B46",
      "B67",
      "B94",
      "C15",
      "C35"
    ],
    "weight": 4818,
    "utility_player1": 10591,
    "utility_player2": 10591,
    "normalized_u1": 72.13103589184772,
    "normalized_u2": 72.13103589184772,
    "harmonic_mean": 72.13103589184772,
    "normalized_harmonic_mean": 72.13103589184772,
    "pareto_optimum": null,
    "by": "Player 2",
    "turn": 2
  },
  "max_weight": 8170,
  "scores": {
    "player1_score": 10591,
    "player2_score": 10591,
    "normalized_u1": 72.13103589184772,
    "normalized_u2": 72.13103589184772,
    "harmonic_mean": 72.13103589184772,
    "normalized_harmonic_mean": 72.13103589184772,
    "episode_score": 50.0,
    "pareto_optimum": null
  },
  "max_u1": 14683,
  "max_u2": 14683,
  "max_harmonic": 1,
  "player1_optimum": {
    "items": [
      "A05",
      "A08",
      "A16",
      "A27",
      "A30",
      "A58",
      "A66",
      "A84",
      "A89",
      "B00",
      "B09",
      "B10",
      "B12",
      "B45",
      "B46",
      "B60",
      "B67",
      "B94",
      "C12",
      "C15",
      "C81",
      "C92"
    ],
    "utility_player1": 14683,
    "utility_player2": 14683,
    "pareto_optimum": null
  },
  "player2_optimum": {
    "items": [
      "A05",
      "A08",
      "A16",
      "A27",
      "A30",
      "A58",
      "A66",
      "A84",
      "A89",
      "B00",
      "B09",
      "B10",
      "B12",
      "B45",
      "B46",
      "B60",
      "B67",
      "B94",
      "C12",
      "C15",
      "C81",
      "C92"
    ],
    "utility_player1": 14683,
    "utility_player2": 14683,
    "pareto_optimum": null
  },
  "global_optimum": null
}