{
  "results_folder": "nemotron-nano-9b-v2-t1.0",
  "game_id": 5,
  "proposals": [
    {
      "items": [
        "A08",
        "A16",
        "A27",
        "A30",
        "A58",
        "A66",
        "B00",
        "B09",
        "B10",
        "B12",
        "B46",
        "B60",
        "B67",
        "B85",
        "C06",
        "C15",
        "C24",
        "C34",
        "C70",
        "C81"
      ],
      "weight": 9409,
      "utility_player1": 13314,
      "utility_player2": 13314,
      "normalized_u1": 90.71954210956665,
      "normalized_u2": 90.71954210956665,
      "harmonic_mean": 90.71954210956665,
      "normalized_harmonic_mean": 90.71954210956665,
      "pareto_optimum": null,
      "by": "Player 1",
      "turn": 1
    },
    {
      "items": [
        "A08",
        "A16",
        "A27",
        "A30",
        "A58",
        "A66",
        "B00",
        "B09",
        "B10",
        "B12",
        "B46",
        "B60",
        "B67",
        "B85",
        "C06",
        "C15",
        "C24",
        "C34",
        "C70",
        "C81"
      ],
      "weight": 9409,
      "utility_player1": 13314,
      "utility_player2": 13314,
      "normalized_u1": 90.71954210956665,
      "normalized_u2": 90.71954210956665,
      "harmonic_mean": 90.71954210956665,
      "normalized_harmonic_mean": 90.71954210956665,
      "pareto_optimum": null,
      "by": "Player 1",
      "turn": 2
    },
    {
      "items": [
        "A08",
        "A16",
        "A27",
        "A30",
        "A58",
        "A66",
        "B00",
        "B09",
        "B10",
        "B12",
        "B46",
        "B60",
        "B67",
        "B85",
        "C06",
        "C15",
        "C24",
        "C34",
        "C70",
        "C81"
      ],
      "weight": 9409,
      "utility_player1": 13314,
      "utility_player2": 13314,
      "normalized_u1": 90.71954210956665,
      "normalized_u2": 90.71954210956665,
      "harmonic_mean": 90.71954210956665,
      "normalized_harmonic_mean": 90.71954210956665,
      "pareto_optimum": null,
      "by": "Player 1",
      "turn": 3
    }
  ],
  "agreement": null,
  "max_weight": 9475,
  "scores": {},
  "max_u1": 14676,
  "max_u2": 14676,
  "max_harmonic": 1,
  "player1_optimum": {
    "items": [
      "A05",
      "A08",
      "A16",
      "A27",
      "A30",
      "A66",
      "B00",
      "B09",
      "B12",
      "B45",
      "B46",
      "B60",
      "B67",
      "B85",
      "B94",
      "C12",
      "C15",
      "C34",
      "C35",
      "C70",
      "C81"
    ],
    "utility_player1": 14676,
    "utility_player2": 14676,
    "pareto_optimum": null
  },
  "player2_optimum": {
    "items": [
      "A05",
      "A08",
      "A16",
      "A27",
      "A30",
      "A66",
      "B00",
      "B09",
      "B12",
      "B45",
      "B46",
      "B60",
      "B67",
      "B85",
      "B94",
      "C12",
      "C15",
      "C34",
      "C35",
      "C70",
      "C81"
    ],
    "utility_player1": 14676,
    "utility_player2": 14676,
    "pareto_optimum": null
  },
  "global_optimum": null
}