{
  "results_folder": "nemotron-nano-9b-v2-t1.0",
  "game_id": 5,
  "proposals": [
    {
      "items": [
        "A40",
        "A77",
        "A91",
        "A95",
        "B11",
        "B38",
        "B51",
        "B54",
        "B55",
        "B56",
        "B59",
        "B75",
        "B96",
        "C03",
        "C05",
        "C14",
        "C16",
        "C24",
        "C31",
        "C51",
        "C52",
        "C54"
      ],
      "weight": 9354,
      "utility_player1": 12707,
      "utility_player2": 12707,
      "normalized_u1": 86.58353774870537,
      "normalized_u2": 86.58353774870537,
      "harmonic_mean": 86.58353774870537,
      "normalized_harmonic_mean": 86.58353774870537,
      "pareto_optimum": null,
      "by": "Player 1",
      "turn": 1
    },
    {
      "items": [
        "A40",
        "A77",
        "A91",
        "A95",
        "B11",
        "B38",
        "B51",
        "B54",
        "B55",
        "B56",
        "B59",
        "B75",
        "B96",
        "C03",
        "C05",
        "C14",
        "C16",
        "C24",
        "C31",
        "C51",
        "C52",
        "C54"
      ],
      "weight": 9354,
      "utility_player1": 12707,
      "utility_player2": 12707,
      "normalized_u1": 86.58353774870537,
      "normalized_u2": 86.58353774870537,
      "harmonic_mean": 86.58353774870537,
      "normalized_harmonic_mean": 86.58353774870537,
      "pareto_optimum": null,
      "by": "Player 1",
      "turn": 2
    },
    {
      "items": [
        "A40",
        "A77",
        "A91",
        "A95",
        "B11",
        "B38",
        "B51",
        "B54",
        "B55",
        "B56",
        "B59",
        "B75",
        "B96",
        "C03",
        "C05",
        "C14",
        "C16",
        "C24",
        "C31",
        "C51",
        "C52",
        "C54"
      ],
      "weight": 9354,
      "utility_player1": 12707,
      "utility_player2": 12707,
      "normalized_u1": 86.58353774870537,
      "normalized_u2": 86.58353774870537,
      "harmonic_mean": 86.58353774870537,
      "normalized_harmonic_mean": 86.58353774870537,
      "pareto_optimum": null,
      "by": "Player 1",
      "turn": 3
    }
  ],
  "refusals": [],
  "agreement": null,
  "max_weight": 9475,
  "scores": {
    "pareto_adherence_rate": null,
    "alternation_rate": 0.0,
    "avg_normalized_substitutions": 0.0
  },
  "max_u1": 14676,
  "max_u2": 14676,
  "max_harmonic": 1,
  "nb_proposals": 3,
  "normalized_substitutions_per_proposal": [
    0.0,
    0.0
  ],
  "player1_optimum": {
    "items": [
      "A40",
      "A77",
      "A95",
      "B11",
      "B24",
      "B38",
      "B54",
      "B56",
      "B59",
      "B60",
      "B86",
      "B96",
      "C03",
      "C05",
      "C14",
      "C16",
      "C24",
      "C28",
      "C31",
      "C50",
      "C52"
    ],
    "utility_player1": 14676,
    "utility_player2": 14676,
    "pareto_optimum": null
  },
  "player2_optimum": {
    "items": [
      "A40",
      "A77",
      "A95",
      "B11",
      "B24",
      "B38",
      "B54",
      "B56",
      "B59",
      "B60",
      "B86",
      "B96",
      "C03",
      "C05",
      "C14",
      "C16",
      "C24",
      "C28",
      "C31",
      "C50",
      "C52"
    ],
    "utility_player1": 14676,
    "utility_player2": 14676,
    "pareto_optimum": null
  }
}