{
  "results_folder": "gpt-5-mini-2025-08-07-t1.0",
  "game_id": 0,
  "proposals": [
    {
      "items": [
        "A40",
        "A77",
        "A81",
        "A91",
        "A95",
        "B11",
        "B24",
        "B38",
        "B54",
        "B56",
        "B59",
        "B60",
        "B75",
        "B79",
        "B86",
        "B96",
        "C05",
        "C14",
        "C16",
        "C28",
        "C31",
        "C50"
      ],
      "weight": 7536,
      "utility_player1": 14527,
      "utility_player2": 14527,
      "normalized_u1": 99.52726774458756,
      "normalized_u2": 99.52726774458756,
      "harmonic_mean": 99.52726774458756,
      "normalized_harmonic_mean": 99.52726774458756,
      "pareto_optimum": null,
      "by": "Player 1",
      "turn": 1
    }
  ],
  "refusals": [],
  "agreement": {
    "items": [
      "A40",
      "A77",
      "A81",
      "A91",
      "A95",
      "B11",
      "B24",
      "B38",
      "B54",
      "B56",
      "B59",
      "B60",
      "B75",
      "B79",
      "B86",
      "B96",
      "C05",
      "C14",
      "C16",
      "C28",
      "C31",
      "C50"
    ],
    "weight": 7536,
    "utility_player1": 14527,
    "utility_player2": 14527,
    "normalized_u1": 99.52726774458756,
    "normalized_u2": 99.52726774458756,
    "harmonic_mean": 99.52726774458756,
    "normalized_harmonic_mean": 99.52726774458756,
    "pareto_optimum": null,
    "by": "Player 2",
    "turn": 1
  },
  "max_weight": 7605,
  "scores": {
    "player1_score": 14527,
    "player2_score": 14527,
    "normalized_u1": 99.52726774458756,
    "normalized_u2": 99.52726774458756,
    "harmonic_mean": 99.52726774458756,
    "normalized_harmonic_mean": 99.52726774458756,
    "episode_score": 100.0,
    "pareto_optimum": null,
    "pareto_adherence_rate": null
  },
  "max_u1": 14596,
  "max_u2": 14596,
  "max_harmonic": 1,
  "nb_proposals": 1,
  "player1_optimum": {
    "items": [
      "A40",
      "A81",
      "A91",
      "A95",
      "B11",
      "B24",
      "B38",
      "B54",
      "B56",
      "B59",
      "B60",
      "B79",
      "B86",
      "B96",
      "C05",
      "C14",
      "C16",
      "C24",
      "C28",
      "C31",
      "C50",
      "C61"
    ],
    "utility_player1": 14596,
    "utility_player2": 14596,
    "pareto_optimum": null
  },
  "player2_optimum": {
    "items": [
      "A40",
      "A81",
      "A91",
      "A95",
      "B11",
      "B24",
      "B38",
      "B54",
      "B56",
      "B59",
      "B60",
      "B79",
      "B86",
      "B96",
      "C05",
      "C14",
      "C16",
      "C24",
      "C28",
      "C31",
      "C50",
      "C61"
    ],
    "utility_player1": 14596,
    "utility_player2": 14596,
    "pareto_optimum": null
  },
  "global_optimum": null
}