{
  "results_folder": "claude-sonnet-4-20250514-t0.0",
  "game_id": 5,
  "proposals": [
    {
      "items": [
        "A15",
        "A30",
        "B11",
        "B26",
        "B91",
        "C24",
        "C47"
      ],
      "weight": 3596,
      "utility_player1": 5033,
      "utility_player2": 5033,
      "normalized_u1": 88.28275741098052,
      "normalized_u2": 88.28275741098052,
      "harmonic_mean": 88.28275741098052,
      "normalized_harmonic_mean": 88.28275741098052,
      "pareto_optimum": null,
      "by": "Player 1",
      "turn": 1
    },
    {
      "items": [
        "A15",
        "A30",
        "A56",
        "B11",
        "B26",
        "B91",
        "C47"
      ],
      "weight": 4463,
      "utility_player1": 5312,
      "utility_player2": 5312,
      "normalized_u1": 93.17663567795124,
      "normalized_u2": 93.17663567795124,
      "harmonic_mean": 93.17663567795125,
      "normalized_harmonic_mean": 93.17663567795124,
      "pareto_optimum": null,
      "by": "Player 2",
      "turn": 1
    }
  ],
  "agreement": {
    "items": [
      "A15",
      "A30",
      "A56",
      "B11",
      "B26",
      "B91",
      "C47"
    ],
    "weight": 4463,
    "utility_player1": 5312,
    "utility_player2": 5312,
    "normalized_u1": 93.17663567795124,
    "normalized_u2": 93.17663567795124,
    "harmonic_mean": 93.17663567795125,
    "normalized_harmonic_mean": 93.17663567795124,
    "pareto_optimum": null,
    "by": "Player 1",
    "turn": 2
  },
  "max_weight": 4915,
  "scores": {
    "player1_score": 5312,
    "player2_score": 5312,
    "normalized_u1": 93.17663567795124,
    "normalized_u2": 93.17663567795124,
    "harmonic_mean": 93.17663567795125,
    "normalized_harmonic_mean": 93.17663567795124,
    "episode_score": 50.0,
    "pareto_optimum": null
  },
  "max_u1": 5701,
  "max_u2": 5701,
  "max_harmonic": 1,
  "player1_optimum": {
    "items": [
      "A15",
      "A30",
      "A56",
      "B11",
      "B26",
      "B91",
      "C24",
      "C47"
    ],
    "utility_player1": 5701,
    "utility_player2": 5701,
    "pareto_optimum": null
  },
  "player2_optimum": {
    "items": [
      "A15",
      "A30",
      "A56",
      "B11",
      "B26",
      "B91",
      "C24",
      "C47"
    ],
    "utility_player1": 5701,
    "utility_player2": 5701,
    "pareto_optimum": null
  },
  "global_optimum": null
}