{
  "results_folder": "claude-sonnet-4-20250514-t0.0",
  "game_id": 4,
  "proposals": [
    {
      "items": [
        "A15",
        "A30",
        "A56",
        "A75",
        "B11",
        "B26",
        "B91",
        "C26",
        "C47"
      ],
      "weight": 3234,
      "utility_player1": 6035,
      "utility_player2": 6035,
      "normalized_u1": 98.9344262295082,
      "normalized_u2": 98.9344262295082,
      "harmonic_mean": 98.9344262295082,
      "normalized_harmonic_mean": 98.9344262295082,
      "pareto_optimum": null,
      "by": "Player 1",
      "turn": 1
    }
  ],
  "agreement": {
    "items": [
      "A15",
      "A30",
      "A56",
      "A75",
      "B11",
      "B26",
      "B91",
      "C26",
      "C47"
    ],
    "weight": 3234,
    "utility_player1": 6035,
    "utility_player2": 6035,
    "normalized_u1": 98.9344262295082,
    "normalized_u2": 98.9344262295082,
    "harmonic_mean": 98.9344262295082,
    "normalized_harmonic_mean": 98.9344262295082,
    "pareto_optimum": null,
    "by": "Player 2",
    "turn": 1
  },
  "max_weight": 3389,
  "scores": {
    "player1_score": 6035,
    "player2_score": 6035,
    "normalized_u1": 98.9344262295082,
    "normalized_u2": 98.9344262295082,
    "harmonic_mean": 98.9344262295082,
    "normalized_harmonic_mean": 98.9344262295082,
    "episode_score": 100.0,
    "pareto_optimum": null
  },
  "max_u1": 6100,
  "max_u2": 6100,
  "max_harmonic": 1,
  "player1_optimum": {
    "items": [
      "A15",
      "A30",
      "A56",
      "A75",
      "B11",
      "B26",
      "B91",
      "C26",
      "C47",
      "C75"
    ],
    "utility_player1": 6100,
    "utility_player2": 6100,
    "pareto_optimum": null
  },
  "player2_optimum": {
    "items": [
      "A15",
      "A30",
      "A56",
      "A75",
      "B11",
      "B26",
      "B91",
      "C26",
      "C47",
      "C75"
    ],
    "utility_player1": 6100,
    "utility_player2": 6100,
    "pareto_optimum": null
  },
  "global_optimum": null
}