{
  "results_folder": "claude-sonnet-4-20250514-t1.0",
  "game_id": 3,
  "proposals": [
    {
      "items": [
        "A40",
        "A52",
        "A77",
        "A81",
        "A91",
        "B38",
        "B54",
        "B55",
        "B59",
        "B60",
        "B79",
        "B86",
        "B96",
        "C05",
        "C14",
        "C16",
        "C28",
        "C31",
        "C50",
        "C52"
      ],
      "weight": 6442,
      "utility_player1": 13113,
      "utility_player2": 13113,
      "normalized_u1": 85.66668844319592,
      "normalized_u2": 85.66668844319592,
      "harmonic_mean": 85.66668844319592,
      "normalized_harmonic_mean": 85.66668844319592,
      "pareto_optimum": null,
      "by": "Player 1",
      "turn": 1
    },
    {
      "items": [
        "A40",
        "A77",
        "A81",
        "B38",
        "B54",
        "B56",
        "B59",
        "B79",
        "B86",
        "C05",
        "C16",
        "C28",
        "C31",
        "C50",
        "C52"
      ],
      "weight": 6143,
      "utility_player1": 11314,
      "utility_player2": 11314,
      "normalized_u1": 73.91389560331875,
      "normalized_u2": 73.91389560331875,
      "harmonic_mean": 73.91389560331875,
      "normalized_harmonic_mean": 73.91389560331875,
      "pareto_optimum": null,
      "by": "Player 2",
      "turn": 1
    },
    {
      "items": [
        "A40",
        "A77",
        "A81",
        "A91",
        "A95",
        "B38",
        "B54",
        "B56",
        "B59",
        "B60",
        "B79",
        "B86",
        "B96",
        "C03",
        "C05",
        "C14",
        "C16",
        "C28",
        "C31",
        "C50",
        "C52"
      ],
      "weight": 8438,
      "utility_player1": 14799,
      "utility_player2": 14799,
      "normalized_u1": 96.6812569412687,
      "normalized_u2": 96.6812569412687,
      "harmonic_mean": 96.6812569412687,
      "normalized_harmonic_mean": 96.6812569412687,
      "pareto_optimum": null,
      "by": "Player 1",
      "turn": 2
    },
    {
      "items": [
        "A40",
        "A52",
        "A77",
        "A81",
        "A91",
        "A95",
        "B38",
        "B54",
        "B56",
        "B59",
        "B60",
        "B79",
        "B86",
        "B96",
        "C03",
        "C05",
        "C14",
        "C16",
        "C28",
        "C31",
        "C50",
        "C52"
      ],
      "weight": 8602,
      "utility_player1": 15014,
      "utility_player2": 15014,
      "normalized_u1": 98.08584307833017,
      "normalized_u2": 98.08584307833017,
      "harmonic_mean": 98.08584307833016,
      "normalized_harmonic_mean": 98.08584307833017,
      "pareto_optimum": null,
      "by": "Player 2",
      "turn": 2
    }
  ],
  "refusals": [
    {
      "items": [
        "A40",
        "A52",
        "A77",
        "A81",
        "A91",
        "B38",
        "B54",
        "B55",
        "B59",
        "B60",
        "B79",
        "B86",
        "B96",
        "C05",
        "C14",
        "C16",
        "C28",
        "C31",
        "C50",
        "C52"
      ],
      "weight": 6442,
      "utility_player1": 13113,
      "utility_player2": 13113,
      "normalized_u1": 85.66668844319592,
      "normalized_u2": 85.66668844319592,
      "harmonic_mean": 85.66668844319592,
      "normalized_harmonic_mean": 85.66668844319592,
      "pareto_optimum": null,
      "by": "Player 2",
      "turn": 1
    }
  ],
  "agreement": {
    "items": [
      "A40",
      "A52",
      "A77",
      "A81",
      "A91",
      "A95",
      "B38",
      "B54",
      "B56",
      "B59",
      "B60",
      "B79",
      "B86",
      "B96",
      "C03",
      "C05",
      "C14",
      "C16",
      "C28",
      "C31",
      "C50",
      "C52"
    ],
    "weight": 8602,
    "utility_player1": 15014,
    "utility_player2": 15014,
    "normalized_u1": 98.08584307833017,
    "normalized_u2": 98.08584307833017,
    "harmonic_mean": 98.08584307833016,
    "normalized_harmonic_mean": 98.08584307833017,
    "pareto_optimum": null,
    "by": "Player 1",
    "turn": 3
  },
  "max_weight": 8770,
  "scores": {
    "player1_score": 15014,
    "player2_score": 15014,
    "normalized_u1": 98.08584307833017,
    "normalized_u2": 98.08584307833017,
    "harmonic_mean": 98.08584307833016,
    "normalized_harmonic_mean": 98.08584307833017,
    "episode_score": 33.333333333333336,
    "pareto_optimum": null,
    "pareto_adherence_rate": null
  },
  "max_u1": 15307,
  "max_u2": 15307,
  "max_harmonic": 1,
  "nb_proposals": 4,
  "player1_optimum": {
    "items": [
      "A40",
      "A77",
      "A81",
      "A91",
      "A95",
      "B38",
      "B54",
      "B55",
      "B56",
      "B59",
      "B60",
      "B79",
      "B86",
      "B96",
      "C03",
      "C05",
      "C14",
      "C16",
      "C28",
      "C31",
      "C50",
      "C52"
    ],
    "utility_player1": 15307,
    "utility_player2": 15307,
    "pareto_optimum": null
  },
  "player2_optimum": {
    "items": [
      "A40",
      "A77",
      "A81",
      "A91",
      "A95",
      "B38",
      "B54",
      "B55",
      "B56",
      "B59",
      "B60",
      "B79",
      "B86",
      "B96",
      "C03",
      "C05",
      "C14",
      "C16",
      "C28",
      "C31",
      "C50",
      "C52"
    ],
    "utility_player1": 15307,
    "utility_player2": 15307,
    "pareto_optimum": null
  },
  "global_optimum": null
}