{
  "results_folder": "llama-3.3-70b-instruct-t1.0",
  "game_id": 1,
  "proposals": [
    {
      "items": [
        "A48",
        "A59",
        "A65",
        "A87",
        "C22",
        "C90"
      ],
      "weight": 4420,
      "utility_player1": 4996,
      "utility_player2": 4996,
      "normalized_u1": 47.81318786486745,
      "normalized_u2": 47.81318786486745,
      "harmonic_mean": 47.81318786486745,
      "normalized_harmonic_mean": 47.81318786486745,
      "pareto_optimum": null,
      "by": "Player 1",
      "turn": 1
    },
    {
      "items": [
        "A48",
        "A87",
        "B36",
        "C22",
        "C90"
      ],
      "weight": 3568,
      "utility_player1": 4048,
      "utility_player2": 4048,
      "normalized_u1": 38.74054933486458,
      "normalized_u2": 38.74054933486458,
      "harmonic_mean": 38.74054933486458,
      "normalized_harmonic_mean": 38.74054933486458,
      "pareto_optimum": null,
      "by": "Player 1",
      "turn": 2
    },
    {
      "items": [
        "A48",
        "A87",
        "B54",
        "C22",
        "C90"
      ],
      "weight": 3908,
      "utility_player1": 4388,
      "utility_player2": 4388,
      "normalized_u1": 41.994449229591346,
      "normalized_u2": 41.994449229591346,
      "harmonic_mean": 41.994449229591346,
      "normalized_harmonic_mean": 41.994449229591346,
      "pareto_optimum": null,
      "by": "Player 2",
      "turn": 2
    },
    {
      "items": [
        "A48",
        "A87",
        "B36",
        "C22",
        "C90"
      ],
      "weight": 3568,
      "utility_player1": 4048,
      "utility_player2": 4048,
      "normalized_u1": 38.74054933486458,
      "normalized_u2": 38.74054933486458,
      "harmonic_mean": 38.74054933486458,
      "normalized_harmonic_mean": 38.74054933486458,
      "pareto_optimum": null,
      "by": "Player 1",
      "turn": 3
    }
  ],
  "refusals": [
    {
      "items": [
        "A48",
        "A59",
        "A65",
        "A87",
        "C22",
        "C90"
      ],
      "weight": 4420,
      "utility_player1": 4996,
      "utility_player2": 4996,
      "normalized_u1": 47.81318786486745,
      "normalized_u2": 47.81318786486745,
      "harmonic_mean": 47.81318786486745,
      "normalized_harmonic_mean": 47.81318786486745,
      "pareto_optimum": null,
      "by": "Player 2",
      "turn": 1
    }
  ],
  "agreement": {
    "items": [
      "A48",
      "A87",
      "B36",
      "C22",
      "C90"
    ],
    "weight": 3568,
    "utility_player1": 4048,
    "utility_player2": 4048,
    "normalized_u1": 38.74054933486458,
    "normalized_u2": 38.74054933486458,
    "harmonic_mean": 38.74054933486458,
    "normalized_harmonic_mean": 38.74054933486458,
    "pareto_optimum": null,
    "by": "Player 2",
    "turn": 3
  },
  "max_weight": 8145,
  "scores": {
    "player1_score": 4048,
    "player2_score": 4048,
    "normalized_u1": 38.74054933486458,
    "normalized_u2": 38.74054933486458,
    "harmonic_mean": 38.74054933486458,
    "normalized_harmonic_mean": 38.74054933486458,
    "episode_score": 33.333333333333336,
    "pareto_optimum": null,
    "pareto_adherence_rate": null,
    "alternation_rate": 0.6666666666666666
  },
  "max_u1": 10449,
  "max_u2": 10449,
  "max_harmonic": 1,
  "nb_proposals": 4,
  "player1_optimum": {
    "items": [
      "A23",
      "A34",
      "A42",
      "A50",
      "A62",
      "A65",
      "A69",
      "A84",
      "A90",
      "B07",
      "B27",
      "B36",
      "B49",
      "B85",
      "C12",
      "C13",
      "C23",
      "C33",
      "C51",
      "C60",
      "C61",
      "C72",
      "C77",
      "C90"
    ],
    "utility_player1": 10449,
    "utility_player2": 10449,
    "pareto_optimum": null
  },
  "player2_optimum": {
    "items": [
      "A23",
      "A34",
      "A42",
      "A50",
      "A62",
      "A65",
      "A69",
      "A84",
      "A90",
      "B07",
      "B27",
      "B36",
      "B49",
      "B85",
      "C12",
      "C13",
      "C23",
      "C33",
      "C51",
      "C60",
      "C61",
      "C72",
      "C77",
      "C90"
    ],
    "utility_player1": 10449,
    "utility_player2": 10449,
    "pareto_optimum": null
  },
  "global_optimum": null
}