{
  "results_folder": "nemotron-nano-9b-v2-t1.0",
  "game_id": 4,
  "proposals": [
    {
      "items": [
        "A03",
        "B38",
        "C00",
        "C32",
        "C56",
        "C81",
        "C98"
      ],
      "weight": 2896,
      "utility_player1": 4692,
      "utility_player2": 2540,
      "normalized_u1": 85.03080826386372,
      "normalized_u2": 37.54619364375462,
      "harmonic_mean": 52.091063463375086,
      "normalized_harmonic_mean": 56.16635737405192,
      "pareto_optimum": false,
      "by": "Player 1",
      "turn": 1
    },
    {
      "items": [
        "C08",
        "C76",
        "C98"
      ],
      "weight": 499,
      "utility_player1": 521,
      "utility_player2": 2413,
      "normalized_u1": 9.441826748822036,
      "normalized_u2": 35.66888396156689,
      "harmonic_mean": 14.931239937720235,
      "normalized_harmonic_mean": 16.09937103644178,
      "pareto_optimum": false,
      "by": "Player 2",
      "turn": 3
    }
  ],
  "refusals": [
    {
      "items": [
        "A03",
        "B38",
        "C00",
        "C32",
        "C56",
        "C81",
        "C98"
      ],
      "weight": 2896,
      "utility_player1": 4692,
      "utility_player2": 2540,
      "normalized_u1": 85.03080826386372,
      "normalized_u2": 37.54619364375462,
      "harmonic_mean": 52.091063463375086,
      "normalized_harmonic_mean": 56.16635737405192,
      "pareto_optimum": false,
      "by": "Player 2",
      "turn": 3
    }
  ],
  "agreement": {
    "items": [
      "C08",
      "C76",
      "C98"
    ],
    "weight": 499,
    "utility_player1": 521,
    "utility_player2": 2413,
    "normalized_u1": 9.441826748822036,
    "normalized_u2": 35.66888396156689,
    "harmonic_mean": 14.931239937720235,
    "normalized_harmonic_mean": 16.09937103644178,
    "pareto_optimum": false,
    "by": "Player 2",
    "turn": 4
  },
  "max_weight": 2984,
  "scores": {
    "player1_score": 521,
    "player2_score": 2413,
    "normalized_u1": 9.441826748822036,
    "normalized_u2": 35.66888396156689,
    "harmonic_mean": 14.931239937720235,
    "normalized_harmonic_mean": 16.09937103644178,
    "episode_score": 25.0,
    "pareto_optimum": false,
    "pareto_adherence_rate": 0.0,
    "alternation_rate": 1.0
  },
  "max_u1": 5518,
  "max_u2": 6765,
  "max_harmonic": 92.74424388333297,
  "nb_proposals": 2,
  "player1_optimum": {
    "items": [
      "A07",
      "B38",
      "C00",
      "C08",
      "C10",
      "C38",
      "C56",
      "C62",
      "C81",
      "C98"
    ],
    "utility_player1": 5518,
    "utility_player2": 5025,
    "pareto_optimum": true
  },
  "player2_optimum": {
    "items": [
      "A83",
      "B38",
      "C03",
      "C08",
      "C10",
      "C38",
      "C62",
      "C76",
      "C81",
      "C98"
    ],
    "utility_player1": 3679,
    "utility_player2": 6765,
    "pareto_optimum": true
  },
  "global_optimum": {
    "items": [
      "A07",
      "A83",
      "B38",
      "C00",
      "C08",
      "C10",
      "C38",
      "C62",
      "C76",
      "C81",
      "C98"
    ],
    "utility_player1": 4853,
    "utility_player2": 6636,
    "harmonic_mean": 92.74424388333297,
    "pareto_optimum": true
  }
}