{
  "results_folder": "nemotron-nano-9b-v2-t1.0",
  "game_id": 0,
  "proposals": [
    {
      "items": [
        "A46",
        "A75",
        "A94",
        "A96",
        "A97",
        "B16",
        "B43",
        "B64",
        "B81",
        "B95",
        "C60",
        "C79",
        "C83"
      ],
      "weight": 10073,
      "utility_player1": 11360,
      "utility_player2": 11360,
      "normalized_u1": 91.98380566801619,
      "normalized_u2": 91.98380566801619,
      "harmonic_mean": 91.98380566801619,
      "normalized_harmonic_mean": 91.98380566801619,
      "pareto_optimum": null,
      "by": "Player 1",
      "turn": 1
    },
    {
      "items": [
        "A46",
        "A75",
        "A94",
        "A96",
        "A97",
        "B16",
        "B43",
        "B64",
        "B95",
        "C60",
        "C79",
        "C83"
      ],
      "weight": 9090,
      "utility_player1": 10278,
      "utility_player2": 10278,
      "normalized_u1": 83.22267206477733,
      "normalized_u2": 83.22267206477733,
      "harmonic_mean": 83.22267206477733,
      "normalized_harmonic_mean": 83.22267206477733,
      "pareto_optimum": null,
      "by": "Player 1",
      "turn": 2
    },
    {
      "items": [
        "A46",
        "A75",
        "A94",
        "A96",
        "A97",
        "B16",
        "B43",
        "B64",
        "B95",
        "C60",
        "C79",
        "C83"
      ],
      "weight": 9090,
      "utility_player1": 10278,
      "utility_player2": 10278,
      "normalized_u1": 83.22267206477733,
      "normalized_u2": 83.22267206477733,
      "harmonic_mean": 83.22267206477733,
      "normalized_harmonic_mean": 83.22267206477733,
      "pareto_optimum": null,
      "by": "Player 1",
      "turn": 3
    }
  ],
  "agreement": null,
  "max_weight": 10073,
  "scores": {},
  "max_u1": 12350,
  "max_u2": 12350,
  "max_harmonic": 1,
  "player1_optimum": {
    "items": [
      "A08",
      "A25",
      "A28",
      "A39",
      "A65",
      "A71",
      "A75",
      "A87",
      "A97",
      "B16",
      "B19",
      "B23",
      "B34",
      "B37",
      "B69",
      "B96",
      "C17",
      "C51",
      "C53",
      "C72",
      "C79",
      "C82",
      "C84"
    ],
    "utility_player1": 12350,
    "utility_player2": 12350,
    "pareto_optimum": null
  },
  "player2_optimum": {
    "items": [
      "A08",
      "A25",
      "A28",
      "A39",
      "A65",
      "A71",
      "A75",
      "A87",
      "A97",
      "B16",
      "B19",
      "B23",
      "B34",
      "B37",
      "B69",
      "B96",
      "C17",
      "C51",
      "C53",
      "C72",
      "C79",
      "C82",
      "C84"
    ],
    "utility_player1": 12350,
    "utility_player2": 12350,
    "pareto_optimum": null
  },
  "global_optimum": null
}