{
  "results_folder": "nemotron-nano-9b-v2-no-reasoning-t1.0",
  "game_id": 3,
  "proposals": [
    {
      "items": [
        "A65",
        "B54",
        "C72",
        "C98"
      ],
      "weight": 3542,
      "utility_player1": 3938,
      "utility_player2": 3938,
      "normalized_u1": 41.05932645188197,
      "normalized_u2": 41.05932645188197,
      "harmonic_mean": 41.05932645188197,
      "normalized_harmonic_mean": 41.05932645188197,
      "pareto_optimum": null,
      "by": "Player 1",
      "turn": 1
    },
    {
      "items": [
        "A65",
        "A87",
        "B54",
        "C72",
        "C98"
      ],
      "weight": 4292,
      "utility_player1": 4787,
      "utility_player2": 4787,
      "normalized_u1": 49.91137524762799,
      "normalized_u2": 49.91137524762799,
      "harmonic_mean": 49.91137524762799,
      "normalized_harmonic_mean": 49.91137524762799,
      "pareto_optimum": null,
      "by": "Player 2",
      "turn": 1
    }
  ],
  "refusals": [],
  "agreement": {
    "items": [
      "A65",
      "A87",
      "B54",
      "C72",
      "C98"
    ],
    "weight": 4292,
    "utility_player1": 4787,
    "utility_player2": 4787,
    "normalized_u1": 49.91137524762799,
    "normalized_u2": 49.91137524762799,
    "harmonic_mean": 49.91137524762799,
    "normalized_harmonic_mean": 49.91137524762799,
    "pareto_optimum": null,
    "by": "Player 1",
    "turn": 2
  },
  "max_weight": 6938,
  "scores": {
    "player1_score": 4787,
    "player2_score": 4787,
    "normalized_u1": 49.91137524762799,
    "normalized_u2": 49.91137524762799,
    "harmonic_mean": 49.91137524762799,
    "normalized_harmonic_mean": 49.91137524762799,
    "episode_score": 50.0,
    "pareto_optimum": null,
    "pareto_adherence_rate": null,
    "alternation_rate": 1.0
  },
  "max_u1": 9591,
  "max_u2": 9591,
  "max_harmonic": 1,
  "nb_proposals": 2,
  "player1_optimum": {
    "items": [
      "A23",
      "A34",
      "A42",
      "A48",
      "A50",
      "A59",
      "A62",
      "A69",
      "A84",
      "A90",
      "A99",
      "B07",
      "B17",
      "B27",
      "B44",
      "B49",
      "B85",
      "C12",
      "C22",
      "C23",
      "C33",
      "C51",
      "C60",
      "C61",
      "C77",
      "C98",
      "C99"
    ],
    "utility_player1": 9591,
    "utility_player2": 9591,
    "pareto_optimum": null
  },
  "player2_optimum": {
    "items": [
      "A23",
      "A34",
      "A42",
      "A48",
      "A50",
      "A59",
      "A62",
      "A69",
      "A84",
      "A90",
      "A99",
      "B07",
      "B17",
      "B27",
      "B44",
      "B49",
      "B85",
      "C12",
      "C22",
      "C23",
      "C33",
      "C51",
      "C60",
      "C61",
      "C77",
      "C98",
      "C99"
    ],
    "utility_player1": 9591,
    "utility_player2": 9591,
    "pareto_optimum": null
  },
  "global_optimum": null
}