{
  "results_folder": "llama-3.3-70b-instruct-t1.0",
  "game_id": 2,
  "proposals": [
    {
      "items": [
        "A40",
        "B38",
        "B54",
        "B56",
        "B59",
        "C05",
        "C28",
        "C50"
      ],
      "weight": 2696,
      "utility_player1": 6549,
      "utility_player2": 6549,
      "normalized_u1": 47.788966725043785,
      "normalized_u2": 47.788966725043785,
      "harmonic_mean": 47.78896672504379,
      "normalized_harmonic_mean": 47.788966725043785,
      "pareto_optimum": null,
      "by": "Player 1",
      "turn": 1
    },
    {
      "items": [
        "A40",
        "B11",
        "B56",
        "B59",
        "C05",
        "C28",
        "C50"
      ],
      "weight": 2886,
      "utility_player1": 5295,
      "utility_player2": 5295,
      "normalized_u1": 38.63835376532399,
      "normalized_u2": 38.63835376532399,
      "harmonic_mean": 38.63835376532399,
      "normalized_harmonic_mean": 38.63835376532399,
      "pareto_optimum": null,
      "by": "Player 1",
      "turn": 2
    },
    {
      "items": [
        "A40",
        "A81",
        "B11",
        "B56",
        "B59",
        "C28",
        "C50"
      ],
      "weight": 2960,
      "utility_player1": 5096,
      "utility_player2": 5096,
      "normalized_u1": 37.18622300058377,
      "normalized_u2": 37.18622300058377,
      "harmonic_mean": 37.18622300058377,
      "normalized_harmonic_mean": 37.18622300058377,
      "pareto_optimum": null,
      "by": "Player 2",
      "turn": 2
    },
    {
      "items": [
        "A40",
        "B11",
        "B38",
        "B56",
        "B59",
        "C28",
        "C50"
      ],
      "weight": 2502,
      "utility_player1": 5259,
      "utility_player2": 5259,
      "normalized_u1": 38.37565674255692,
      "normalized_u2": 38.37565674255692,
      "harmonic_mean": 38.37565674255692,
      "normalized_harmonic_mean": 38.37565674255692,
      "pareto_optimum": null,
      "by": "Player 1",
      "turn": 3
    }
  ],
  "refusals": [
    {
      "items": [
        "A40",
        "B38",
        "B54",
        "B56",
        "B59",
        "C05",
        "C28",
        "C50"
      ],
      "weight": 2696,
      "utility_player1": 6549,
      "utility_player2": 6549,
      "normalized_u1": 47.788966725043785,
      "normalized_u2": 47.788966725043785,
      "harmonic_mean": 47.78896672504379,
      "normalized_harmonic_mean": 47.788966725043785,
      "pareto_optimum": null,
      "by": "Player 2",
      "turn": 1
    },
    {
      "items": [
        "A40",
        "B11",
        "B56",
        "B59",
        "C05",
        "C28",
        "C50"
      ],
      "weight": 2886,
      "utility_player1": 5295,
      "utility_player2": 5295,
      "normalized_u1": 38.63835376532399,
      "normalized_u2": 38.63835376532399,
      "harmonic_mean": 38.63835376532399,
      "normalized_harmonic_mean": 38.63835376532399,
      "pareto_optimum": null,
      "by": "Player 2",
      "turn": 2
    }
  ],
  "agreement": {
    "items": [
      "A40",
      "B11",
      "B38",
      "B56",
      "B59",
      "C28",
      "C50"
    ],
    "weight": 2502,
    "utility_player1": 5259,
    "utility_player2": 5259,
    "normalized_u1": 38.37565674255692,
    "normalized_u2": 38.37565674255692,
    "harmonic_mean": 38.37565674255692,
    "normalized_harmonic_mean": 38.37565674255692,
    "pareto_optimum": null,
    "by": "Player 2",
    "turn": 3
  },
  "max_weight": 7868,
  "scores": {
    "player1_score": 5259,
    "player2_score": 5259,
    "normalized_u1": 38.37565674255692,
    "normalized_u2": 38.37565674255692,
    "harmonic_mean": 38.37565674255692,
    "normalized_harmonic_mean": 38.37565674255692,
    "episode_score": 33.333333333333336,
    "pareto_optimum": null,
    "pareto_adherence_rate": null,
    "alternation_rate": 0.6666666666666666
  },
  "max_u1": 13704,
  "max_u2": 13704,
  "max_harmonic": 1,
  "nb_proposals": 4,
  "player1_optimum": {
    "items": [
      "A40",
      "A81",
      "A91",
      "A93",
      "A95",
      "B11",
      "B38",
      "B54",
      "B55",
      "B56",
      "B59",
      "B75",
      "B79",
      "B96",
      "C03",
      "C05",
      "C24",
      "C28",
      "C31",
      "C50",
      "C52"
    ],
    "utility_player1": 13704,
    "utility_player2": 13704,
    "pareto_optimum": null
  },
  "player2_optimum": {
    "items": [
      "A40",
      "A81",
      "A91",
      "A93",
      "A95",
      "B11",
      "B38",
      "B54",
      "B55",
      "B56",
      "B59",
      "B75",
      "B79",
      "B96",
      "C03",
      "C05",
      "C24",
      "C28",
      "C31",
      "C50",
      "C52"
    ],
    "utility_player1": 13704,
    "utility_player2": 13704,
    "pareto_optimum": null
  },
  "global_optimum": null
}