{
  "results_folder": "nemotron-nano-9b-v2-t1.0",
  "game_id": 3,
  "proposals": [
    {
      "items": [
        "A08",
        "A16",
        "A27",
        "A30",
        "A58",
        "A66",
        "A89",
        "B09",
        "B10",
        "B12",
        "B46",
        "B60",
        "B67",
        "B85",
        "C15",
        "C24",
        "C34",
        "C70",
        "C81"
      ],
      "weight": 8735,
      "utility_player1": 13209,
      "utility_player2": 13209,
      "normalized_u1": 86.29385248579081,
      "normalized_u2": 86.29385248579081,
      "harmonic_mean": 86.29385248579081,
      "normalized_harmonic_mean": 86.29385248579081,
      "pareto_optimum": null,
      "by": "Player 1",
      "turn": 1
    },
    {
      "items": [
        "A08",
        "A16",
        "A27",
        "A30",
        "A58",
        "A66",
        "A89",
        "B09",
        "B10",
        "B12",
        "B46",
        "B60",
        "B67",
        "B85",
        "C15",
        "C24",
        "C34",
        "C70",
        "C81"
      ],
      "weight": 8735,
      "utility_player1": 13209,
      "utility_player2": 13209,
      "normalized_u1": 86.29385248579081,
      "normalized_u2": 86.29385248579081,
      "harmonic_mean": 86.29385248579081,
      "normalized_harmonic_mean": 86.29385248579081,
      "pareto_optimum": null,
      "by": "Player 1",
      "turn": 2
    },
    {
      "items": [
        "A08",
        "A16",
        "A27",
        "A30",
        "A58",
        "A66",
        "A89",
        "B09",
        "B10",
        "B12",
        "B46",
        "B60",
        "B67",
        "B85",
        "C15",
        "C24",
        "C34",
        "C70",
        "C81"
      ],
      "weight": 8735,
      "utility_player1": 13209,
      "utility_player2": 13209,
      "normalized_u1": 86.29385248579081,
      "normalized_u2": 86.29385248579081,
      "harmonic_mean": 86.29385248579081,
      "normalized_harmonic_mean": 86.29385248579081,
      "pareto_optimum": null,
      "by": "Player 1",
      "turn": 3
    }
  ],
  "refusals": [],
  "agreement": null,
  "max_weight": 8770,
  "scores": {
    "pareto_adherence_rate": null
  },
  "max_u1": 15307,
  "max_u2": 15307,
  "max_harmonic": 1,
  "nb_proposals": 3,
  "player1_optimum": {
    "items": [
      "A08",
      "A16",
      "A27",
      "A30",
      "A58",
      "A66",
      "A84",
      "A89",
      "B00",
      "B09",
      "B10",
      "B12",
      "B45",
      "B46",
      "B60",
      "B67",
      "B94",
      "C15",
      "C34",
      "C35",
      "C70",
      "C81"
    ],
    "utility_player1": 15307,
    "utility_player2": 15307,
    "pareto_optimum": null
  },
  "player2_optimum": {
    "items": [
      "A08",
      "A16",
      "A27",
      "A30",
      "A58",
      "A66",
      "A84",
      "A89",
      "B00",
      "B09",
      "B10",
      "B12",
      "B45",
      "B46",
      "B60",
      "B67",
      "B94",
      "C15",
      "C34",
      "C35",
      "C70",
      "C81"
    ],
    "utility_player1": 15307,
    "utility_player2": 15307,
    "pareto_optimum": null
  },
  "global_optimum": null
}