{
  "results_folder": "nemotron-nano-9b-v2-t1.0",
  "game_id": 3,
  "proposals": [
    {
      "items": [
        "A03",
        "A10",
        "A71",
        "A87",
        "B32",
        "B35",
        "B41",
        "C00",
        "C54"
      ],
      "weight": 3496,
      "utility_player1": 5579,
      "utility_player2": 3612,
      "normalized_u1": 91.50401836969002,
      "normalized_u2": 60.797845480558834,
      "harmonic_mean": 73.05553627578328,
      "normalized_harmonic_mean": 83.90478235386611,
      "pareto_optimum": false,
      "by": "Player 1",
      "turn": 1
    },
    {
      "items": [
        "A03",
        "A10",
        "A71",
        "A87",
        "B32",
        "B35",
        "B41",
        "C00",
        "C54"
      ],
      "weight": 3496,
      "utility_player1": 5579,
      "utility_player2": 3612,
      "normalized_u1": 91.50401836969002,
      "normalized_u2": 60.797845480558834,
      "harmonic_mean": 73.05553627578328,
      "normalized_harmonic_mean": 83.90478235386611,
      "pareto_optimum": false,
      "by": "Player 1",
      "turn": 2
    },
    {
      "items": [
        "A03",
        "A10",
        "A71",
        "A87",
        "B32",
        "B35",
        "B41",
        "C00",
        "C54"
      ],
      "weight": 3496,
      "utility_player1": 5579,
      "utility_player2": 3612,
      "normalized_u1": 91.50401836969002,
      "normalized_u2": 60.797845480558834,
      "harmonic_mean": 73.05553627578328,
      "normalized_harmonic_mean": 83.90478235386611,
      "pareto_optimum": false,
      "by": "Player 1",
      "turn": 3
    }
  ],
  "agreement": null,
  "max_weight": 3681,
  "scores": {},
  "max_u1": 6097,
  "max_u2": 5941,
  "max_harmonic": 87.06957365990601,
  "player1_optimum": {
    "items": [
      "A10",
      "A71",
      "A87",
      "B32",
      "B35",
      "B41",
      "C00",
      "C01",
      "C54"
    ],
    "utility_player1": 6097,
    "utility_player2": 3218,
    "pareto_optimum": true
  },
  "player2_optimum": {
    "items": [
      "A03",
      "A04",
      "A77",
      "A87",
      "B32",
      "B33",
      "C00",
      "C17",
      "C54"
    ],
    "utility_player1": 3250,
    "utility_player2": 5941,
    "pareto_optimum": true
  },
  "global_optimum": {
    "items": [
      "A03",
      "A04",
      "A71",
      "A87",
      "B32",
      "B33",
      "B41",
      "C00",
      "C01",
      "C54"
    ],
    "utility_player1": 5278,
    "utility_player2": 5203,
    "harmonic_mean": 87.06957365990601,
    "pareto_optimum": true
  }
}