{
  "results_folder": "nemotron-nano-9b-v2-t1.0",
  "game_id": 4,
  "proposals": [
    {
      "items": [
        "A23",
        "A34",
        "A42",
        "A59",
        "A69",
        "A74",
        "A90",
        "B17",
        "B36",
        "B49",
        "B54",
        "B85",
        "C12",
        "C22",
        "C23",
        "C33",
        "C51",
        "C61",
        "C77",
        "C90",
        "C98"
      ],
      "weight": 6734,
      "utility_player1": 8813,
      "utility_player2": 8813,
      "normalized_u1": 94.206306787814,
      "normalized_u2": 94.206306787814,
      "harmonic_mean": 94.206306787814,
      "normalized_harmonic_mean": 94.206306787814,
      "pareto_optimum": null,
      "by": "Player 1",
      "turn": 1
    },
    {
      "items": [
        "A23",
        "A34",
        "A42",
        "A59",
        "A69",
        "A74",
        "A90",
        "B17",
        "B36",
        "B49",
        "B54",
        "B85",
        "C12",
        "C22",
        "C23",
        "C33",
        "C51",
        "C61",
        "C77",
        "C90",
        "C98"
      ],
      "weight": 6734,
      "utility_player1": 8813,
      "utility_player2": 8813,
      "normalized_u1": 94.206306787814,
      "normalized_u2": 94.206306787814,
      "harmonic_mean": 94.206306787814,
      "normalized_harmonic_mean": 94.206306787814,
      "pareto_optimum": null,
      "by": "Player 1",
      "turn": 2
    },
    {
      "items": [
        "A23",
        "A34",
        "A42",
        "A59",
        "A69",
        "A74",
        "A90",
        "B17",
        "B36",
        "B49",
        "B54",
        "B85",
        "C12",
        "C22",
        "C23",
        "C33",
        "C51",
        "C61",
        "C77",
        "C90",
        "C98"
      ],
      "weight": 6734,
      "utility_player1": 8813,
      "utility_player2": 8813,
      "normalized_u1": 94.206306787814,
      "normalized_u2": 94.206306787814,
      "harmonic_mean": 94.206306787814,
      "normalized_harmonic_mean": 94.206306787814,
      "pareto_optimum": null,
      "by": "Player 1",
      "turn": 3
    }
  ],
  "refusals": [],
  "agreement": null,
  "max_weight": 6880,
  "scores": {
    "pareto_adherence_rate": null
  },
  "max_u1": 9355,
  "max_u2": 9355,
  "max_harmonic": 1,
  "nb_proposals": 3,
  "player1_optimum": {
    "items": [
      "A23",
      "A34",
      "A50",
      "A59",
      "A65",
      "A69",
      "A74",
      "A87",
      "A90",
      "B07",
      "B17",
      "B27",
      "B44",
      "B49",
      "B54",
      "B85",
      "C12",
      "C13",
      "C33",
      "C60",
      "C61",
      "C77",
      "C90",
      "C98",
      "C99"
    ],
    "utility_player1": 9355,
    "utility_player2": 9355,
    "pareto_optimum": null
  },
  "player2_optimum": {
    "items": [
      "A23",
      "A34",
      "A50",
      "A59",
      "A65",
      "A69",
      "A74",
      "A87",
      "A90",
      "B07",
      "B17",
      "B27",
      "B44",
      "B49",
      "B54",
      "B85",
      "C12",
      "C13",
      "C33",
      "C60",
      "C61",
      "C77",
      "C90",
      "C98",
      "C99"
    ],
    "utility_player1": 9355,
    "utility_player2": 9355,
    "pareto_optimum": null
  },
  "global_optimum": null
}