{
  "results_folder": "deepseek-r1-distill-llama-70b-t1.0",
  "game_id": 4,
  "proposals": [
    {
      "items": [
        "A23",
        "A34",
        "A50",
        "A59",
        "A65",
        "A69",
        "A74",
        "A99",
        "B17",
        "B44",
        "B49",
        "B54",
        "B85",
        "C12",
        "C13",
        "C22",
        "C33",
        "C51",
        "C60",
        "C61",
        "C77",
        "C90",
        "C98",
        "C99"
      ],
      "weight": 6716,
      "utility_player1": 9092,
      "utility_player2": 9092,
      "normalized_u1": 97.18866916087654,
      "normalized_u2": 97.18866916087654,
      "harmonic_mean": 97.18866916087654,
      "normalized_harmonic_mean": 97.18866916087654,
      "pareto_optimum": null,
      "by": "Player 1",
      "turn": 1
    },
    {
      "items": [
        "A23",
        "A34",
        "A42",
        "A48",
        "A50",
        "A65",
        "A84",
        "A87",
        "A99",
        "B07",
        "B36",
        "B54",
        "B85",
        "C13",
        "C22",
        "C23",
        "C51",
        "C72",
        "C77",
        "C90",
        "C98"
      ],
      "weight": 10362,
      "utility_player1": 0,
      "utility_player2": 0,
      "normalized_u1": 0,
      "normalized_u2": 0,
      "harmonic_mean": 132.9877071084981,
      "normalized_harmonic_mean": 0,
      "pareto_optimum": null,
      "by": "Player 2",
      "turn": 1
    },
    {
      "items": [
        "A23",
        "A34",
        "A42",
        "A50",
        "A59",
        "A65",
        "A74",
        "B17",
        "B36",
        "B49",
        "B54",
        "B85",
        "C22",
        "C23",
        "C51",
        "C60",
        "C61",
        "C72",
        "C77",
        "C98"
      ],
      "weight": 6750,
      "utility_player1": 8730,
      "utility_player2": 8730,
      "normalized_u1": 93.31908070550507,
      "normalized_u2": 93.31908070550507,
      "harmonic_mean": 93.31908070550506,
      "normalized_harmonic_mean": 93.31908070550507,
      "pareto_optimum": null,
      "by": "Player 1",
      "turn": 2
    },
    {
      "items": [
        "A23",
        "A34",
        "A42",
        "A50",
        "A59",
        "A65",
        "A74",
        "B17",
        "B36",
        "B49",
        "B54",
        "B85",
        "C22",
        "C23",
        "C51",
        "C60",
        "C61",
        "C72",
        "C77",
        "C98"
      ],
      "weight": 6750,
      "utility_player1": 8730,
      "utility_player2": 8730,
      "normalized_u1": 93.31908070550507,
      "normalized_u2": 93.31908070550507,
      "harmonic_mean": 93.31908070550506,
      "normalized_harmonic_mean": 93.31908070550507,
      "pareto_optimum": null,
      "by": "Player 1",
      "turn": 4
    },
    {
      "items": [
        "A23",
        "A42",
        "A50",
        "A84",
        "B36",
        "B54",
        "B85",
        "C22",
        "C23",
        "C51",
        "C72",
        "C77"
      ],
      "weight": 6629,
      "utility_player1": 7817,
      "utility_player2": 7817,
      "normalized_u1": 83.5595938001069,
      "normalized_u2": 83.5595938001069,
      "harmonic_mean": 83.5595938001069,
      "normalized_harmonic_mean": 83.5595938001069,
      "pareto_optimum": null,
      "by": "Player 2",
      "turn": 4
    }
  ],
  "refusals": [
    {
      "items": [
        "A23",
        "A34",
        "A50",
        "A59",
        "A65",
        "A69",
        "A74",
        "A99",
        "B17",
        "B44",
        "B49",
        "B54",
        "B85",
        "C12",
        "C13",
        "C22",
        "C33",
        "C51",
        "C60",
        "C61",
        "C77",
        "C90",
        "C98",
        "C99"
      ],
      "weight": 6716,
      "utility_player1": 9092,
      "utility_player2": 9092,
      "normalized_u1": 97.18866916087654,
      "normalized_u2": 97.18866916087654,
      "harmonic_mean": 97.18866916087654,
      "normalized_harmonic_mean": 97.18866916087654,
      "pareto_optimum": null,
      "by": "Player 2",
      "turn": 1
    },
    {
      "items": [
        "A23",
        "A34",
        "A42",
        "A48",
        "A50",
        "A65",
        "A84",
        "A87",
        "A99",
        "B07",
        "B36",
        "B54",
        "B85",
        "C13",
        "C22",
        "C23",
        "C51",
        "C72",
        "C77",
        "C90",
        "C98"
      ],
      "weight": 10362,
      "utility_player1": 0,
      "utility_player2": 0,
      "normalized_u1": 0,
      "normalized_u2": 0,
      "harmonic_mean": 132.9877071084981,
      "normalized_harmonic_mean": 0,
      "pareto_optimum": null,
      "by": "Player 1",
      "turn": 2
    }
  ],
  "agreement": {
    "items": [
      "A23",
      "A42",
      "A50",
      "A84",
      "B36",
      "B54",
      "B85",
      "C22",
      "C23",
      "C51",
      "C72",
      "C77"
    ],
    "weight": 6629,
    "utility_player1": 7817,
    "utility_player2": 7817,
    "normalized_u1": 83.5595938001069,
    "normalized_u2": 83.5595938001069,
    "harmonic_mean": 83.5595938001069,
    "normalized_harmonic_mean": 83.5595938001069,
    "pareto_optimum": null,
    "by": "Player 1",
    "turn": 5
  },
  "max_weight": 6880,
  "scores": {
    "player1_score": 7817,
    "player2_score": 7817,
    "normalized_u1": 83.5595938001069,
    "normalized_u2": 83.5595938001069,
    "harmonic_mean": 83.5595938001069,
    "normalized_harmonic_mean": 83.5595938001069,
    "episode_score": 20.0,
    "pareto_optimum": null,
    "pareto_adherence_rate": null
  },
  "max_u1": 9355,
  "max_u2": 9355,
  "max_harmonic": 1,
  "nb_proposals": 5,
  "player1_optimum": {
    "items": [
      "A23",
      "A34",
      "A50",
      "A59",
      "A65",
      "A69",
      "A74",
      "A87",
      "A90",
      "B07",
      "B17",
      "B27",
      "B44",
      "B49",
      "B54",
      "B85",
      "C12",
      "C13",
      "C33",
      "C60",
      "C61",
      "C77",
      "C90",
      "C98",
      "C99"
    ],
    "utility_player1": 9355,
    "utility_player2": 9355,
    "pareto_optimum": null
  },
  "player2_optimum": {
    "items": [
      "A23",
      "A34",
      "A50",
      "A59",
      "A65",
      "A69",
      "A74",
      "A87",
      "A90",
      "B07",
      "B17",
      "B27",
      "B44",
      "B49",
      "B54",
      "B85",
      "C12",
      "C13",
      "C33",
      "C60",
      "C61",
      "C77",
      "C90",
      "C98",
      "C99"
    ],
    "utility_player1": 9355,
    "utility_player2": 9355,
    "pareto_optimum": null
  },
  "global_optimum": null
}