{
  "results_folder": "gpt-5-2025-08-07-t1.0",
  "game_id": 4,
  "proposals": [
    {
      "items": [
        "A11",
        "A60",
        "A82",
        "B09",
        "B20",
        "B31",
        "B93",
        "B96",
        "C08",
        "C85"
      ],
      "weight": 2783,
      "utility_player1": 5518,
      "utility_player2": 5025,
      "normalized_u1": 100.0,
      "normalized_u2": 74.27937915742794,
      "harmonic_mean": 85.24173027989822,
      "normalized_harmonic_mean": 91.91053450942735,
      "pareto_optimum": true,
      "by": "Player 1",
      "turn": 1
    },
    {
      "items": [
        "A21",
        "A60",
        "A82",
        "B09",
        "B20",
        "B39",
        "B93",
        "B96",
        "C81",
        "C85"
      ],
      "weight": 2940,
      "utility_player1": 3679,
      "utility_player2": 6765,
      "normalized_u1": 66.67270750271838,
      "normalized_u2": 100.0,
      "harmonic_mean": 80.00434924431882,
      "normalized_harmonic_mean": 86.2634120398456,
      "pareto_optimum": true,
      "by": "Player 2",
      "turn": 1
    },
    {
      "items": [
        "A60",
        "A82",
        "B09",
        "B20",
        "B31",
        "B33",
        "B93",
        "B96",
        "C08",
        "C85"
      ],
      "weight": 2904,
      "utility_player1": 5472,
      "utility_player2": 5081,
      "normalized_u1": 99.16636462486407,
      "normalized_u2": 75.10716925351072,
      "harmonic_mean": 85.47603031144183,
      "normalized_harmonic_mean": 92.16316477706783,
      "pareto_optimum": true,
      "by": "Player 1",
      "turn": 2
    }
  ],
  "refusals": [
    {
      "items": [
        "A21",
        "A60",
        "A82",
        "B09",
        "B20",
        "B39",
        "B93",
        "B96",
        "C81",
        "C85"
      ],
      "weight": 2940,
      "utility_player1": 3679,
      "utility_player2": 6765,
      "normalized_u1": 66.67270750271838,
      "normalized_u2": 100.0,
      "harmonic_mean": 80.00434924431882,
      "normalized_harmonic_mean": 86.2634120398456,
      "pareto_optimum": true,
      "by": "Player 1",
      "turn": 2
    }
  ],
  "agreement": {
    "items": [
      "A60",
      "A82",
      "B09",
      "B20",
      "B31",
      "B33",
      "B93",
      "B96",
      "C08",
      "C85"
    ],
    "weight": 2904,
    "utility_player1": 5472,
    "utility_player2": 5081,
    "normalized_u1": 99.16636462486407,
    "normalized_u2": 75.10716925351072,
    "harmonic_mean": 85.47603031144183,
    "normalized_harmonic_mean": 92.16316477706783,
    "pareto_optimum": true,
    "by": "Player 2",
    "turn": 2
  },
  "max_weight": 2984,
  "scores": {
    "player1_score": 5472,
    "player2_score": 5081,
    "normalized_u1": 99.16636462486407,
    "normalized_u2": 75.10716925351072,
    "harmonic_mean": 85.47603031144183,
    "normalized_harmonic_mean": 92.16316477706783,
    "episode_score": 50.0,
    "pareto_optimum": true,
    "pareto_adherence_rate": 1.0,
    "alternation_rate": 1.0,
    "avg_normalized_substitutions": 0.6
  },
  "max_u1": 5518,
  "max_u2": 6765,
  "max_harmonic": 92.74424388333297,
  "nb_proposals": 3,
  "normalized_substitutions_per_proposal": [
    0.6,
    0.6
  ],
  "player1_optimum": {
    "items": [
      "A11",
      "A60",
      "A82",
      "B09",
      "B20",
      "B31",
      "B93",
      "B96",
      "C08",
      "C85"
    ],
    "utility_player1": 5518,
    "utility_player2": 5025,
    "pareto_optimum": true
  },
  "player2_optimum": {
    "items": [
      "A21",
      "A60",
      "A82",
      "B09",
      "B20",
      "B39",
      "B93",
      "B96",
      "C81",
      "C85"
    ],
    "utility_player1": 3679,
    "utility_player2": 6765,
    "pareto_optimum": true
  }
}