{
  "results_folder": "nemotron-nano-9b-v2-t1.0",
  "game_id": 2,
  "proposals": [
    {
      "items": [
        "A07",
        "B38",
        "C00",
        "C03",
        "C32",
        "C38",
        "C56",
        "C62",
        "C76"
      ],
      "weight": 3108,
      "utility_player1": 5525,
      "utility_player2": 3895,
      "normalized_u1": 98.20476359758266,
      "normalized_u2": 65.35234899328859,
      "harmonic_mean": 78.47915485628148,
      "normalized_harmonic_mean": 87.90162997355033,
      "pareto_optimum": true,
      "by": "Player 1",
      "turn": 1
    },
    {
      "items": [
        "A07",
        "B38",
        "C00",
        "C03",
        "C32",
        "C38",
        "C56",
        "C62",
        "C76"
      ],
      "weight": 3108,
      "utility_player1": 5525,
      "utility_player2": 3895,
      "normalized_u1": 98.20476359758266,
      "normalized_u2": 65.35234899328859,
      "harmonic_mean": 78.47915485628148,
      "normalized_harmonic_mean": 87.90162997355033,
      "pareto_optimum": true,
      "by": "Player 1",
      "turn": 2
    }
  ],
  "refusals": [],
  "agreement": {
    "items": [
      "A07",
      "B38",
      "C00",
      "C03",
      "C32",
      "C38",
      "C56",
      "C62",
      "C76"
    ],
    "weight": 3108,
    "utility_player1": 5525,
    "utility_player2": 3895,
    "normalized_u1": 98.20476359758266,
    "normalized_u2": 65.35234899328859,
    "harmonic_mean": 78.47915485628148,
    "normalized_harmonic_mean": 87.90162997355033,
    "pareto_optimum": true,
    "by": "Player 2",
    "turn": 2
  },
  "max_weight": 3203,
  "scores": {
    "player1_score": 5525,
    "player2_score": 3895,
    "normalized_u1": 98.20476359758266,
    "normalized_u2": 65.35234899328859,
    "harmonic_mean": 78.47915485628148,
    "normalized_harmonic_mean": 87.90162997355033,
    "episode_score": 50.0,
    "pareto_optimum": true,
    "pareto_adherence_rate": 1.0
  },
  "max_u1": 5626,
  "max_u2": 5960,
  "max_harmonic": 89.28065939152201,
  "nb_proposals": 2,
  "player1_optimum": {
    "items": [
      "A03",
      "A07",
      "B38",
      "C00",
      "C03",
      "C32",
      "C56",
      "C62"
    ],
    "utility_player1": 5626,
    "utility_player2": 2724,
    "pareto_optimum": true
  },
  "player2_optimum": {
    "items": [
      "A07",
      "A83",
      "B38",
      "C03",
      "C08",
      "C10",
      "C62",
      "C76",
      "C98"
    ],
    "utility_player1": 3395,
    "utility_player2": 5960,
    "pareto_optimum": true
  },
  "global_optimum": {
    "items": [
      "A07",
      "A83",
      "B38",
      "C00",
      "C03",
      "C08",
      "C10",
      "C32",
      "C56",
      "C76"
    ],
    "utility_player1": 5081,
    "utility_player2": 5261,
    "harmonic_mean": 89.28065939152201,
    "pareto_optimum": true
  }
}