{
  "results_folder": "llama-3.3-70b-instruct-t1.0",
  "game_id": 3,
  "proposals": [
    {
      "items": [
        "A87",
        "B32",
        "C00",
        "C54"
      ],
      "weight": 614,
      "utility_player1": 2275,
      "utility_player2": 1880,
      "normalized_u1": 37.3134328358209,
      "normalized_u2": 31.644504292206697,
      "harmonic_mean": 34.24595150918994,
      "normalized_harmonic_mean": 39.33170919494188,
      "pareto_optimum": false,
      "by": "Player 1",
      "turn": 1
    },
    {
      "items": [
        "A03",
        "A71",
        "C01",
        "C54"
      ],
      "weight": 1672,
      "utility_player1": 2418,
      "utility_player2": 1745,
      "normalized_u1": 39.6588486140725,
      "normalized_u2": 29.372159569096112,
      "harmonic_mean": 33.749066121945624,
      "normalized_harmonic_mean": 38.76103293415627,
      "pareto_optimum": false,
      "by": "Player 1",
      "turn": 2
    },
    {
      "items": [
        "A71",
        "A87",
        "B41",
        "C17"
      ],
      "weight": 1795,
      "utility_player1": 2050,
      "utility_player2": 2025,
      "normalized_u1": 33.62309332458586,
      "normalized_u2": 34.08517084665881,
      "harmonic_mean": 33.852555353158294,
      "normalized_harmonic_mean": 38.87989102299555,
      "pareto_optimum": false,
      "by": "Player 1",
      "turn": 3
    }
  ],
  "agreement": {
    "items": [
      "A71",
      "A87",
      "B41",
      "C17"
    ],
    "weight": 1795,
    "utility_player1": 2050,
    "utility_player2": 2025,
    "normalized_u1": 33.62309332458586,
    "normalized_u2": 34.08517084665881,
    "harmonic_mean": 33.852555353158294,
    "normalized_harmonic_mean": 38.87989102299555,
    "pareto_optimum": false,
    "by": "Player 2",
    "turn": 3
  },
  "max_weight": 3681,
  "scores": {
    "player1_score": 2050,
    "player2_score": 2025,
    "normalized_u1": 33.62309332458586,
    "normalized_u2": 34.08517084665881,
    "harmonic_mean": 33.852555353158294,
    "normalized_harmonic_mean": 38.87989102299555,
    "episode_score": 33.333333333333336,
    "pareto_optimum": false
  },
  "max_u1": 6097,
  "max_u2": 5941,
  "max_harmonic": 87.06957365990601,
  "player1_optimum": {
    "items": [
      "A10",
      "A71",
      "A87",
      "B32",
      "B35",
      "B41",
      "C00",
      "C01",
      "C54"
    ],
    "utility_player1": 6097,
    "utility_player2": 3218,
    "pareto_optimum": true
  },
  "player2_optimum": {
    "items": [
      "A03",
      "A04",
      "A77",
      "A87",
      "B32",
      "B33",
      "C00",
      "C17",
      "C54"
    ],
    "utility_player1": 3250,
    "utility_player2": 5941,
    "pareto_optimum": true
  },
  "global_optimum": {
    "items": [
      "A03",
      "A04",
      "A71",
      "A87",
      "B32",
      "B33",
      "B41",
      "C00",
      "C01",
      "C54"
    ],
    "utility_player1": 5278,
    "utility_player2": 5203,
    "harmonic_mean": 87.06957365990601,
    "pareto_optimum": true
  }
}