{
  "results_folder": "nemotron-nano-9b-v2-t1.0",
  "game_id": 1,
  "proposals": [
    {
      "items": [
        "A05",
        "A08",
        "A16",
        "A27",
        "A30",
        "A84",
        "A89",
        "B00",
        "B10",
        "B12",
        "B46",
        "B60",
        "B67",
        "B69",
        "B94",
        "C12",
        "C15",
        "C34",
        "C81",
        "C92"
      ],
      "weight": 6874,
      "utility_player1": 12738,
      "utility_player2": 12738,
      "normalized_u1": 86.75338827215147,
      "normalized_u2": 86.75338827215147,
      "harmonic_mean": 86.75338827215147,
      "normalized_harmonic_mean": 86.75338827215147,
      "pareto_optimum": null,
      "by": "Player 1",
      "turn": 1
    },
    {
      "items": [
        "A05",
        "A08",
        "A16",
        "A27",
        "A30",
        "A84",
        "A89",
        "B00",
        "B10",
        "B12",
        "B46",
        "B60",
        "B67",
        "B69",
        "B94",
        "C12",
        "C15",
        "C34",
        "C81",
        "C92"
      ],
      "weight": 6874,
      "utility_player1": 12738,
      "utility_player2": 12738,
      "normalized_u1": 86.75338827215147,
      "normalized_u2": 86.75338827215147,
      "harmonic_mean": 86.75338827215147,
      "normalized_harmonic_mean": 86.75338827215147,
      "pareto_optimum": null,
      "by": "Player 1",
      "turn": 2
    },
    {
      "items": [
        "A05",
        "A08",
        "A16",
        "A27",
        "A30",
        "A84",
        "A89",
        "B00",
        "B10",
        "B12",
        "B46",
        "B60",
        "B67",
        "B69",
        "B94",
        "C12",
        "C15",
        "C34",
        "C81",
        "C92"
      ],
      "weight": 6874,
      "utility_player1": 12738,
      "utility_player2": 12738,
      "normalized_u1": 86.75338827215147,
      "normalized_u2": 86.75338827215147,
      "harmonic_mean": 86.75338827215147,
      "normalized_harmonic_mean": 86.75338827215147,
      "pareto_optimum": null,
      "by": "Player 1",
      "turn": 3
    }
  ],
  "refusals": [],
  "agreement": null,
  "max_weight": 8170,
  "scores": {
    "pareto_adherence_rate": null,
    "alternation_rate": 0.0,
    "avg_normalized_substitutions": 0.0
  },
  "max_u1": 14683,
  "max_u2": 14683,
  "max_harmonic": 1,
  "nb_proposals": 3,
  "normalized_substitutions_per_proposal": [
    0.0,
    0.0
  ],
  "player1_optimum": {
    "items": [
      "A05",
      "A08",
      "A16",
      "A27",
      "A30",
      "A58",
      "A66",
      "A84",
      "A89",
      "B00",
      "B09",
      "B10",
      "B12",
      "B45",
      "B46",
      "B60",
      "B67",
      "B94",
      "C12",
      "C15",
      "C81",
      "C92"
    ],
    "utility_player1": 14683,
    "utility_player2": 14683,
    "pareto_optimum": null
  },
  "player2_optimum": {
    "items": [
      "A05",
      "A08",
      "A16",
      "A27",
      "A30",
      "A58",
      "A66",
      "A84",
      "A89",
      "B00",
      "B09",
      "B10",
      "B12",
      "B45",
      "B46",
      "B60",
      "B67",
      "B94",
      "C12",
      "C15",
      "C81",
      "C92"
    ],
    "utility_player1": 14683,
    "utility_player2": 14683,
    "pareto_optimum": null
  }
}