{
  "results_folder": "gpt-5-mini-2025-08-07-no-reasoning-t1.0",
  "game_id": 5,
  "proposals": [
    {
      "items": [
        "A15",
        "A30",
        "A56",
        "B11",
        "B91",
        "C24",
        "C47"
      ],
      "weight": 3599,
      "utility_player1": 4893,
      "utility_player2": 4893,
      "normalized_u1": 85.82704788633573,
      "normalized_u2": 85.82704788633573,
      "harmonic_mean": 85.82704788633573,
      "normalized_harmonic_mean": 85.82704788633573,
      "pareto_optimum": false,
      "by": "Player 1",
      "turn": 1
    },
    {
      "items": [
        "A15",
        "A30",
        "A56",
        "B11",
        "B26",
        "B91",
        "C24"
      ],
      "weight": 3609,
      "utility_player1": 4918,
      "utility_player2": 4918,
      "normalized_u1": 86.265567444308,
      "normalized_u2": 86.265567444308,
      "harmonic_mean": 86.265567444308,
      "normalized_harmonic_mean": 86.265567444308,
      "pareto_optimum": false,
      "by": "Player 2",
      "turn": 1
    }
  ],
  "refusals": [
    {
      "items": [
        "A15",
        "A30",
        "A56",
        "B11",
        "B91",
        "C24",
        "C47"
      ],
      "weight": 3599,
      "utility_player1": 4893,
      "utility_player2": 4893,
      "normalized_u1": 85.82704788633573,
      "normalized_u2": 85.82704788633573,
      "harmonic_mean": 85.82704788633573,
      "normalized_harmonic_mean": 85.82704788633573,
      "pareto_optimum": false,
      "by": "Player 2",
      "turn": 1
    }
  ],
  "agreement": {
    "items": [
      "A15",
      "A30",
      "A56",
      "B11",
      "B26",
      "B91",
      "C24"
    ],
    "weight": 3609,
    "utility_player1": 4918,
    "utility_player2": 4918,
    "normalized_u1": 86.265567444308,
    "normalized_u2": 86.265567444308,
    "harmonic_mean": 86.265567444308,
    "normalized_harmonic_mean": 86.265567444308,
    "pareto_optimum": false,
    "by": "Player 1",
    "turn": 2
  },
  "max_weight": 4915,
  "scores": {
    "player1_score": 4918,
    "player2_score": 4918,
    "normalized_u1": 86.265567444308,
    "normalized_u2": 86.265567444308,
    "harmonic_mean": 86.265567444308,
    "normalized_harmonic_mean": 86.265567444308,
    "episode_score": 50.0,
    "pareto_optimum": false,
    "pareto_adherence_rate": 0.0,
    "alternation_rate": 1.0,
    "avg_normalized_substitutions": 0.2857142857142857
  },
  "max_u1": 5701,
  "max_u2": 5701,
  "max_harmonic": 1,
  "nb_proposals": 2,
  "normalized_substitutions_per_proposal": [
    0.2857142857142857
  ],
  "player1_optimum": {
    "items": [
      "A15",
      "A30",
      "A56",
      "B11",
      "B26",
      "B91",
      "C24",
      "C47"
    ],
    "utility_player1": 5701,
    "utility_player2": 5701,
    "pareto_optimum": true
  },
  "player2_optimum": {
    "items": [
      "A15",
      "A30",
      "A56",
      "B11",
      "B26",
      "B91",
      "C24",
      "C47"
    ],
    "utility_player1": 5701,
    "utility_player2": 5701,
    "pareto_optimum": true
  }
}