{
  "results_folder": "gpt-5-2025-08-07-no-reasoning-t1.0",
  "game_id": 1,
  "proposals": [
    {
      "items": [
        "A25",
        "A28",
        "A39",
        "A71",
        "A75",
        "A87",
        "A88",
        "A97",
        "B15",
        "B16",
        "B23",
        "B37",
        "B43",
        "B64",
        "B69",
        "B81",
        "C10",
        "C17",
        "C51",
        "C53",
        "C60",
        "C83",
        "C84"
      ],
      "weight": 8112,
      "utility_player1": 10320,
      "utility_player2": 10320,
      "normalized_u1": 98.76543209876543,
      "normalized_u2": 98.76543209876543,
      "harmonic_mean": 98.76543209876543,
      "normalized_harmonic_mean": 98.76543209876543,
      "pareto_optimum": null,
      "by": "Player 1",
      "turn": 1
    }
  ],
  "agreement": {
    "items": [
      "A25",
      "A28",
      "A39",
      "A71",
      "A75",
      "A87",
      "A88",
      "A97",
      "B15",
      "B16",
      "B23",
      "B37",
      "B43",
      "B64",
      "B69",
      "B81",
      "C10",
      "C17",
      "C51",
      "C53",
      "C60",
      "C83",
      "C84"
    ],
    "weight": 8112,
    "utility_player1": 10320,
    "utility_player2": 10320,
    "normalized_u1": 98.76543209876543,
    "normalized_u2": 98.76543209876543,
    "harmonic_mean": 98.76543209876543,
    "normalized_harmonic_mean": 98.76543209876543,
    "pareto_optimum": null,
    "by": "Player 2",
    "turn": 1
  },
  "max_weight": 8145,
  "scores": {
    "player1_score": 10320,
    "player2_score": 10320,
    "normalized_u1": 98.76543209876543,
    "normalized_u2": 98.76543209876543,
    "harmonic_mean": 98.76543209876543,
    "normalized_harmonic_mean": 98.76543209876543,
    "episode_score": 100.0,
    "pareto_optimum": null
  },
  "max_u1": 10449,
  "max_u2": 10449,
  "max_harmonic": 1,
  "player1_optimum": {
    "items": [
      "A25",
      "A28",
      "A39",
      "A46",
      "A75",
      "A87",
      "A88",
      "A97",
      "B15",
      "B16",
      "B34",
      "B64",
      "B69",
      "B81",
      "B95",
      "C10",
      "C17",
      "C51",
      "C53",
      "C60",
      "C72",
      "C82",
      "C83",
      "C84"
    ],
    "utility_player1": 10449,
    "utility_player2": 10449,
    "pareto_optimum": null
  },
  "player2_optimum": {
    "items": [
      "A25",
      "A28",
      "A39",
      "A46",
      "A75",
      "A87",
      "A88",
      "A97",
      "B15",
      "B16",
      "B34",
      "B64",
      "B69",
      "B81",
      "B95",
      "C10",
      "C17",
      "C51",
      "C53",
      "C60",
      "C72",
      "C82",
      "C83",
      "C84"
    ],
    "utility_player1": 10449,
    "utility_player2": 10449,
    "pareto_optimum": null
  },
  "global_optimum": null
}