{
  "results_folder": "deepseek-r1-distill-llama-70b-t1.0",
  "game_id": 0,
  "proposals": [
    {
      "items": [
        "A05",
        "A08",
        "A27",
        "A58",
        "A66",
        "A84",
        "A89",
        "B00",
        "B09",
        "B10",
        "B12",
        "B46",
        "B60",
        "B69",
        "B94",
        "C12",
        "C15",
        "C34",
        "C35",
        "C70"
      ],
      "weight": 7594,
      "utility_player1": 12912,
      "utility_player2": 12912,
      "normalized_u1": 88.46259249109345,
      "normalized_u2": 88.46259249109345,
      "harmonic_mean": 88.46259249109345,
      "normalized_harmonic_mean": 88.46259249109345,
      "pareto_optimum": null,
      "by": "Player 1",
      "turn": 1
    },
    {
      "items": [
        "A05",
        "A08",
        "A27",
        "A58",
        "A66",
        "A84",
        "A89",
        "B00",
        "B09",
        "B10",
        "B12",
        "B46",
        "B60",
        "B69",
        "B94",
        "C12",
        "C15",
        "C34",
        "C35",
        "C70"
      ],
      "weight": 7594,
      "utility_player1": 12912,
      "utility_player2": 12912,
      "normalized_u1": 88.46259249109345,
      "normalized_u2": 88.46259249109345,
      "harmonic_mean": 88.46259249109345,
      "normalized_harmonic_mean": 88.46259249109345,
      "pareto_optimum": null,
      "by": "Player 1",
      "turn": 3
    }
  ],
  "refusals": [],
  "agreement": {
    "items": [
      "A05",
      "A08",
      "A27",
      "A58",
      "A66",
      "A84",
      "A89",
      "B00",
      "B09",
      "B10",
      "B12",
      "B46",
      "B60",
      "B69",
      "B94",
      "C12",
      "C15",
      "C34",
      "C35",
      "C70"
    ],
    "weight": 7594,
    "utility_player1": 12912,
    "utility_player2": 12912,
    "normalized_u1": 88.46259249109345,
    "normalized_u2": 88.46259249109345,
    "harmonic_mean": 88.46259249109345,
    "normalized_harmonic_mean": 88.46259249109345,
    "pareto_optimum": null,
    "by": "Player 1",
    "turn": 2
  },
  "max_weight": 7605,
  "scores": {
    "player1_score": 12912,
    "player2_score": 12912,
    "normalized_u1": 88.46259249109345,
    "normalized_u2": 88.46259249109345,
    "harmonic_mean": 88.46259249109345,
    "normalized_harmonic_mean": 88.46259249109345,
    "episode_score": 33.333333333333336,
    "pareto_optimum": null,
    "pareto_adherence_rate": null,
    "alternation_rate": 0.0,
    "avg_normalized_substitutions": 0.0
  },
  "max_u1": 14596,
  "max_u2": 14596,
  "max_harmonic": 1,
  "nb_proposals": 2,
  "normalized_substitutions_per_proposal": [
    0.0
  ],
  "player1_optimum": {
    "items": [
      "A05",
      "A08",
      "A16",
      "A27",
      "A30",
      "A58",
      "A66",
      "A84",
      "B09",
      "B10",
      "B12",
      "B46",
      "B60",
      "B67",
      "B69",
      "B85",
      "B94",
      "C12",
      "C15",
      "C34",
      "C35",
      "C70"
    ],
    "utility_player1": 14596,
    "utility_player2": 14596,
    "pareto_optimum": null
  },
  "player2_optimum": {
    "items": [
      "A05",
      "A08",
      "A16",
      "A27",
      "A30",
      "A58",
      "A66",
      "A84",
      "B09",
      "B10",
      "B12",
      "B46",
      "B60",
      "B67",
      "B69",
      "B85",
      "B94",
      "C12",
      "C15",
      "C34",
      "C35",
      "C70"
    ],
    "utility_player1": 14596,
    "utility_player2": 14596,
    "pareto_optimum": null
  }
}