{
  "results_folder": "llama-3.3-70b-instruct-t1.0",
  "game_id": 4,
  "proposals": [
    {
      "items": [
        "A04",
        "A41",
        "A48",
        "B21",
        "B53"
      ],
      "weight": 3705,
      "utility_player1": 4061,
      "utility_player2": 975,
      "normalized_u1": 77.90140034529061,
      "normalized_u2": 16.752577319587626,
      "harmonic_mean": 27.575158800175288,
      "normalized_harmonic_mean": 32.330035620529365,
      "pareto_optimum": false,
      "by": "Player 1",
      "turn": 1
    },
    {
      "items": [
        "A03",
        "A41",
        "B61",
        "C64"
      ],
      "weight": 1910,
      "utility_player1": 1721,
      "utility_player2": 2493,
      "normalized_u1": 33.01361979666219,
      "normalized_u2": 42.83505154639175,
      "harmonic_mean": 37.288460844014715,
      "normalized_harmonic_mean": 43.71823480900668,
      "pareto_optimum": false,
      "by": "Player 2",
      "turn": 1
    },
    {
      "items": [
        "A03",
        "A41",
        "A89",
        "B61"
      ],
      "weight": 2463,
      "utility_player1": 2239,
      "utility_player2": 2109,
      "normalized_u1": 42.9503165164013,
      "normalized_u2": 36.23711340206185,
      "harmonic_mean": 39.3091553005788,
      "normalized_harmonic_mean": 46.08736436624093,
      "pareto_optimum": false,
      "by": "Player 1",
      "turn": 2
    },
    {
      "items": [
        "A41",
        "A89",
        "B61",
        "C64"
      ],
      "weight": 1904,
      "utility_player1": 1915,
      "utility_player2": 2197,
      "normalized_u1": 36.735085363514294,
      "normalized_u2": 37.74914089347079,
      "harmonic_mean": 37.2352102668431,
      "normalized_harmonic_mean": 43.655802056787635,
      "pareto_optimum": false,
      "by": "Player 2",
      "turn": 2
    }
  ],
  "refusals": [
    {
      "items": [
        "A04",
        "A41",
        "A48",
        "B21",
        "B53"
      ],
      "weight": 3705,
      "utility_player1": 4061,
      "utility_player2": 975,
      "normalized_u1": 77.90140034529061,
      "normalized_u2": 16.752577319587626,
      "harmonic_mean": 27.575158800175288,
      "normalized_harmonic_mean": 32.330035620529365,
      "pareto_optimum": false,
      "by": "Player 2",
      "turn": 1
    }
  ],
  "agreement": {
    "items": [
      "A41",
      "A89",
      "B61",
      "C64"
    ],
    "weight": 1904,
    "utility_player1": 1915,
    "utility_player2": 2197,
    "normalized_u1": 36.735085363514294,
    "normalized_u2": 37.74914089347079,
    "harmonic_mean": 37.2352102668431,
    "normalized_harmonic_mean": 43.655802056787635,
    "pareto_optimum": false,
    "by": "Player 1",
    "turn": 3
  },
  "max_weight": 5138,
  "scores": {
    "player1_score": 1915,
    "player2_score": 2197,
    "normalized_u1": 36.735085363514294,
    "normalized_u2": 37.74914089347079,
    "harmonic_mean": 37.2352102668431,
    "normalized_harmonic_mean": 43.655802056787635,
    "episode_score": 33.333333333333336,
    "pareto_optimum": false,
    "pareto_adherence_rate": 0.0
  },
  "max_u1": 5213,
  "max_u2": 5820,
  "max_harmonic": 85.29269538653165,
  "nb_proposals": 4,
  "player1_optimum": {
    "items": [
      "A04",
      "A41",
      "A45",
      "A48",
      "B21",
      "B53",
      "B61"
    ],
    "utility_player1": 5213,
    "utility_player2": 2019,
    "pareto_optimum": true
  },
  "player2_optimum": {
    "items": [
      "A03",
      "A61",
      "B61",
      "B85",
      "C04",
      "C33",
      "C49",
      "C64"
    ],
    "utility_player1": 2428,
    "utility_player2": 5820,
    "pareto_optimum": true
  },
  "global_optimum": {
    "items": [
      "A03",
      "A41",
      "A61",
      "B21",
      "B53",
      "B61",
      "B85",
      "C04",
      "C64"
    ],
    "utility_player1": 4399,
    "utility_player2": 5018,
    "harmonic_mean": 85.29269538653165,
    "pareto_optimum": true
  }
}