{
  "results_folder": "deepseek-r1-distill-llama-70b-t1.0",
  "game_id": 5,
  "proposals": [
    {
      "items": [
        "A21",
        "A82",
        "B09",
        "B20",
        "B21",
        "B31",
        "B33",
        "B39",
        "B93",
        "B96"
      ],
      "weight": 2129,
      "utility_player1": 4124,
      "utility_player2": 2524,
      "normalized_u1": 100.0,
      "normalized_u2": 63.35341365461847,
      "harmonic_mean": 77.5660725261217,
      "normalized_harmonic_mean": 86.11111694656033,
      "pareto_optimum": true,
      "by": "Player 1",
      "turn": 1
    }
  ],
  "refusals": [],
  "agreement": {
    "items": [
      "A21",
      "A82",
      "B09",
      "B20",
      "B21",
      "B31",
      "B33",
      "B39",
      "B93",
      "B96"
    ],
    "weight": 2129,
    "utility_player1": 4124,
    "utility_player2": 2524,
    "normalized_u1": 100.0,
    "normalized_u2": 63.35341365461847,
    "harmonic_mean": 77.5660725261217,
    "normalized_harmonic_mean": 86.11111694656033,
    "pareto_optimum": true,
    "by": "Player 1",
    "turn": 3
  },
  "max_weight": 2307,
  "scores": {
    "player1_score": 4124,
    "player2_score": 2524,
    "normalized_u1": 100.0,
    "normalized_u2": 63.35341365461847,
    "harmonic_mean": 77.5660725261217,
    "normalized_harmonic_mean": 86.11111694656033,
    "episode_score": 33.333333333333336,
    "pareto_optimum": true,
    "pareto_adherence_rate": 1.0
  },
  "max_u1": 4124,
  "max_u2": 3984,
  "max_harmonic": 90.07672328098869,
  "nb_proposals": 1,
  "player1_optimum": {
    "items": [
      "A21",
      "A82",
      "B09",
      "B20",
      "B21",
      "B31",
      "B33",
      "B39",
      "B93",
      "B96"
    ],
    "utility_player1": 4124,
    "utility_player2": 2524,
    "pareto_optimum": true
  },
  "player2_optimum": {
    "items": [
      "A21",
      "A60",
      "B20",
      "B21",
      "B31",
      "B33",
      "B39",
      "B96",
      "C08",
      "C81"
    ],
    "utility_player1": 2621,
    "utility_player2": 3984,
    "pareto_optimum": true
  },
  "global_optimum": {
    "items": [
      "A21",
      "A60",
      "A82",
      "B09",
      "B20",
      "B21",
      "B31",
      "B33",
      "B39",
      "B96",
      "C81"
    ],
    "utility_player1": 3668,
    "utility_player2": 3635,
    "harmonic_mean": 90.07672328098869,
    "pareto_optimum": true
  }
}