{
  "results_folder": "deepseek-r1-distill-llama-70b-t1.0",
  "game_id": 5,
  "proposals": [
    {
      "items": [
        "A03",
        "A83",
        "B38",
        "C00",
        "C10",
        "C32",
        "C38",
        "C62",
        "C76",
        "C98"
      ],
      "weight": 2129,
      "utility_player1": 4124,
      "utility_player2": 2524,
      "normalized_u1": 100.0,
      "normalized_u2": 63.35341365461847,
      "harmonic_mean": 77.5660725261217,
      "normalized_harmonic_mean": 86.11111694656033,
      "pareto_optimum": true,
      "by": "Player 1",
      "turn": 1
    },
    {
      "items": [
        "A03",
        "A83",
        "B38",
        "C00",
        "C32",
        "C38",
        "C56",
        "C76",
        "C98"
      ],
      "weight": 2286,
      "utility_player1": 3306,
      "utility_player2": 2616,
      "normalized_u1": 80.16488845780795,
      "normalized_u2": 65.66265060240963,
      "harmonic_mean": 72.19266121212605,
      "normalized_harmonic_mean": 80.14574529640201,
      "pareto_optimum": false,
      "by": "Player 1",
      "turn": 2
    },
    {
      "items": [
        "A03",
        "A83",
        "B38",
        "C10",
        "C32",
        "C38",
        "C56",
        "C76",
        "C98"
      ],
      "weight": 2303,
      "utility_player1": 3132,
      "utility_player2": 2688,
      "normalized_u1": 75.94568380213384,
      "normalized_u2": 67.46987951807229,
      "harmonic_mean": 71.45732328376451,
      "normalized_harmonic_mean": 79.32939907334092,
      "pareto_optimum": false,
      "by": "Player 2",
      "turn": 2
    }
  ],
  "refusals": [
    {
      "items": [
        "A03",
        "A83",
        "B38",
        "C00",
        "C10",
        "C32",
        "C38",
        "C62",
        "C76",
        "C98"
      ],
      "weight": 2129,
      "utility_player1": 4124,
      "utility_player2": 2524,
      "normalized_u1": 100.0,
      "normalized_u2": 63.35341365461847,
      "harmonic_mean": 77.5660725261217,
      "normalized_harmonic_mean": 86.11111694656033,
      "pareto_optimum": true,
      "by": "Player 2",
      "turn": 1
    }
  ],
  "agreement": {
    "items": [
      "A03",
      "A83",
      "B38",
      "C10",
      "C32",
      "C38",
      "C56",
      "C76",
      "C98"
    ],
    "weight": 2303,
    "utility_player1": 3132,
    "utility_player2": 2688,
    "normalized_u1": 75.94568380213384,
    "normalized_u2": 67.46987951807229,
    "harmonic_mean": 71.45732328376451,
    "normalized_harmonic_mean": 79.32939907334092,
    "pareto_optimum": false,
    "by": "Player 1",
    "turn": 3
  },
  "max_weight": 2307,
  "scores": {
    "player1_score": 3132,
    "player2_score": 2688,
    "normalized_u1": 75.94568380213384,
    "normalized_u2": 67.46987951807229,
    "harmonic_mean": 71.45732328376451,
    "normalized_harmonic_mean": 79.32939907334092,
    "episode_score": 33.333333333333336,
    "pareto_optimum": false,
    "pareto_adherence_rate": 0.3333333333333333,
    "alternation_rate": 0.5
  },
  "max_u1": 4124,
  "max_u2": 3984,
  "max_harmonic": 90.07672328098869,
  "nb_proposals": 3,
  "player1_optimum": {
    "items": [
      "A03",
      "A83",
      "B38",
      "C00",
      "C10",
      "C32",
      "C38",
      "C62",
      "C76",
      "C98"
    ],
    "utility_player1": 4124,
    "utility_player2": 2524,
    "pareto_optimum": true
  },
  "player2_optimum": {
    "items": [
      "A03",
      "A07",
      "A83",
      "C00",
      "C03",
      "C10",
      "C32",
      "C76",
      "C81",
      "C98"
    ],
    "utility_player1": 2621,
    "utility_player2": 3984,
    "pareto_optimum": true
  },
  "global_optimum": {
    "items": [
      "A03",
      "A83",
      "B38",
      "C00",
      "C03",
      "C10",
      "C32",
      "C62",
      "C76",
      "C81",
      "C98"
    ],
    "utility_player1": 3668,
    "utility_player2": 3635,
    "harmonic_mean": 90.07672328098869,
    "pareto_optimum": true
  }
}