{
  "results_folder": "gpt-5-mini-2025-08-07-t1.0",
  "game_id": 1,
  "proposals": [
    {
      "items": [
        "A40",
        "A52",
        "A77",
        "A81",
        "A91",
        "A95",
        "B24",
        "B54",
        "B55",
        "B56",
        "B59",
        "B79",
        "B96",
        "C03",
        "C05",
        "C14",
        "C16",
        "C24",
        "C28",
        "C31",
        "C50",
        "C52",
        "C61"
      ],
      "weight": 8051,
      "utility_player1": 14478,
      "utility_player2": 14478,
      "normalized_u1": 98.60382755567663,
      "normalized_u2": 98.60382755567663,
      "harmonic_mean": 98.60382755567663,
      "normalized_harmonic_mean": 98.60382755567663,
      "pareto_optimum": null,
      "by": "Player 1",
      "turn": 1
    },
    {
      "items": [
        "A40",
        "A52",
        "A77",
        "A81",
        "A91",
        "A95",
        "B24",
        "B38",
        "B54",
        "B55",
        "B56",
        "B59",
        "B79",
        "B96",
        "C03",
        "C05",
        "C16",
        "C24",
        "C28",
        "C31",
        "C50",
        "C52"
      ],
      "weight": 8163,
      "utility_player1": 14683,
      "utility_player2": 14683,
      "normalized_u1": 100.0,
      "normalized_u2": 100.0,
      "harmonic_mean": 100.0,
      "normalized_harmonic_mean": 100.0,
      "pareto_optimum": null,
      "by": "Player 2",
      "turn": 1
    }
  ],
  "refusals": [
    {
      "items": [
        "A40",
        "A52",
        "A77",
        "A81",
        "A91",
        "A95",
        "B24",
        "B54",
        "B55",
        "B56",
        "B59",
        "B79",
        "B96",
        "C03",
        "C05",
        "C14",
        "C16",
        "C24",
        "C28",
        "C31",
        "C50",
        "C52",
        "C61"
      ],
      "weight": 8051,
      "utility_player1": 14478,
      "utility_player2": 14478,
      "normalized_u1": 98.60382755567663,
      "normalized_u2": 98.60382755567663,
      "harmonic_mean": 98.60382755567663,
      "normalized_harmonic_mean": 98.60382755567663,
      "pareto_optimum": null,
      "by": "Player 2",
      "turn": 1
    }
  ],
  "agreement": {
    "items": [
      "A40",
      "A52",
      "A77",
      "A81",
      "A91",
      "A95",
      "B24",
      "B38",
      "B54",
      "B55",
      "B56",
      "B59",
      "B79",
      "B96",
      "C03",
      "C05",
      "C16",
      "C24",
      "C28",
      "C31",
      "C50",
      "C52"
    ],
    "weight": 8163,
    "utility_player1": 14683,
    "utility_player2": 14683,
    "normalized_u1": 100.0,
    "normalized_u2": 100.0,
    "harmonic_mean": 100.0,
    "normalized_harmonic_mean": 100.0,
    "pareto_optimum": null,
    "by": "Player 1",
    "turn": 2
  },
  "max_weight": 8170,
  "scores": {
    "player1_score": 14683,
    "player2_score": 14683,
    "normalized_u1": 100.0,
    "normalized_u2": 100.0,
    "harmonic_mean": 100.0,
    "normalized_harmonic_mean": 100.0,
    "episode_score": 50.0,
    "pareto_optimum": null,
    "pareto_adherence_rate": null,
    "alternation_rate": 1.0,
    "avg_normalized_substitutions": 0.13043478260869565
  },
  "max_u1": 14683,
  "max_u2": 14683,
  "max_harmonic": 1,
  "nb_proposals": 2,
  "normalized_substitutions_per_proposal": [
    0.13043478260869565
  ],
  "player1_optimum": {
    "items": [
      "A40",
      "A52",
      "A77",
      "A81",
      "A91",
      "A95",
      "B24",
      "B38",
      "B54",
      "B55",
      "B56",
      "B59",
      "B79",
      "B96",
      "C03",
      "C05",
      "C16",
      "C24",
      "C28",
      "C31",
      "C50",
      "C52"
    ],
    "utility_player1": 14683,
    "utility_player2": 14683,
    "pareto_optimum": null
  },
  "player2_optimum": {
    "items": [
      "A40",
      "A52",
      "A77",
      "A81",
      "A91",
      "A95",
      "B24",
      "B38",
      "B54",
      "B55",
      "B56",
      "B59",
      "B79",
      "B96",
      "C03",
      "C05",
      "C16",
      "C24",
      "C28",
      "C31",
      "C50",
      "C52"
    ],
    "utility_player1": 14683,
    "utility_player2": 14683,
    "pareto_optimum": null
  }
}