{
  "results_folder": "gpt-5-2025-08-07-no-reasoning-t1.0",
  "game_id": 1,
  "proposals": [
    {
      "items": [
        "A40",
        "A77",
        "A81",
        "A91",
        "A95",
        "B24",
        "B38",
        "B54",
        "B55",
        "B56",
        "B59",
        "B79",
        "B96",
        "C03",
        "C05",
        "C14",
        "C16",
        "C24",
        "C28",
        "C31",
        "C50",
        "C61"
      ],
      "weight": 8064,
      "utility_player1": 14466,
      "utility_player2": 14466,
      "normalized_u1": 98.52210038820405,
      "normalized_u2": 98.52210038820405,
      "harmonic_mean": 98.52210038820405,
      "normalized_harmonic_mean": 98.52210038820405,
      "pareto_optimum": null,
      "by": "Player 1",
      "turn": 1
    }
  ],
  "refusals": [],
  "agreement": {
    "items": [
      "A40",
      "A77",
      "A81",
      "A91",
      "A95",
      "B24",
      "B38",
      "B54",
      "B55",
      "B56",
      "B59",
      "B79",
      "B96",
      "C03",
      "C05",
      "C14",
      "C16",
      "C24",
      "C28",
      "C31",
      "C50",
      "C61"
    ],
    "weight": 8064,
    "utility_player1": 14466,
    "utility_player2": 14466,
    "normalized_u1": 98.52210038820405,
    "normalized_u2": 98.52210038820405,
    "harmonic_mean": 98.52210038820405,
    "normalized_harmonic_mean": 98.52210038820405,
    "pareto_optimum": null,
    "by": "Player 2",
    "turn": 1
  },
  "max_weight": 8170,
  "scores": {
    "player1_score": 14466,
    "player2_score": 14466,
    "normalized_u1": 98.52210038820405,
    "normalized_u2": 98.52210038820405,
    "harmonic_mean": 98.52210038820405,
    "normalized_harmonic_mean": 98.52210038820405,
    "episode_score": 100.0,
    "pareto_optimum": null,
    "pareto_adherence_rate": null,
    "alternation_rate": null
  },
  "max_u1": 14683,
  "max_u2": 14683,
  "max_harmonic": 1,
  "nb_proposals": 1,
  "player1_optimum": {
    "items": [
      "A40",
      "A52",
      "A77",
      "A81",
      "A91",
      "A95",
      "B24",
      "B38",
      "B54",
      "B55",
      "B56",
      "B59",
      "B79",
      "B96",
      "C03",
      "C05",
      "C16",
      "C24",
      "C28",
      "C31",
      "C50",
      "C52"
    ],
    "utility_player1": 14683,
    "utility_player2": 14683,
    "pareto_optimum": null
  },
  "player2_optimum": {
    "items": [
      "A40",
      "A52",
      "A77",
      "A81",
      "A91",
      "A95",
      "B24",
      "B38",
      "B54",
      "B55",
      "B56",
      "B59",
      "B79",
      "B96",
      "C03",
      "C05",
      "C16",
      "C24",
      "C28",
      "C31",
      "C50",
      "C52"
    ],
    "utility_player1": 14683,
    "utility_player2": 14683,
    "pareto_optimum": null
  },
  "global_optimum": null
}