{
  "results_folder": "claude-sonnet-4-20250514-no-reasoning-t1.0",
  "game_id": 3,
  "proposals": [
    {
      "items": [
        "A04",
        "A48",
        "B21",
        "B53",
        "B61",
        "B85",
        "C04"
      ],
      "weight": 2430,
      "utility_player1": 4731,
      "utility_player2": 2472,
      "normalized_u1": 77.59553878956864,
      "normalized_u2": 41.609156707624976,
      "harmonic_mean": 54.17043212670705,
      "normalized_harmonic_mean": 62.215111260676316,
      "pareto_optimum": false,
      "by": "Player 1",
      "turn": 1
    },
    {
      "items": [
        "A04",
        "A48",
        "B21",
        "B53",
        "B61",
        "B85",
        "C04"
      ],
      "weight": 2430,
      "utility_player1": 4731,
      "utility_player2": 2472,
      "normalized_u1": 77.59553878956864,
      "normalized_u2": 41.609156707624976,
      "harmonic_mean": 54.17043212670705,
      "normalized_harmonic_mean": 62.215111260676316,
      "pareto_optimum": false,
      "by": "Player 1",
      "turn": 2
    },
    {
      "items": [
        "A04",
        "A48",
        "B21",
        "B53",
        "B61",
        "B85",
        "C04"
      ],
      "weight": 2430,
      "utility_player1": 4731,
      "utility_player2": 2472,
      "normalized_u1": 77.59553878956864,
      "normalized_u2": 41.609156707624976,
      "harmonic_mean": 54.17043212670705,
      "normalized_harmonic_mean": 62.215111260676316,
      "pareto_optimum": false,
      "by": "Player 1",
      "turn": 3
    }
  ],
  "refusals": [],
  "agreement": null,
  "max_weight": 3681,
  "scores": {
    "pareto_adherence_rate": 0.0,
    "alternation_rate": 0.0
  },
  "max_u1": 6097,
  "max_u2": 5941,
  "max_harmonic": 87.06957365990601,
  "nb_proposals": 3,
  "player1_optimum": {
    "items": [
      "A04",
      "A41",
      "A48",
      "A89",
      "B21",
      "B53",
      "B61",
      "B85",
      "C04"
    ],
    "utility_player1": 6097,
    "utility_player2": 3218,
    "pareto_optimum": true
  },
  "player2_optimum": {
    "items": [
      "A03",
      "A04",
      "A61",
      "B61",
      "B85",
      "C04",
      "C33",
      "C49",
      "C64"
    ],
    "utility_player1": 3250,
    "utility_player2": 5941,
    "pareto_optimum": true
  },
  "global_optimum": {
    "items": [
      "A03",
      "A04",
      "A48",
      "A61",
      "A89",
      "B53",
      "B61",
      "B85",
      "C04",
      "C49"
    ],
    "utility_player1": 5278,
    "utility_player2": 5203,
    "harmonic_mean": 87.06957365990601,
    "pareto_optimum": true
  }
}