{
  "results_folder": "claude-sonnet-4-20250514-t1.0",
  "game_id": 5,
  "proposals": [
    {
      "items": [
        "A36",
        "B33",
        "B73",
        "C11",
        "C34",
        "C45"
      ],
      "weight": 2328,
      "utility_player1": 4233,
      "utility_player2": 4233,
      "normalized_u1": 78.85618479880775,
      "normalized_u2": 78.85618479880775,
      "harmonic_mean": 78.85618479880775,
      "normalized_harmonic_mean": 78.85618479880775,
      "pareto_optimum": false,
      "by": "Player 1",
      "turn": 2
    },
    {
      "items": [
        "A36",
        "B33",
        "B73",
        "C11",
        "C13",
        "C34",
        "C45"
      ],
      "weight": 2929,
      "utility_player1": 5013,
      "utility_player2": 5013,
      "normalized_u1": 93.38673621460507,
      "normalized_u2": 93.38673621460507,
      "harmonic_mean": 93.38673621460508,
      "normalized_harmonic_mean": 93.38673621460507,
      "pareto_optimum": false,
      "by": "Player 2",
      "turn": 2
    },
    {
      "items": [
        "A36",
        "A87",
        "B33",
        "B73",
        "B98",
        "C11",
        "C13",
        "C34",
        "C45"
      ],
      "weight": 3163,
      "utility_player1": 5340,
      "utility_player2": 5340,
      "normalized_u1": 99.47839046199702,
      "normalized_u2": 99.47839046199702,
      "harmonic_mean": 99.47839046199702,
      "normalized_harmonic_mean": 99.47839046199702,
      "pareto_optimum": false,
      "by": "Player 1",
      "turn": 3
    }
  ],
  "refusals": [],
  "agreement": {
    "items": [
      "A36",
      "A87",
      "B33",
      "B73",
      "B98",
      "C11",
      "C13",
      "C34",
      "C45"
    ],
    "weight": 3163,
    "utility_player1": 5340,
    "utility_player2": 5340,
    "normalized_u1": 99.47839046199702,
    "normalized_u2": 99.47839046199702,
    "harmonic_mean": 99.47839046199702,
    "normalized_harmonic_mean": 99.47839046199702,
    "pareto_optimum": false,
    "by": "Player 2",
    "turn": 3
  },
  "max_weight": 3170,
  "scores": {
    "player1_score": 5340,
    "player2_score": 5340,
    "normalized_u1": 99.47839046199702,
    "normalized_u2": 99.47839046199702,
    "harmonic_mean": 99.47839046199702,
    "normalized_harmonic_mean": 99.47839046199702,
    "episode_score": 33.333333333333336,
    "pareto_optimum": false,
    "pareto_adherence_rate": 0.0,
    "alternation_rate": 1.0
  },
  "max_u1": 5368,
  "max_u2": 5368,
  "max_harmonic": 1,
  "nb_proposals": 3,
  "player1_optimum": {
    "items": [
      "A36",
      "A87",
      "B16",
      "B33",
      "B73",
      "B98",
      "C11",
      "C13",
      "C34",
      "C89"
    ],
    "utility_player1": 5368,
    "utility_player2": 5368,
    "pareto_optimum": true
  },
  "player2_optimum": {
    "items": [
      "A36",
      "A87",
      "B16",
      "B33",
      "B73",
      "B98",
      "C11",
      "C13",
      "C34",
      "C89"
    ],
    "utility_player1": 5368,
    "utility_player2": 5368,
    "pareto_optimum": true
  },
  "global_optimum": null
}