{
  "results_folder": "gpt-5-mini-2025-08-07-no-reasoning-t1.0",
  "game_id": 0,
  "proposals": [
    {
      "items": [
        "A15",
        "A30",
        "A56",
        "A75",
        "B11",
        "B26",
        "B91",
        "C47"
      ],
      "weight": 4164,
      "utility_player1": 5773,
      "utility_player2": 5773,
      "normalized_u1": 96.18460513162279,
      "normalized_u2": 96.18460513162279,
      "harmonic_mean": 96.18460513162279,
      "normalized_harmonic_mean": 96.18460513162279,
      "pareto_optimum": false,
      "by": "Player 1",
      "turn": 1
    },
    {
      "items": [
        "A15",
        "A30",
        "A56",
        "B11",
        "B91",
        "C47"
      ],
      "weight": 3270,
      "utility_player1": 4504,
      "utility_player2": 4504,
      "normalized_u1": 75.04165278240586,
      "normalized_u2": 75.04165278240586,
      "harmonic_mean": 75.04165278240586,
      "normalized_harmonic_mean": 75.04165278240586,
      "pareto_optimum": false,
      "by": "Player 2",
      "turn": 1
    },
    {
      "items": [
        "A15",
        "A30",
        "A56",
        "A75",
        "B11",
        "B91",
        "C47"
      ],
      "weight": 3671,
      "utility_player1": 4965,
      "utility_player2": 4965,
      "normalized_u1": 82.72242585804732,
      "normalized_u2": 82.72242585804732,
      "harmonic_mean": 82.72242585804732,
      "normalized_harmonic_mean": 82.72242585804732,
      "pareto_optimum": false,
      "by": "Player 1",
      "turn": 2
    }
  ],
  "refusals": [
    {
      "items": [
        "A15",
        "A30",
        "A56",
        "A75",
        "B11",
        "B26",
        "B91",
        "C47"
      ],
      "weight": 4164,
      "utility_player1": 5773,
      "utility_player2": 5773,
      "normalized_u1": 96.18460513162279,
      "normalized_u2": 96.18460513162279,
      "harmonic_mean": 96.18460513162279,
      "normalized_harmonic_mean": 96.18460513162279,
      "pareto_optimum": false,
      "by": "Player 2",
      "turn": 1
    },
    {
      "items": [
        "A15",
        "A30",
        "A56",
        "B11",
        "B91",
        "C47"
      ],
      "weight": 3270,
      "utility_player1": 4504,
      "utility_player2": 4504,
      "normalized_u1": 75.04165278240586,
      "normalized_u2": 75.04165278240586,
      "harmonic_mean": 75.04165278240586,
      "normalized_harmonic_mean": 75.04165278240586,
      "pareto_optimum": false,
      "by": "Player 1",
      "turn": 2
    }
  ],
  "agreement": {
    "items": [
      "A15",
      "A30",
      "A56",
      "A75",
      "B11",
      "B91",
      "C47"
    ],
    "weight": 3671,
    "utility_player1": 4965,
    "utility_player2": 4965,
    "normalized_u1": 82.72242585804732,
    "normalized_u2": 82.72242585804732,
    "harmonic_mean": 82.72242585804732,
    "normalized_harmonic_mean": 82.72242585804732,
    "pareto_optimum": false,
    "by": "Player 2",
    "turn": 2
  },
  "max_weight": 4379,
  "scores": {
    "player1_score": 4965,
    "player2_score": 4965,
    "normalized_u1": 82.72242585804732,
    "normalized_u2": 82.72242585804732,
    "harmonic_mean": 82.72242585804732,
    "normalized_harmonic_mean": 82.72242585804732,
    "episode_score": 50.0,
    "pareto_optimum": false,
    "pareto_adherence_rate": 0.0
  },
  "max_u1": 6002,
  "max_u2": 6002,
  "max_harmonic": 1,
  "nb_proposals": 3,
  "player1_optimum": {
    "items": [
      "A15",
      "A30",
      "A47",
      "A75",
      "B11",
      "B26",
      "B91",
      "C24",
      "C47"
    ],
    "utility_player1": 6002,
    "utility_player2": 6002,
    "pareto_optimum": true
  },
  "player2_optimum": {
    "items": [
      "A15",
      "A30",
      "A47",
      "A75",
      "B11",
      "B26",
      "B91",
      "C24",
      "C47"
    ],
    "utility_player1": 6002,
    "utility_player2": 6002,
    "pareto_optimum": true
  },
  "global_optimum": null
}