{
  "results_folder": "claude-sonnet-4-20250514-t0.0",
  "game_id": 3,
  "proposals": [
    {
      "items": [
        "A43",
        "A67",
        "B42",
        "C10",
        "C42",
        "C55",
        "C61"
      ],
      "weight": 2741,
      "utility_player1": 5312,
      "utility_player2": 5312,
      "normalized_u1": 86.20577734501785,
      "normalized_u2": 86.20577734501785,
      "harmonic_mean": 86.20577734501785,
      "normalized_harmonic_mean": 86.20577734501785,
      "pareto_optimum": false,
      "by": "Player 1",
      "turn": 2
    },
    {
      "items": [
        "A43",
        "A62",
        "A67",
        "B36",
        "B42",
        "C10",
        "C42",
        "C43",
        "C55",
        "C61"
      ],
      "weight": 3429,
      "utility_player1": 5959,
      "utility_player2": 5959,
      "normalized_u1": 96.70561506004543,
      "normalized_u2": 96.70561506004543,
      "harmonic_mean": 96.70561506004543,
      "normalized_harmonic_mean": 96.70561506004543,
      "pareto_optimum": false,
      "by": "Player 2",
      "turn": 2
    }
  ],
  "refusals": [],
  "agreement": {
    "items": [
      "A43",
      "A62",
      "A67",
      "B36",
      "B42",
      "C10",
      "C42",
      "C43",
      "C55",
      "C61"
    ],
    "weight": 3429,
    "utility_player1": 5959,
    "utility_player2": 5959,
    "normalized_u1": 96.70561506004543,
    "normalized_u2": 96.70561506004543,
    "harmonic_mean": 96.70561506004543,
    "normalized_harmonic_mean": 96.70561506004543,
    "pareto_optimum": false,
    "by": "Player 1",
    "turn": 3
  },
  "max_weight": 3712,
  "scores": {
    "player1_score": 5959,
    "player2_score": 5959,
    "normalized_u1": 96.70561506004543,
    "normalized_u2": 96.70561506004543,
    "harmonic_mean": 96.70561506004543,
    "normalized_harmonic_mean": 96.70561506004543,
    "episode_score": 33.333333333333336,
    "pareto_optimum": false,
    "pareto_adherence_rate": 0.0
  },
  "max_u1": 6162,
  "max_u2": 6162,
  "max_harmonic": 1,
  "nb_proposals": 2,
  "player1_optimum": {
    "items": [
      "A43",
      "A67",
      "B36",
      "B42",
      "C10",
      "C42",
      "C55",
      "C61",
      "C67"
    ],
    "utility_player1": 6162,
    "utility_player2": 6162,
    "pareto_optimum": true
  },
  "player2_optimum": {
    "items": [
      "A43",
      "A67",
      "B36",
      "B42",
      "C10",
      "C42",
      "C55",
      "C61",
      "C67"
    ],
    "utility_player1": 6162,
    "utility_player2": 6162,
    "pareto_optimum": true
  },
  "global_optimum": null
}