{
  "results_folder": "claude-sonnet-4-20250514-t1.0",
  "game_id": 4,
  "proposals": [
    {
      "items": [
        "A42",
        "A48",
        "A62",
        "A84",
        "A87",
        "B36",
        "C33",
        "C60",
        "C72",
        "C99"
      ],
      "weight": 6872,
      "utility_player1": 7862,
      "utility_player2": 7862,
      "normalized_u1": 84.04061998931053,
      "normalized_u2": 84.04061998931053,
      "harmonic_mean": 84.04061998931053,
      "normalized_harmonic_mean": 84.04061998931053,
      "pareto_optimum": null,
      "by": "Player 1",
      "turn": 1
    }
  ],
  "refusals": [],
  "agreement": {
    "items": [
      "A42",
      "A48",
      "A62",
      "A84",
      "A87",
      "B36",
      "C33",
      "C60",
      "C72",
      "C99"
    ],
    "weight": 6872,
    "utility_player1": 7862,
    "utility_player2": 7862,
    "normalized_u1": 84.04061998931053,
    "normalized_u2": 84.04061998931053,
    "harmonic_mean": 84.04061998931053,
    "normalized_harmonic_mean": 84.04061998931053,
    "pareto_optimum": null,
    "by": "Player 2",
    "turn": 1
  },
  "max_weight": 6880,
  "scores": {
    "player1_score": 7862,
    "player2_score": 7862,
    "normalized_u1": 84.04061998931053,
    "normalized_u2": 84.04061998931053,
    "harmonic_mean": 84.04061998931053,
    "normalized_harmonic_mean": 84.04061998931053,
    "episode_score": 100.0,
    "pareto_optimum": null,
    "pareto_adherence_rate": null,
    "alternation_rate": null,
    "avg_normalized_substitutions": null
  },
  "max_u1": 9355,
  "max_u2": 9355,
  "max_harmonic": 1,
  "nb_proposals": 1,
  "normalized_substitutions_per_proposal": [],
  "player1_optimum": {
    "items": [
      "A23",
      "A34",
      "A50",
      "A59",
      "A65",
      "A69",
      "A74",
      "A87",
      "A90",
      "B07",
      "B17",
      "B27",
      "B44",
      "B49",
      "B54",
      "B85",
      "C12",
      "C13",
      "C33",
      "C60",
      "C61",
      "C77",
      "C90",
      "C98",
      "C99"
    ],
    "utility_player1": 9355,
    "utility_player2": 9355,
    "pareto_optimum": null
  },
  "player2_optimum": {
    "items": [
      "A23",
      "A34",
      "A50",
      "A59",
      "A65",
      "A69",
      "A74",
      "A87",
      "A90",
      "B07",
      "B17",
      "B27",
      "B44",
      "B49",
      "B54",
      "B85",
      "C12",
      "C13",
      "C33",
      "C60",
      "C61",
      "C77",
      "C90",
      "C98",
      "C99"
    ],
    "utility_player1": 9355,
    "utility_player2": 9355,
    "pareto_optimum": null
  }
}