{
  "results_folder": "nemotron-nano-9b-v2-t1.0",
  "game_id": 2,
  "proposals": [
    {
      "items": [
        "A18",
        "A67",
        "B36",
        "B42",
        "C08",
        "C10",
        "C42",
        "C43",
        "C55",
        "C73"
      ],
      "weight": 3233,
      "utility_player1": 5488,
      "utility_player2": 5488,
      "normalized_u1": 85.81704456606724,
      "normalized_u2": 85.81704456606724,
      "harmonic_mean": 85.81704456606724,
      "normalized_harmonic_mean": 85.81704456606724,
      "pareto_optimum": false,
      "by": "Player 1",
      "turn": 1
    },
    {
      "items": [
        "A18",
        "A67",
        "B36",
        "B42",
        "C08",
        "C10",
        "C42",
        "C43",
        "C55",
        "C73"
      ],
      "weight": 3233,
      "utility_player1": 5488,
      "utility_player2": 5488,
      "normalized_u1": 85.81704456606724,
      "normalized_u2": 85.81704456606724,
      "harmonic_mean": 85.81704456606724,
      "normalized_harmonic_mean": 85.81704456606724,
      "pareto_optimum": false,
      "by": "Player 1",
      "turn": 2
    },
    {
      "items": [
        "A18",
        "A67",
        "B36",
        "B42",
        "C08",
        "C10",
        "C42",
        "C43",
        "C55",
        "C73"
      ],
      "weight": 3233,
      "utility_player1": 5488,
      "utility_player2": 5488,
      "normalized_u1": 85.81704456606724,
      "normalized_u2": 85.81704456606724,
      "harmonic_mean": 85.81704456606724,
      "normalized_harmonic_mean": 85.81704456606724,
      "pareto_optimum": false,
      "by": "Player 1",
      "turn": 3
    }
  ],
  "refusals": [],
  "agreement": null,
  "max_weight": 3288,
  "scores": {
    "pareto_adherence_rate": 0.0
  },
  "max_u1": 6395,
  "max_u2": 6395,
  "max_harmonic": 1,
  "nb_proposals": 3,
  "player1_optimum": {
    "items": [
      "A18",
      "A43",
      "A67",
      "B36",
      "B42",
      "C08",
      "C10",
      "C42",
      "C55",
      "C61"
    ],
    "utility_player1": 6395,
    "utility_player2": 6395,
    "pareto_optimum": true
  },
  "player2_optimum": {
    "items": [
      "A18",
      "A43",
      "A67",
      "B36",
      "B42",
      "C08",
      "C10",
      "C42",
      "C55",
      "C61"
    ],
    "utility_player1": 6395,
    "utility_player2": 6395,
    "pareto_optimum": true
  },
  "global_optimum": null
}