{
  "results_folder": "gpt-5-2025-08-07-no-reasoning-t1.0",
  "game_id": 2,
  "proposals": [
    {
      "items": [
        "A34",
        "A42",
        "A48",
        "A50",
        "A62",
        "A74",
        "A84",
        "A87",
        "A90",
        "B36",
        "B49",
        "C12",
        "C51",
        "C60",
        "C77",
        "C90"
      ],
      "weight": 9303,
      "utility_player1": 10839,
      "utility_player2": 10839,
      "normalized_u1": 94.00693842150912,
      "normalized_u2": 94.00693842150912,
      "harmonic_mean": 94.00693842150912,
      "normalized_harmonic_mean": 94.00693842150912,
      "pareto_optimum": null,
      "by": "Player 1",
      "turn": 1
    },
    {
      "items": [
        "A34",
        "A42",
        "A48",
        "A50",
        "A59",
        "A62",
        "A69",
        "A74",
        "A84",
        "A87",
        "A90",
        "B36",
        "B49",
        "C12",
        "C51",
        "C60"
      ],
      "weight": 10056,
      "utility_player1": 0,
      "utility_player2": 0,
      "normalized_u1": 0,
      "normalized_u2": 0,
      "harmonic_mean": 100.53772766695576,
      "normalized_harmonic_mean": 0,
      "pareto_optimum": null,
      "by": "Player 2",
      "turn": 1
    },
    {
      "items": [
        "A42",
        "A48",
        "A50",
        "A59",
        "A62",
        "A69",
        "A74",
        "A84",
        "A87",
        "B36",
        "B49",
        "C12",
        "C51",
        "C60",
        "C90"
      ],
      "weight": 9320,
      "utility_player1": 10760,
      "utility_player2": 10760,
      "normalized_u1": 93.32176929748482,
      "normalized_u2": 93.32176929748482,
      "harmonic_mean": 93.32176929748482,
      "normalized_harmonic_mean": 93.32176929748482,
      "pareto_optimum": null,
      "by": "Player 1",
      "turn": 2
    }
  ],
  "refusals": [
    {
      "items": [
        "A34",
        "A42",
        "A48",
        "A50",
        "A62",
        "A74",
        "A84",
        "A87",
        "A90",
        "B36",
        "B49",
        "C12",
        "C51",
        "C60",
        "C77",
        "C90"
      ],
      "weight": 9303,
      "utility_player1": 10839,
      "utility_player2": 10839,
      "normalized_u1": 94.00693842150912,
      "normalized_u2": 94.00693842150912,
      "harmonic_mean": 94.00693842150912,
      "normalized_harmonic_mean": 94.00693842150912,
      "pareto_optimum": null,
      "by": "Player 2",
      "turn": 1
    },
    {
      "items": [
        "A34",
        "A42",
        "A48",
        "A50",
        "A59",
        "A62",
        "A69",
        "A74",
        "A84",
        "A87",
        "A90",
        "B36",
        "B49",
        "C12",
        "C51",
        "C60"
      ],
      "weight": 10056,
      "utility_player1": 0,
      "utility_player2": 0,
      "normalized_u1": 0,
      "normalized_u2": 0,
      "harmonic_mean": 100.53772766695576,
      "normalized_harmonic_mean": 0,
      "pareto_optimum": null,
      "by": "Player 1",
      "turn": 2
    }
  ],
  "agreement": {
    "items": [
      "A42",
      "A48",
      "A50",
      "A59",
      "A62",
      "A69",
      "A74",
      "A84",
      "A87",
      "B36",
      "B49",
      "C12",
      "C51",
      "C60",
      "C90"
    ],
    "weight": 9320,
    "utility_player1": 10760,
    "utility_player2": 10760,
    "normalized_u1": 93.32176929748482,
    "normalized_u2": 93.32176929748482,
    "harmonic_mean": 93.32176929748482,
    "normalized_harmonic_mean": 93.32176929748482,
    "pareto_optimum": null,
    "by": "Player 2",
    "turn": 2
  },
  "max_weight": 9322,
  "scores": {
    "player1_score": 10760,
    "player2_score": 10760,
    "normalized_u1": 93.32176929748482,
    "normalized_u2": 93.32176929748482,
    "harmonic_mean": 93.32176929748482,
    "normalized_harmonic_mean": 93.32176929748482,
    "episode_score": 50.0,
    "pareto_optimum": null,
    "pareto_adherence_rate": null
  },
  "max_u1": 11530,
  "max_u2": 11530,
  "max_harmonic": 1,
  "nb_proposals": 3,
  "player1_optimum": {
    "items": [
      "A23",
      "A34",
      "A48",
      "A50",
      "A65",
      "A74",
      "A90",
      "B27",
      "B44",
      "B49",
      "B54",
      "C12",
      "C13",
      "C22",
      "C23",
      "C33",
      "C51",
      "C61",
      "C72",
      "C77",
      "C90",
      "C98",
      "C99"
    ],
    "utility_player1": 11530,
    "utility_player2": 11530,
    "pareto_optimum": null
  },
  "player2_optimum": {
    "items": [
      "A23",
      "A34",
      "A48",
      "A50",
      "A65",
      "A74",
      "A90",
      "B27",
      "B44",
      "B49",
      "B54",
      "C12",
      "C13",
      "C22",
      "C23",
      "C33",
      "C51",
      "C61",
      "C72",
      "C77",
      "C90",
      "C98",
      "C99"
    ],
    "utility_player1": 11530,
    "utility_player2": 11530,
    "pareto_optimum": null
  },
  "global_optimum": null
}