{
  "results_folder": "gpt-5-2025-08-07-no-reasoning-t1.0",
  "game_id": 2,
  "proposals": [
    {
      "items": [
        "A40",
        "A77",
        "A81",
        "A91",
        "A95",
        "B11",
        "B38",
        "B54",
        "B55",
        "B56",
        "B59",
        "B75",
        "B79",
        "B96",
        "C05",
        "C16",
        "C24",
        "C28",
        "C31",
        "C50"
      ],
      "weight": 7856,
      "utility_player1": 13418,
      "utility_player2": 13418,
      "normalized_u1": 97.91301809690601,
      "normalized_u2": 97.91301809690601,
      "harmonic_mean": 97.91301809690601,
      "normalized_harmonic_mean": 97.91301809690601,
      "pareto_optimum": null,
      "by": "Player 1",
      "turn": 1
    },
    {
      "items": [
        "A40",
        "A77",
        "A81",
        "A91",
        "A95",
        "B11",
        "B38",
        "B54",
        "B55",
        "B56",
        "B59",
        "B75",
        "B79",
        "B96",
        "C05",
        "C16",
        "C24",
        "C28",
        "C31",
        "C50"
      ],
      "weight": 7856,
      "utility_player1": 13418,
      "utility_player2": 13418,
      "normalized_u1": 97.91301809690601,
      "normalized_u2": 97.91301809690601,
      "harmonic_mean": 97.91301809690601,
      "normalized_harmonic_mean": 97.91301809690601,
      "pareto_optimum": null,
      "by": "Player 1",
      "turn": 2
    },
    {
      "items": [
        "A40",
        "A77",
        "A81",
        "A91",
        "A95",
        "B11",
        "B24",
        "B38",
        "B51",
        "B54",
        "B55",
        "B56",
        "B59",
        "B75",
        "B79",
        "B96",
        "C05",
        "C16",
        "C24",
        "C28",
        "C31",
        "C50"
      ],
      "weight": 8365,
      "utility_player1": 0,
      "utility_player2": 0,
      "normalized_u1": 0,
      "normalized_u2": 0,
      "harmonic_mean": 101.63455925277292,
      "normalized_harmonic_mean": 0,
      "pareto_optimum": null,
      "by": "Player 2",
      "turn": 2
    },
    {
      "items": [
        "A40",
        "A81",
        "A91",
        "A95",
        "B11",
        "B24",
        "B38",
        "B51",
        "B54",
        "B55",
        "B56",
        "B59",
        "B75",
        "B79",
        "B96",
        "C05",
        "C16",
        "C24",
        "C28",
        "C31",
        "C50"
      ],
      "weight": 7687,
      "utility_player1": 13467,
      "utility_player2": 13467,
      "normalized_u1": 98.27057793345008,
      "normalized_u2": 98.27057793345008,
      "harmonic_mean": 98.27057793345008,
      "normalized_harmonic_mean": 98.27057793345008,
      "pareto_optimum": null,
      "by": "Player 1",
      "turn": 3
    },
    {
      "items": [
        "A40",
        "A77",
        "A81",
        "A91",
        "A95",
        "B11",
        "B24",
        "B38",
        "B51",
        "B54",
        "B55",
        "B56",
        "B59",
        "B75",
        "B79",
        "B96",
        "C05",
        "C16",
        "C24",
        "C28",
        "C31",
        "C50"
      ],
      "weight": 8365,
      "utility_player1": 0,
      "utility_player2": 0,
      "normalized_u1": 0,
      "normalized_u2": 0,
      "harmonic_mean": 101.63455925277292,
      "normalized_harmonic_mean": 0,
      "pareto_optimum": null,
      "by": "Player 2",
      "turn": 3
    }
  ],
  "refusals": [
    {
      "items": [
        "A40",
        "A77",
        "A81",
        "A91",
        "A95",
        "B11",
        "B24",
        "B38",
        "B51",
        "B54",
        "B55",
        "B56",
        "B59",
        "B75",
        "B79",
        "B96",
        "C05",
        "C16",
        "C24",
        "C28",
        "C31",
        "C50"
      ],
      "weight": 8365,
      "utility_player1": 0,
      "utility_player2": 0,
      "normalized_u1": 0,
      "normalized_u2": 0,
      "harmonic_mean": 101.63455925277292,
      "normalized_harmonic_mean": 0,
      "pareto_optimum": null,
      "by": "Player 1",
      "turn": 3
    }
  ],
  "agreement": {
    "items": [
      "A40",
      "A77",
      "A81",
      "A91",
      "A95",
      "B11",
      "B24",
      "B38",
      "B51",
      "B54",
      "B55",
      "B56",
      "B59",
      "B75",
      "B79",
      "B96",
      "C05",
      "C16",
      "C24",
      "C28",
      "C31",
      "C50"
    ],
    "weight": 8365,
    "utility_player1": 0,
    "utility_player2": 0,
    "normalized_u1": 0,
    "normalized_u2": 0,
    "harmonic_mean": 101.63455925277292,
    "normalized_harmonic_mean": 0,
    "pareto_optimum": null,
    "by": "Player 1",
    "turn": 4
  },
  "max_weight": 7868,
  "scores": {
    "player1_score": 0,
    "player2_score": 0,
    "normalized_u1": 0,
    "normalized_u2": 0,
    "harmonic_mean": 101.63455925277292,
    "normalized_harmonic_mean": 0,
    "episode_score": 25.0,
    "pareto_optimum": null,
    "pareto_adherence_rate": null,
    "alternation_rate": 0.75
  },
  "max_u1": 13704,
  "max_u2": 13704,
  "max_harmonic": 1,
  "nb_proposals": 5,
  "player1_optimum": {
    "items": [
      "A40",
      "A81",
      "A91",
      "A93",
      "A95",
      "B11",
      "B38",
      "B54",
      "B55",
      "B56",
      "B59",
      "B75",
      "B79",
      "B96",
      "C03",
      "C05",
      "C24",
      "C28",
      "C31",
      "C50",
      "C52"
    ],
    "utility_player1": 13704,
    "utility_player2": 13704,
    "pareto_optimum": null
  },
  "player2_optimum": {
    "items": [
      "A40",
      "A81",
      "A91",
      "A93",
      "A95",
      "B11",
      "B38",
      "B54",
      "B55",
      "B56",
      "B59",
      "B75",
      "B79",
      "B96",
      "C03",
      "C05",
      "C24",
      "C28",
      "C31",
      "C50",
      "C52"
    ],
    "utility_player1": 13704,
    "utility_player2": 13704,
    "pareto_optimum": null
  },
  "global_optimum": null
}