{
  "results_folder": "deepseek-r1-distill-llama-70b-t1.0",
  "game_id": 0,
  "proposals": [
    {
      "items": [
        "A23",
        "A34",
        "A42",
        "A48",
        "A50",
        "A59",
        "A62",
        "A65",
        "A69",
        "A74",
        "A84",
        "A87",
        "A90",
        "A99",
        "B07",
        "B17",
        "B27",
        "B36",
        "B44",
        "B49",
        "B54",
        "B85",
        "C12",
        "C13",
        "C22",
        "C23",
        "C33",
        "C51",
        "C60",
        "C61",
        "C72",
        "C77",
        "C90",
        "C98",
        "C99"
      ],
      "weight": 20146,
      "utility_player1": 0,
      "utility_player2": 0,
      "normalized_u1": 0,
      "normalized_u2": 0,
      "harmonic_mean": 191.1821862348178,
      "normalized_harmonic_mean": 0,
      "pareto_optimum": null,
      "by": "Player 1",
      "turn": 1
    },
    {
      "items": [
        "A34",
        "A42",
        "A62",
        "A69",
        "A74",
        "A90",
        "B17",
        "B44",
        "C13",
        "C23",
        "C72"
      ],
      "weight": 9533,
      "utility_player1": 10622,
      "utility_player2": 10622,
      "normalized_u1": 86.0080971659919,
      "normalized_u2": 86.0080971659919,
      "harmonic_mean": 86.0080971659919,
      "normalized_harmonic_mean": 86.0080971659919,
      "pareto_optimum": null,
      "by": "Player 1",
      "turn": 2
    },
    {
      "items": [
        "A34",
        "A42",
        "A62",
        "A69",
        "A74",
        "A90",
        "B17",
        "B44",
        "C13",
        "C23",
        "C72"
      ],
      "weight": 9533,
      "utility_player1": 10622,
      "utility_player2": 10622,
      "normalized_u1": 86.0080971659919,
      "normalized_u2": 86.0080971659919,
      "harmonic_mean": 86.0080971659919,
      "normalized_harmonic_mean": 86.0080971659919,
      "pareto_optimum": null,
      "by": "Player 1",
      "turn": 3
    }
  ],
  "refusals": [
    {
      "items": [
        "A23",
        "A34",
        "A42",
        "A48",
        "A50",
        "A59",
        "A62",
        "A65",
        "A69",
        "A74",
        "A84",
        "A87",
        "A90",
        "A99",
        "B07",
        "B17",
        "B27",
        "B36",
        "B44",
        "B49",
        "B54",
        "B85",
        "C12",
        "C13",
        "C22",
        "C23",
        "C33",
        "C51",
        "C60",
        "C61",
        "C72",
        "C77",
        "C90",
        "C98",
        "C99"
      ],
      "weight": 20146,
      "utility_player1": 0,
      "utility_player2": 0,
      "normalized_u1": 0,
      "normalized_u2": 0,
      "harmonic_mean": 191.1821862348178,
      "normalized_harmonic_mean": 0,
      "pareto_optimum": null,
      "by": "Player 2",
      "turn": 1
    }
  ],
  "agreement": {
    "items": [
      "A34",
      "A42",
      "A62",
      "A69",
      "A74",
      "A90",
      "B17",
      "B44",
      "C13",
      "C23",
      "C72"
    ],
    "weight": 9533,
    "utility_player1": 10622,
    "utility_player2": 10622,
    "normalized_u1": 86.0080971659919,
    "normalized_u2": 86.0080971659919,
    "harmonic_mean": 86.0080971659919,
    "normalized_harmonic_mean": 86.0080971659919,
    "pareto_optimum": null,
    "by": "Player 2",
    "turn": 3
  },
  "max_weight": 10073,
  "scores": {
    "player1_score": 10622,
    "player2_score": 10622,
    "normalized_u1": 86.0080971659919,
    "normalized_u2": 86.0080971659919,
    "harmonic_mean": 86.0080971659919,
    "normalized_harmonic_mean": 86.0080971659919,
    "episode_score": 33.333333333333336,
    "pareto_optimum": null,
    "pareto_adherence_rate": null,
    "alternation_rate": 0.0,
    "avg_normalized_substitutions": 0.34285714285714286
  },
  "max_u1": 12350,
  "max_u2": 12350,
  "max_harmonic": 1,
  "nb_proposals": 3,
  "normalized_substitutions_per_proposal": [
    0.6857142857142857,
    0.0
  ],
  "player1_optimum": {
    "items": [
      "A23",
      "A48",
      "A59",
      "A65",
      "A84",
      "A87",
      "A99",
      "B07",
      "B27",
      "B36",
      "B49",
      "B54",
      "B85",
      "C12",
      "C22",
      "C33",
      "C51",
      "C60",
      "C61",
      "C77",
      "C90",
      "C98",
      "C99"
    ],
    "utility_player1": 12350,
    "utility_player2": 12350,
    "pareto_optimum": null
  },
  "player2_optimum": {
    "items": [
      "A23",
      "A48",
      "A59",
      "A65",
      "A84",
      "A87",
      "A99",
      "B07",
      "B27",
      "B36",
      "B49",
      "B54",
      "B85",
      "C12",
      "C22",
      "C33",
      "C51",
      "C60",
      "C61",
      "C77",
      "C90",
      "C98",
      "C99"
    ],
    "utility_player1": 12350,
    "utility_player2": 12350,
    "pareto_optimum": null
  }
}