{
  "results_folder": "llama-3.3-70b-instruct-t1.0",
  "game_id": 1,
  "proposals": [
    {
      "items": [
        "A04",
        "A41",
        "A48",
        "B21",
        "B53"
      ],
      "weight": 2993,
      "utility_player1": 4061,
      "utility_player2": 975,
      "normalized_u1": 75.35720912970866,
      "normalized_u2": 16.030910884577445,
      "harmonic_mean": 26.43767491617028,
      "normalized_harmonic_mean": 29.718180246820996,
      "pareto_optimum": false,
      "by": "Player 1",
      "turn": 1
    },
    {
      "items": [
        "A61",
        "A89",
        "B85",
        "C04",
        "C64"
      ],
      "weight": 2108,
      "utility_player1": 1738,
      "utility_player2": 3350,
      "normalized_u1": 32.25088142512526,
      "normalized_u2": 55.08056560341993,
      "harmonic_mean": 40.68172120230861,
      "normalized_harmonic_mean": 45.729691709828266,
      "pareto_optimum": false,
      "by": "Player 1",
      "turn": 2
    },
    {
      "items": [
        "A61",
        "A89",
        "B85",
        "C04",
        "C33"
      ],
      "weight": 2811,
      "utility_player1": 1811,
      "utility_player2": 3290,
      "normalized_u1": 33.60549267025422,
      "normalized_u2": 54.094048010522854,
      "harmonic_mean": 41.456480155099904,
      "normalized_harmonic_mean": 46.60058622986064,
      "pareto_optimum": false,
      "by": "Player 2",
      "turn": 2
    }
  ],
  "refusals": [
    {
      "items": [
        "A04",
        "A41",
        "A48",
        "B21",
        "B53"
      ],
      "weight": 2993,
      "utility_player1": 4061,
      "utility_player2": 975,
      "normalized_u1": 75.35720912970866,
      "normalized_u2": 16.030910884577445,
      "harmonic_mean": 26.43767491617028,
      "normalized_harmonic_mean": 29.718180246820996,
      "pareto_optimum": false,
      "by": "Player 2",
      "turn": 1
    }
  ],
  "agreement": {
    "items": [
      "A61",
      "A89",
      "B85",
      "C04",
      "C33"
    ],
    "weight": 2811,
    "utility_player1": 1811,
    "utility_player2": 3290,
    "normalized_u1": 33.60549267025422,
    "normalized_u2": 54.094048010522854,
    "harmonic_mean": 41.456480155099904,
    "normalized_harmonic_mean": 46.60058622986064,
    "pareto_optimum": false,
    "by": "Player 1",
    "turn": 3
  },
  "max_weight": 4026,
  "scores": {
    "player1_score": 1811,
    "player2_score": 3290,
    "normalized_u1": 33.60549267025422,
    "normalized_u2": 54.094048010522854,
    "harmonic_mean": 41.456480155099904,
    "normalized_harmonic_mean": 46.60058622986064,
    "episode_score": 33.333333333333336,
    "pareto_optimum": false,
    "pareto_adherence_rate": 0.0,
    "alternation_rate": 0.5
  },
  "max_u1": 5389,
  "max_u2": 6082,
  "max_harmonic": 88.96128462979614,
  "nb_proposals": 3,
  "player1_optimum": {
    "items": [
      "A04",
      "A41",
      "A45",
      "A89",
      "B21",
      "B53",
      "B61",
      "B85"
    ],
    "utility_player1": 5389,
    "utility_player2": 3106,
    "pareto_optimum": true
  },
  "player2_optimum": {
    "items": [
      "A03",
      "A41",
      "A61",
      "B61",
      "B85",
      "C04",
      "C33",
      "C49",
      "C64"
    ],
    "utility_player1": 3211,
    "utility_player2": 6082,
    "pareto_optimum": true
  },
  "global_optimum": {
    "items": [
      "A04",
      "A41",
      "A45",
      "A61",
      "B21",
      "B61",
      "B85",
      "C04",
      "C49",
      "C64"
    ],
    "utility_player1": 4982,
    "utility_player2": 5214,
    "harmonic_mean": 88.96128462979614,
    "pareto_optimum": true
  }
}