{
  "results_folder": "deepseek-r1-distill-llama-70b-t1.0",
  "game_id": 5,
  "proposals": [
    {
      "items": [
        "A08",
        "A16",
        "A27",
        "A30",
        "B00",
        "B09",
        "B10",
        "B12",
        "B45",
        "B46",
        "B53",
        "B60",
        "B67",
        "B85",
        "B94",
        "C12",
        "C15",
        "C34",
        "C35",
        "C70",
        "C81"
      ],
      "weight": 9315,
      "utility_player1": 14153,
      "utility_player2": 14153,
      "normalized_u1": 96.43635868083946,
      "normalized_u2": 96.43635868083946,
      "harmonic_mean": 96.43635868083946,
      "normalized_harmonic_mean": 96.43635868083946,
      "pareto_optimum": null,
      "by": "Player 1",
      "turn": 1
    },
    {
      "items": [
        "A05",
        "A08",
        "A16",
        "A27",
        "A30",
        "B00",
        "B09",
        "B10",
        "B12",
        "B45",
        "B46",
        "B60",
        "B67",
        "B85",
        "B94",
        "C12",
        "C15",
        "C34",
        "C35",
        "C70",
        "C81"
      ],
      "weight": 9400,
      "utility_player1": 14477,
      "utility_player2": 14477,
      "normalized_u1": 98.64404469882801,
      "normalized_u2": 98.64404469882801,
      "harmonic_mean": 98.64404469882801,
      "normalized_harmonic_mean": 98.64404469882801,
      "pareto_optimum": null,
      "by": "Player 1",
      "turn": 2
    },
    {
      "items": [
        "A05",
        "A08",
        "A16",
        "A27",
        "A30",
        "B00",
        "B09",
        "B10",
        "B12",
        "B45",
        "B46",
        "B60",
        "B67",
        "B85",
        "B94",
        "C12",
        "C15",
        "C34",
        "C35",
        "C70",
        "C81"
      ],
      "weight": 9400,
      "utility_player1": 14477,
      "utility_player2": 14477,
      "normalized_u1": 98.64404469882801,
      "normalized_u2": 98.64404469882801,
      "harmonic_mean": 98.64404469882801,
      "normalized_harmonic_mean": 98.64404469882801,
      "pareto_optimum": null,
      "by": "Player 1",
      "turn": 3
    }
  ],
  "refusals": [],
  "agreement": null,
  "max_weight": 9475,
  "scores": {
    "pareto_adherence_rate": null
  },
  "max_u1": 14676,
  "max_u2": 14676,
  "max_harmonic": 1,
  "nb_proposals": 3,
  "player1_optimum": {
    "items": [
      "A05",
      "A08",
      "A16",
      "A27",
      "A30",
      "A66",
      "B00",
      "B09",
      "B12",
      "B45",
      "B46",
      "B60",
      "B67",
      "B85",
      "B94",
      "C12",
      "C15",
      "C34",
      "C35",
      "C70",
      "C81"
    ],
    "utility_player1": 14676,
    "utility_player2": 14676,
    "pareto_optimum": null
  },
  "player2_optimum": {
    "items": [
      "A05",
      "A08",
      "A16",
      "A27",
      "A30",
      "A66",
      "B00",
      "B09",
      "B12",
      "B45",
      "B46",
      "B60",
      "B67",
      "B85",
      "B94",
      "C12",
      "C15",
      "C34",
      "C35",
      "C70",
      "C81"
    ],
    "utility_player1": 14676,
    "utility_player2": 14676,
    "pareto_optimum": null
  },
  "global_optimum": null
}