{
  "results_folder": "deepseek-r1-distill-llama-70b-t1.0",
  "game_id": 4,
  "proposals": [
    {
      "items": [
        "A40",
        "A77",
        "A91",
        "B24",
        "B38",
        "B54",
        "B56",
        "B59",
        "B79",
        "B86",
        "C03",
        "C05",
        "C16",
        "C24",
        "C28",
        "C31",
        "C50",
        "C59",
        "C61"
      ],
      "weight": 8947,
      "utility_player1": 12694,
      "utility_player2": 12694,
      "normalized_u1": 90.08587041373927,
      "normalized_u2": 90.08587041373927,
      "harmonic_mean": 90.08587041373927,
      "normalized_harmonic_mean": 90.08587041373927,
      "pareto_optimum": null,
      "by": "Player 1",
      "turn": 1
    },
    {
      "items": [
        "A40",
        "A52",
        "A77",
        "A91",
        "A95",
        "B38",
        "B54",
        "B56",
        "B59",
        "B79",
        "B86",
        "C03",
        "C05",
        "C16",
        "C24",
        "C28",
        "C31",
        "C50"
      ],
      "weight": 9378,
      "utility_player1": 12942,
      "utility_player2": 12942,
      "normalized_u1": 91.84585905897382,
      "normalized_u2": 91.84585905897382,
      "harmonic_mean": 91.84585905897382,
      "normalized_harmonic_mean": 91.84585905897382,
      "pareto_optimum": null,
      "by": "Player 2",
      "turn": 1
    },
    {
      "items": [
        "A40",
        "A52",
        "A77",
        "A81",
        "A91",
        "A95",
        "B38",
        "B54",
        "B56",
        "B59",
        "B75",
        "B79",
        "B86",
        "C03",
        "C05",
        "C16",
        "C24",
        "C28",
        "C31",
        "C50",
        "C61"
      ],
      "weight": 9942,
      "utility_player1": 0,
      "utility_player2": 0,
      "normalized_u1": 0,
      "normalized_u2": 0,
      "harmonic_mean": 98.62323468880845,
      "normalized_harmonic_mean": 0,
      "pareto_optimum": null,
      "by": "Player 1",
      "turn": 2
    },
    {
      "items": [
        "A40",
        "A52",
        "A77",
        "A81",
        "A91",
        "A95",
        "B38",
        "B54",
        "B56",
        "B59",
        "B75",
        "B79",
        "B86",
        "C03",
        "C05",
        "C16",
        "C24",
        "C28",
        "C31",
        "C50",
        "C61"
      ],
      "weight": 9942,
      "utility_player1": 0,
      "utility_player2": 0,
      "normalized_u1": 0,
      "normalized_u2": 0,
      "harmonic_mean": 98.62323468880845,
      "normalized_harmonic_mean": 0,
      "pareto_optimum": null,
      "by": "Player 1",
      "turn": 3
    },
    {
      "items": [
        "A40",
        "A52",
        "A77",
        "A91",
        "A95",
        "B38",
        "B54",
        "B56",
        "B59",
        "B79",
        "B86",
        "B96",
        "C03",
        "C05",
        "C16",
        "C24",
        "C28",
        "C31",
        "C32",
        "C50"
      ],
      "weight": 11001,
      "utility_player1": 0,
      "utility_player2": 0,
      "normalized_u1": 0,
      "normalized_u2": 0,
      "harmonic_mean": 97.12582499467747,
      "normalized_harmonic_mean": 0,
      "pareto_optimum": null,
      "by": "Player 2",
      "turn": 3
    },
    {
      "items": [
        "A40",
        "A77",
        "A91",
        "A95",
        "B38",
        "B54",
        "B56",
        "B59",
        "B79",
        "B86",
        "B96",
        "C03",
        "C05",
        "C16",
        "C24",
        "C28",
        "C31",
        "C50"
      ],
      "weight": 9323,
      "utility_player1": 13333,
      "utility_player2": 13333,
      "normalized_u1": 94.6206798665815,
      "normalized_u2": 94.6206798665815,
      "harmonic_mean": 94.62067986658151,
      "normalized_harmonic_mean": 94.6206798665815,
      "pareto_optimum": null,
      "by": "Player 2",
      "turn": 4
    },
    {
      "items": [
        "A40",
        "A77",
        "A91",
        "A95",
        "B38",
        "B54",
        "B56",
        "B59",
        "B79",
        "B86",
        "B96",
        "C03",
        "C05",
        "C16",
        "C24",
        "C28",
        "C31",
        "C50",
        "C54"
      ],
      "weight": 9447,
      "utility_player1": 13363,
      "utility_player2": 13363,
      "normalized_u1": 94.83358171882762,
      "normalized_u2": 94.83358171882762,
      "harmonic_mean": 94.83358171882762,
      "normalized_harmonic_mean": 94.83358171882762,
      "pareto_optimum": null,
      "by": "Player 2",
      "turn": 5
    },
    {
      "items": [
        "A40",
        "A77",
        "A91",
        "A95",
        "B38",
        "B54",
        "B56",
        "B59",
        "B79",
        "B86",
        "B96",
        "C03",
        "C05",
        "C16",
        "C24",
        "C28",
        "C31",
        "C50",
        "C54"
      ],
      "weight": 9447,
      "utility_player1": 13363,
      "utility_player2": 13363,
      "normalized_u1": 94.83358171882762,
      "normalized_u2": 94.83358171882762,
      "harmonic_mean": 94.83358171882762,
      "normalized_harmonic_mean": 94.83358171882762,
      "pareto_optimum": null,
      "by": "Player 2",
      "turn": 5
    },
    {
      "items": [
        "A40",
        "A77",
        "A81",
        "A91",
        "A95",
        "B38",
        "B54",
        "B56",
        "B59",
        "B79",
        "B86",
        "B96",
        "C03",
        "C05",
        "C16",
        "C24",
        "C28",
        "C31",
        "C50"
      ],
      "weight": 9711,
      "utility_player1": 0,
      "utility_player2": 0,
      "normalized_u1": 0,
      "normalized_u2": 0,
      "harmonic_mean": 99.04194166489249,
      "normalized_harmonic_mean": 0,
      "pareto_optimum": null,
      "by": "Player 1",
      "turn": 6
    }
  ],
  "refusals": [
    {
      "items": [
        "A40",
        "A77",
        "A91",
        "A95",
        "B38",
        "B54",
        "B56",
        "B59",
        "B79",
        "B86",
        "B96",
        "C03",
        "C05",
        "C16",
        "C24",
        "C28",
        "C31",
        "C50"
      ],
      "weight": 9323,
      "utility_player1": 13333,
      "utility_player2": 13333,
      "normalized_u1": 94.6206798665815,
      "normalized_u2": 94.6206798665815,
      "harmonic_mean": 94.62067986658151,
      "normalized_harmonic_mean": 94.6206798665815,
      "pareto_optimum": null,
      "by": "Player 1",
      "turn": 5
    }
  ],
  "agreement": {
    "items": [
      "A40",
      "A77",
      "A81",
      "A91",
      "A95",
      "B38",
      "B54",
      "B56",
      "B59",
      "B79",
      "B86",
      "C03",
      "C05",
      "C16",
      "C24",
      "C28",
      "C31",
      "C50"
    ],
    "weight": 9023,
    "utility_player1": 13350,
    "utility_player2": 13350,
    "normalized_u1": 94.74132424952097,
    "normalized_u2": 94.74132424952097,
    "harmonic_mean": 94.74132424952097,
    "normalized_harmonic_mean": 94.74132424952097,
    "pareto_optimum": null,
    "by": "Player 2",
    "turn": 6
  },
  "max_weight": 9612,
  "scores": {
    "player1_score": 13350,
    "player2_score": 13350,
    "normalized_u1": 94.74132424952097,
    "normalized_u2": 94.74132424952097,
    "harmonic_mean": 94.74132424952097,
    "normalized_harmonic_mean": 94.74132424952097,
    "episode_score": 16.666666666666668,
    "pareto_optimum": null,
    "pareto_adherence_rate": null,
    "alternation_rate": 0.5
  },
  "max_u1": 14091,
  "max_u2": 14091,
  "max_harmonic": 1,
  "nb_proposals": 9,
  "player1_optimum": {
    "items": [
      "A40",
      "A77",
      "A81",
      "A91",
      "A93",
      "A95",
      "B38",
      "B54",
      "B56",
      "B59",
      "B75",
      "B86",
      "B96",
      "C03",
      "C05",
      "C16",
      "C24",
      "C28",
      "C31",
      "C50",
      "C54",
      "C61"
    ],
    "utility_player1": 14091,
    "utility_player2": 14091,
    "pareto_optimum": null
  },