{
  "results_folder": "gpt-5-mini-2025-08-07-t1.0",
  "game_id": 2,
  "proposals": [
    {
      "items": [
        "A40",
        "A81",
        "A91",
        "A95",
        "B11",
        "B24",
        "B38",
        "B51",
        "B54",
        "B55",
        "B56",
        "B59",
        "B60",
        "B75",
        "B79",
        "B96",
        "C05",
        "C24",
        "C28",
        "C31",
        "C50",
        "C52"
      ],
      "weight": 7801,
      "utility_player1": 13672,
      "utility_player2": 13672,
      "normalized_u1": 99.76649153531815,
      "normalized_u2": 99.76649153531815,
      "harmonic_mean": 99.76649153531815,
      "normalized_harmonic_mean": 99.76649153531815,
      "pareto_optimum": null,
      "by": "Player 1",
      "turn": 1
    }
  ],
  "refusals": [],
  "agreement": {
    "items": [
      "A40",
      "A81",
      "A91",
      "A95",
      "B11",
      "B24",
      "B38",
      "B51",
      "B54",
      "B55",
      "B56",
      "B59",
      "B60",
      "B75",
      "B79",
      "B96",
      "C05",
      "C24",
      "C28",
      "C31",
      "C50",
      "C52"
    ],
    "weight": 7801,
    "utility_player1": 13672,
    "utility_player2": 13672,
    "normalized_u1": 99.76649153531815,
    "normalized_u2": 99.76649153531815,
    "harmonic_mean": 99.76649153531815,
    "normalized_harmonic_mean": 99.76649153531815,
    "pareto_optimum": null,
    "by": "Player 2",
    "turn": 1
  },
  "max_weight": 7868,
  "scores": {
    "player1_score": 13672,
    "player2_score": 13672,
    "normalized_u1": 99.76649153531815,
    "normalized_u2": 99.76649153531815,
    "harmonic_mean": 99.76649153531815,
    "normalized_harmonic_mean": 99.76649153531815,
    "episode_score": 100.0,
    "pareto_optimum": null,
    "pareto_adherence_rate": null,
    "alternation_rate": null
  },
  "max_u1": 13704,
  "max_u2": 13704,
  "max_harmonic": 1,
  "nb_proposals": 1,
  "player1_optimum": {
    "items": [
      "A40",
      "A81",
      "A91",
      "A93",
      "A95",
      "B11",
      "B38",
      "B54",
      "B55",
      "B56",
      "B59",
      "B75",
      "B79",
      "B96",
      "C03",
      "C05",
      "C24",
      "C28",
      "C31",
      "C50",
      "C52"
    ],
    "utility_player1": 13704,
    "utility_player2": 13704,
    "pareto_optimum": null
  },
  "player2_optimum": {
    "items": [
      "A40",
      "A81",
      "A91",
      "A93",
      "A95",
      "B11",
      "B38",
      "B54",
      "B55",
      "B56",
      "B59",
      "B75",
      "B79",
      "B96",
      "C03",
      "C05",
      "C24",
      "C28",
      "C31",
      "C50",
      "C52"
    ],
    "utility_player1": 13704,
    "utility_player2": 13704,
    "pareto_optimum": null
  },
  "global_optimum": null
}