{
  "results_folder": "nemotron-nano-9b-v2-no-reasoning-t1.0",
  "game_id": 4,
  "proposals": [
    {
      "items": [
        "A03",
        "A07",
        "B38",
        "C00",
        "C03",
        "C08",
        "C10",
        "C32",
        "C38",
        "C56",
        "C62",
        "C81",
        "C98"
      ],
      "weight": 5230,
      "utility_player1": 0,
      "utility_player2": 0,
      "normalized_u1": 0,
      "normalized_u2": 0,
      "harmonic_mean": 108.24140314722892,
      "normalized_harmonic_mean": 0,
      "pareto_optimum": false,
      "by": "Player 1",
      "turn": 1
    },
    {
      "items": [
        "B38",
        "C03",
        "C08",
        "C10",
        "C81",
        "C98"
      ],
      "weight": 1587,
      "utility_player1": 2385,
      "utility_player2": 4097,
      "normalized_u1": 43.222181949981874,
      "normalized_u2": 60.56171470805617,
      "harmonic_mean": 50.44346062548353,
      "normalized_harmonic_mean": 54.38985592349921,
      "pareto_optimum": false,
      "by": "Player 2",
      "turn": 1
    },
    {
      "items": [
        "A03",
        "A07",
        "C00",
        "C32",
        "C38",
        "C56"
      ],
      "weight": 3305,
      "utility_player1": 0,
      "utility_player2": 0,
      "normalized_u1": 0,
      "normalized_u2": 0,
      "harmonic_mean": 34.33513341712565,
      "normalized_harmonic_mean": 0,
      "pareto_optimum": false,
      "by": "Player 2",
      "turn": 1
    },
    {
      "items": [
        "A03",
        "C00",
        "C32",
        "C38",
        "C56"
      ],
      "weight": 2774,
      "utility_player1": 3861,
      "utility_player2": 1197,
      "normalized_u1": 69.9710039869518,
      "normalized_u2": 17.694013303769403,
      "harmonic_mean": 28.24542591071316,
      "normalized_harmonic_mean": 30.455179457006853,
      "pareto_optimum": false,
      "by": "Player 2",
      "turn": 1
    }
  ],
  "refusals": [],
  "agreement": null,
  "max_weight": 2984,
  "scores": {
    "pareto_adherence_rate": 0.0,
    "alternation_rate": 0.3333333333333333,
    "avg_normalized_substitutions": 0.9017094017094016
  },
  "max_u1": 5518,
  "max_u2": 6765,
  "max_harmonic": 92.74424388333297,
  "nb_proposals": 4,
  "normalized_substitutions_per_proposal": [
    0.5384615384615384,
    2.0,
    0.16666666666666666
  ],
  "player1_optimum": {
    "items": [
      "A07",
      "B38",
      "C00",
      "C08",
      "C10",
      "C38",
      "C56",
      "C62",
      "C81",
      "C98"
    ],
    "utility_player1": 5518,
    "utility_player2": 5025,
    "pareto_optimum": true
  },
  "player2_optimum": {
    "items": [
      "A83",
      "B38",
      "C03",
      "C08",
      "C10",
      "C38",
      "C62",
      "C76",
      "C81",
      "C98"
    ],
    "utility_player1": 3679,
    "utility_player2": 6765,
    "pareto_optimum": true
  }
}