{
  "results_folder": "nemotron-nano-9b-v2-t1.0",
  "game_id": 4,
  "proposals": [
    {
      "items": [
        "A25",
        "A39",
        "A46",
        "A75",
        "A88",
        "A94",
        "A96",
        "B19",
        "B23",
        "B37",
        "B43",
        "B69",
        "B81",
        "B96",
        "C10",
        "C51",
        "C53",
        "C72",
        "C79",
        "C83",
        "C84"
      ],
      "weight": 6767,
      "utility_player1": 8846,
      "utility_player2": 8846,
      "normalized_u1": 94.55905932656333,
      "normalized_u2": 94.55905932656333,
      "harmonic_mean": 94.55905932656333,
      "normalized_harmonic_mean": 94.55905932656333,
      "pareto_optimum": null,
      "by": "Player 1",
      "turn": 1
    },
    {
      "items": [
        "A25",
        "A39",
        "A46",
        "A75",
        "A88",
        "A94",
        "A96",
        "B19",
        "B23",
        "B37",
        "B43",
        "B69",
        "B81",
        "B96",
        "C10",
        "C51",
        "C53",
        "C72",
        "C79",
        "C83",
        "C84"
      ],
      "weight": 6767,
      "utility_player1": 8846,
      "utility_player2": 8846,
      "normalized_u1": 94.55905932656333,
      "normalized_u2": 94.55905932656333,
      "harmonic_mean": 94.55905932656333,
      "normalized_harmonic_mean": 94.55905932656333,
      "pareto_optimum": null,
      "by": "Player 1",
      "turn": 2
    }
  ],
  "refusals": [],
  "agreement": {
    "items": [
      "A25",
      "A39",
      "A46",
      "A75",
      "A88",
      "A94",
      "A96",
      "B19",
      "B23",
      "B37",
      "B43",
      "B69",
      "B81",
      "B96",
      "C10",
      "C51",
      "C53",
      "C72",
      "C79",
      "C83",
      "C84"
    ],
    "weight": 6767,
    "utility_player1": 8846,
    "utility_player2": 8846,
    "normalized_u1": 94.55905932656333,
    "normalized_u2": 94.55905932656333,
    "harmonic_mean": 94.55905932656333,
    "normalized_harmonic_mean": 94.55905932656333,
    "pareto_optimum": null,
    "by": "Player 1",
    "turn": 4
  },
  "max_weight": 6880,
  "scores": {
    "player1_score": 8846,
    "player2_score": 8846,
    "normalized_u1": 94.55905932656333,
    "normalized_u2": 94.55905932656333,
    "harmonic_mean": 94.55905932656333,
    "normalized_harmonic_mean": 94.55905932656333,
    "episode_score": 25.0,
    "pareto_optimum": null,
    "pareto_adherence_rate": null
  },
  "max_u1": 9355,
  "max_u2": 9355,
  "max_harmonic": 1,
  "nb_proposals": 2,
  "player1_optimum": {
    "items": [
      "A08",
      "A25",
      "A28",
      "A39",
      "A46",
      "A65",
      "A75",
      "A87",
      "A88",
      "A94",
      "A96",
      "A97",
      "B19",
      "B23",
      "B43",
      "B64",
      "B69",
      "B81",
      "B96",
      "C10",
      "C17",
      "C53",
      "C72",
      "C82",
      "C84"
    ],
    "utility_player1": 9355,
    "utility_player2": 9355,
    "pareto_optimum": null
  },
  "player2_optimum": {
    "items": [
      "A08",
      "A25",
      "A28",
      "A39",
      "A46",
      "A65",
      "A75",
      "A87",
      "A88",
      "A94",
      "A96",
      "A97",
      "B19",
      "B23",
      "B43",
      "B64",
      "B69",
      "B81",
      "B96",
      "C10",
      "C17",
      "C53",
      "C72",
      "C82",
      "C84"
    ],
    "utility_player1": 9355,
    "utility_player2": 9355,
    "pareto_optimum": null
  },
  "global_optimum": null
}