{
  "results_folder": "nemotron-nano-9b-v2-t1.0",
  "game_id": 0,
  "proposals": [
    {
      "items": [
        "A11",
        "B09",
        "B20",
        "B21",
        "B31",
        "B33",
        "B93",
        "C08",
        "C85"
      ],
      "weight": 3673,
      "utility_player1": 5894,
      "utility_player2": 3410,
      "normalized_u1": 99.20888739269483,
      "normalized_u2": 59.03739612188366,
      "harmonic_mean": 74.0242899072482,
      "normalized_harmonic_mean": 84.3980187789065,
      "pareto_optimum": true,
      "by": "Player 1",
      "turn": 1
    },
    {
      "items": [
        "A11",
        "A21",
        "B09",
        "B21",
        "B31",
        "B33",
        "B93",
        "C08",
        "C85"
      ],
      "weight": 3389,
      "utility_player1": 5571,
      "utility_player2": 3550,
      "normalized_u1": 93.77209224036358,
      "normalized_u2": 61.4612188365651,
      "harmonic_mean": 74.25399924751233,
      "normalized_harmonic_mean": 84.6599194771448,
      "pareto_optimum": false,
      "by": "Player 2",
      "turn": 1
    },
    {
      "items": [
        "A11",
        "A21",
        "A82",
        "B09",
        "B21",
        "B33",
        "C08",
        "C81",
        "C85"
      ],
      "weight": 3439,
      "utility_player1": 5105,
      "utility_player2": 3965,
      "normalized_u1": 85.92829489984851,
      "normalized_u2": 68.6461218836565,
      "harmonic_mean": 76.3210928133256,
      "normalized_harmonic_mean": 87.0166945546749,
      "pareto_optimum": false,
      "by": "Player 2",
      "turn": 2
    }
  ],
  "refusals": [
    {
      "items": [
        "A11",
        "A21",
        "B09",
        "B21",
        "B31",
        "B33",
        "B93",
        "C08",
        "C85"
      ],
      "weight": 3389,
      "utility_player1": 5571,
      "utility_player2": 3550,
      "normalized_u1": 93.77209224036358,
      "normalized_u2": 61.4612188365651,
      "harmonic_mean": 74.25399924751233,
      "normalized_harmonic_mean": 84.6599194771448,
      "pareto_optimum": false,
      "by": "Player 1",
      "turn": 2
    }
  ],
  "agreement": {
    "items": [
      "A11",
      "A21",
      "A82",
      "B09",
      "B21",
      "B33",
      "C08",
      "C81",
      "C85"
    ],
    "weight": 3439,
    "utility_player1": 5105,
    "utility_player2": 3965,
    "normalized_u1": 85.92829489984851,
    "normalized_u2": 68.6461218836565,
    "harmonic_mean": 76.3210928133256,
    "normalized_harmonic_mean": 87.0166945546749,
    "pareto_optimum": false,
    "by": "Player 1",
    "turn": 4
  },
  "max_weight": 3683,
  "scores": {
    "player1_score": 5105,
    "player2_score": 3965,
    "normalized_u1": 85.92829489984851,
    "normalized_u2": 68.6461218836565,
    "harmonic_mean": 76.3210928133256,
    "normalized_harmonic_mean": 87.0166945546749,
    "episode_score": 25.0,
    "pareto_optimum": false,
    "pareto_adherence_rate": 0.3333333333333333,
    "alternation_rate": 0.5
  },
  "max_u1": 5941,
  "max_u2": 5776,
  "max_harmonic": 87.70856351636183,
  "nb_proposals": 3,
  "player1_optimum": {
    "items": [
      "A11",
      "A82",
      "B09",
      "B21",
      "B31",
      "B33",
      "B93",
      "C08",
      "C85"
    ],
    "utility_player1": 5941,
    "utility_player2": 3250,
    "pareto_optimum": true
  },
  "player2_optimum": {
    "items": [
      "A21",
      "A82",
      "B09",
      "B39",
      "B93",
      "B96",
      "C08",
      "C81",
      "C85"
    ],
    "utility_player1": 3517,
    "utility_player2": 5776,
    "pareto_optimum": true
  },
  "global_optimum": {
    "items": [
      "A11",
      "A21",
      "B09",
      "B31",
      "B33",
      "B39",
      "B93",
      "C08",
      "C81",
      "C85"
    ],
    "utility_player1": 5217,
    "utility_player2": 5060,
    "harmonic_mean": 87.70856351636183,
    "pareto_optimum": true
  }
}