{
  "results_folder": "deepseek-r1-distill-llama-70b-t1.0",
  "game_id": 3,
  "proposals": [
    {
      "items": [
        "A40",
        "A52",
        "A77",
        "A81",
        "A91",
        "A95",
        "B38",
        "B54",
        "B55",
        "B56",
        "B59",
        "B60",
        "B79",
        "B86",
        "B96",
        "C05",
        "C14",
        "C16",
        "C24",
        "C28",
        "C31",
        "C50"
      ],
      "weight": 8474,
      "utility_player1": 14894,
      "utility_player2": 14894,
      "normalized_u1": 97.30188802508655,
      "normalized_u2": 97.30188802508655,
      "harmonic_mean": 97.30188802508655,
      "normalized_harmonic_mean": 97.30188802508655,
      "pareto_optimum": null,
      "by": "Player 1",
      "turn": 1
    },
    {
      "items": [
        "A40",
        "A52",
        "A77",
        "A81",
        "A91",
        "A95",
        "B38",
        "B54",
        "B55",
        "B56",
        "B59",
        "B60",
        "B75",
        "B79",
        "B86",
        "B96",
        "C03",
        "C05",
        "C14",
        "C16",
        "C28",
        "C31",
        "C50"
      ],
      "weight": 8746,
      "utility_player1": 15174,
      "utility_player2": 15174,
      "normalized_u1": 99.13111648265499,
      "normalized_u2": 99.13111648265499,
      "harmonic_mean": 99.13111648265497,
      "normalized_harmonic_mean": 99.13111648265499,
      "pareto_optimum": null,
      "by": "Player 1",
      "turn": 3
    },
    {
      "items": [
        "A40",
        "A52",
        "A77",
        "A81",
        "A91",
        "A95",
        "B38",
        "B54",
        "B55",
        "B56",
        "B59",
        "B60",
        "B75",
        "B79",
        "B86",
        "B96",
        "C03",
        "C05",
        "C14",
        "C16",
        "C28",
        "C31",
        "C50"
      ],
      "weight": 8746,
      "utility_player1": 15174,
      "utility_player2": 15174,
      "normalized_u1": 99.13111648265499,
      "normalized_u2": 99.13111648265499,
      "harmonic_mean": 99.13111648265497,
      "normalized_harmonic_mean": 99.13111648265499,
      "pareto_optimum": null,
      "by": "Player 1",
      "turn": 4
    },
    {
      "items": [
        "A40",
        "A77",
        "A81",
        "A91",
        "A95",
        "B38",
        "B54",
        "B55",
        "B56",
        "B59",
        "B60",
        "B79",
        "B86",
        "B96",
        "C03",
        "C05",
        "C14",
        "C16",
        "C28",
        "C31",
        "C50",
        "C52"
      ],
      "weight": 8700,
      "utility_player1": 15307,
      "utility_player2": 15307,
      "normalized_u1": 100.0,
      "normalized_u2": 100.0,
      "harmonic_mean": 100.0,
      "normalized_harmonic_mean": 100.0,
      "pareto_optimum": null,
      "by": "Player 1",
      "turn": 5
    },
    {
      "items": [
        "A40",
        "A77",
        "A81",
        "A91",
        "A95",
        "B38",
        "B54",
        "B55",
        "B56",
        "B59",
        "B60",
        "B79",
        "B86",
        "B96",
        "C03",
        "C05",
        "C14",
        "C16",
        "C28",
        "C31",
        "C50",
        "C52"
      ],
      "weight": 8700,
      "utility_player1": 15307,
      "utility_player2": 15307,
      "normalized_u1": 100.0,
      "normalized_u2": 100.0,
      "harmonic_mean": 100.0,
      "normalized_harmonic_mean": 100.0,
      "pareto_optimum": null,
      "by": "Player 1",
      "turn": 6
    }
  ],
  "refusals": [
    {
      "items": [
        "A40",
        "A52",
        "A77",
        "A81",
        "A91",
        "A95",
        "B38",
        "B54",
        "B55",
        "B56",
        "B59",
        "B60",
        "B79",
        "B86",
        "B96",
        "C05",
        "C14",
        "C16",
        "C24",
        "C28",
        "C31",
        "C50"
      ],
      "weight": 8474,
      "utility_player1": 14894,
      "utility_player2": 14894,
      "normalized_u1": 97.30188802508655,
      "normalized_u2": 97.30188802508655,
      "harmonic_mean": 97.30188802508655,
      "normalized_harmonic_mean": 97.30188802508655,
      "pareto_optimum": null,
      "by": "Player 2",
      "turn": 1
    },
    {
      "items": [
        "A40",
        "A52",
        "A77",
        "A81",
        "A91",
        "A95",
        "B38",
        "B54",
        "B55",
        "B56",
        "B59",
        "B60",
        "B75",
        "B79",
        "B86",
        "B96",
        "C03",
        "C05",
        "C14",
        "C16",
        "C28",
        "C31",
        "C50"
      ],
      "weight": 8746,
      "utility_player1": 15174,
      "utility_player2": 15174,
      "normalized_u1": 99.13111648265499,
      "normalized_u2": 99.13111648265499,
      "harmonic_mean": 99.13111648265497,
      "normalized_harmonic_mean": 99.13111648265499,
      "pareto_optimum": null,
      "by": "Player 2",
      "turn": 4
    },
    {
      "items": [
        "A40",
        "A77",
        "A81",
        "A91",
        "A95",
        "B38",
        "B54",
        "B55",
        "B56",
        "B59",
        "B60",
        "B79",
        "B86",
        "B96",
        "C03",
        "C05",
        "C14",
        "C16",
        "C28",
        "C31",
        "C50",
        "C52"
      ],
      "weight": 8700,
      "utility_player1": 15307,
      "utility_player2": 15307,
      "normalized_u1": 100.0,
      "normalized_u2": 100.0,
      "harmonic_mean": 100.0,
      "normalized_harmonic_mean": 100.0,
      "pareto_optimum": null,
      "by": "Player 2",
      "turn": 5
    },
    {
      "items": [
        "A40",
        "A77",
        "A81",
        "A91",
        "A95",
        "B38",
        "B54",
        "B55",
        "B56",
        "B59",
        "B60",
        "B79",
        "B86",
        "B96",
        "C03",
        "C05",
        "C14",
        "C16",
        "C28",
        "C31",
        "C50",
        "C52"
      ],
      "weight": 8700,
      "utility_player1": 15307,
      "utility_player2": 15307,
      "normalized_u1": 100.0,
      "normalized_u2": 100.0,
      "harmonic_mean": 100.0,
      "normalized_harmonic_mean": 100.0,
      "pareto_optimum": null,
      "by": "Player 2",
      "turn": 5
    }
  ],
  "agreement": {
    "items": [
      "A40",
      "A77",
      "A81",
      "A91",
      "A95",
      "B38",
      "B54",
      "B55",
      "B56",
      "B59",
      "B60",
      "B79",
      "B86",
      "B96",
      "C03",
      "C05",
      "C14",
      "C16",
      "C28",
      "C31",
      "C50",
      "C52"
    ],
    "weight": 8700,
    "utility_player1": 15307,
    "utility_player2": 15307,
    "normalized_u1": 100.0,
    "normalized_u2": 100.0,
    "harmonic_mean": 100.0,
    "normalized_harmonic_mean": 100.0,
    "pareto_optimum": null,
    "by": "Player 2",
    "turn": 6
  },
  "max_weight": 8770,
  "scores": {
    "player1_score": 15307,
    "player2_score": 15307,
    "normalized_u1": 100.0,
    "normalized_u2": 100.0,
    "harmonic_mean": 100.0,
    "normalized_harmonic_mean": 100.0,
    "episode_score": 16.666666666666668,
    "pareto_optimum": null,
    "pareto_adherence_rate": null,
    "alternation_rate": 0.0
  },
  "max_u1": 15307,
  "max_u2": 15307,
  "max_harmonic": 1,
  "nb_proposals": 5,
  "player1_optimum": {
    "items": [
      "A40",
      "A77",
      "A81",
      "A91",
      "A95",
      "B38",
      "B54",
      "B55",
      "B56",
      "B59",
      "B60",
      "B79",
      "B86",
      "B96",
      "C03",
      "C05",
      "C14",
      "C16",
      "C28",
      "C31",
      "C50",
      "C52"
    ],
    "utility_player1": 15307,
    "utility_player2": 15307,
    "pareto_optimum": null
  },