{
  "results_folder": "nemotron-nano-9b-v2-no-reasoning-t1.0",
  "game_id": 0,
  "proposals": [
    {
      "items": [
        "A36",
        "B73",
        "B93",
        "C11",
        "C13",
        "C45"
      ],
      "weight": 2958,
      "utility_player1": 4644,
      "utility_player2": 4644,
      "normalized_u1": 76.72228646951925,
      "normalized_u2": 76.72228646951925,
      "harmonic_mean": 76.72228646951925,
      "normalized_harmonic_mean": 76.72228646951925,
      "pareto_optimum": false,
      "by": "Player 1",
      "turn": 1
    },
    {
      "items": [
        "A36",
        "B73",
        "B93",
        "C11",
        "C13",
        "C45"
      ],
      "weight": 2958,
      "utility_player1": 4644,
      "utility_player2": 4644,
      "normalized_u1": 76.72228646951925,
      "normalized_u2": 76.72228646951925,
      "harmonic_mean": 76.72228646951925,
      "normalized_harmonic_mean": 76.72228646951925,
      "pareto_optimum": false,
      "by": "Player 2",
      "turn": 1
    }
  ],
  "refusals": [],
  "agreement": {
    "items": [
      "A36",
      "B73",
      "B93",
      "C11",
      "C13",
      "C45"
    ],
    "weight": 2958,
    "utility_player1": 4644,
    "utility_player2": 4644,
    "normalized_u1": 76.72228646951925,
    "normalized_u2": 76.72228646951925,
    "harmonic_mean": 76.72228646951925,
    "normalized_harmonic_mean": 76.72228646951925,
    "pareto_optimum": false,
    "by": "Player 1",
    "turn": 2
  },
  "max_weight": 3358,
  "scores": {
    "player1_score": 4644,
    "player2_score": 4644,
    "normalized_u1": 76.72228646951925,
    "normalized_u2": 76.72228646951925,
    "harmonic_mean": 76.72228646951925,
    "normalized_harmonic_mean": 76.72228646951925,
    "episode_score": 50.0,
    "pareto_optimum": false,
    "pareto_adherence_rate": 0.0,
    "alternation_rate": 1.0
  },
  "max_u1": 6053,
  "max_u2": 6053,
  "max_harmonic": 1,
  "nb_proposals": 2,
  "player1_optimum": {
    "items": [
      "A87",
      "B05",
      "B16",
      "B33",
      "B73",
      "B93",
      "C11",
      "C34",
      "C45",
      "C89"
    ],
    "utility_player1": 6053,
    "utility_player2": 6053,
    "pareto_optimum": true
  },
  "player2_optimum": {
    "items": [
      "A87",
      "B05",
      "B16",
      "B33",
      "B73",
      "B93",
      "C11",
      "C34",
      "C45",
      "C89"
    ],
    "utility_player1": 6053,
    "utility_player2": 6053,
    "pareto_optimum": true
  },
  "global_optimum": null
}