{
  "results_folder": "deepseek-r1-distill-llama-70b-t1.0",
  "game_id": 5,
  "proposals": [
    {
      "items": [
        "A45",
        "A61",
        "A89",
        "B21",
        "B85",
        "C04",
        "C49",
        "C64"
      ],
      "weight": 3361,
      "utility_player1": 3819,
      "utility_player2": 1389,
      "normalized_u1": 100.0,
      "normalized_u2": 35.75289575289575,
      "harmonic_mean": 52.673492605233214,
      "normalized_harmonic_mean": 66.34306934574992,
      "pareto_optimum": true,
      "by": "Player 1",
      "turn": 1
    },
    {
      "items": [
        "A45",
        "A61",
        "A89",
        "B21",
        "B85",
        "C04",
        "C49",
        "C64"
      ],
      "weight": 3361,
      "utility_player1": 3819,
      "utility_player2": 1389,
      "normalized_u1": 100.0,
      "normalized_u2": 35.75289575289575,
      "harmonic_mean": 52.673492605233214,
      "normalized_harmonic_mean": 66.34306934574992,
      "pareto_optimum": true,
      "by": "Player 1",
      "turn": 2
    },
    {
      "items": [
        "A03",
        "A45",
        "A48",
        "A61",
        "B21",
        "B85",
        "C49",
        "C64"
      ],
      "weight": 3041,
      "utility_player1": 2663,
      "utility_player2": 2545,
      "normalized_u1": 69.73029588897617,
      "normalized_u2": 65.5083655083655,
      "harmonic_mean": 67.55342980925596,
      "normalized_harmonic_mean": 85.08457777742751,
      "pareto_optimum": false,
      "by": "Player 2",
      "turn": 2
    },
    {
      "items": [
        "A03",
        "A41",
        "A48",
        "A61",
        "B21",
        "B85",
        "C33",
        "C64"
      ],
      "weight": 3046,
      "utility_player1": 1961,
      "utility_player2": 3193,
      "normalized_u1": 51.34852055511914,
      "normalized_u2": 82.18790218790218,
      "harmonic_mean": 63.20713252891399,
      "normalized_harmonic_mean": 79.610349895331,
      "pareto_optimum": false,
      "by": "Player 2",
      "turn": 2
    }
  ],
  "refusals": [
    {
      "items": [
        "A45",
        "A61",
        "A89",
        "B21",
        "B85",
        "C04",
        "C49",
        "C64"
      ],
      "weight": 3361,
      "utility_player1": 3819,
      "utility_player2": 1389,
      "normalized_u1": 100.0,
      "normalized_u2": 35.75289575289575,
      "harmonic_mean": 52.673492605233214,
      "normalized_harmonic_mean": 66.34306934574992,
      "pareto_optimum": true,
      "by": "Player 2",
      "turn": 2
    },
    {
      "items": [
        "A03",
        "A41",
        "A48",
        "A61",
        "B21",
        "B85",
        "C33",
        "C64"
      ],
      "weight": 3046,
      "utility_player1": 1961,
      "utility_player2": 3193,
      "normalized_u1": 51.34852055511914,
      "normalized_u2": 82.18790218790218,
      "harmonic_mean": 63.20713252891399,
      "normalized_harmonic_mean": 79.610349895331,
      "pareto_optimum": false,
      "by": "Player 1",
      "turn": 3
    }
  ],
  "agreement": null,
  "max_weight": 3386,
  "scores": {
    "pareto_adherence_rate": 0.5
  },
  "max_u1": 3819,
  "max_u2": 3885,
  "max_harmonic": 79.3956220667496,
  "nb_proposals": 4,
  "player1_optimum": {
    "items": [
      "A45",
      "A61",
      "A89",
      "B21",
      "B85",
      "C04",
      "C49",
      "C64"
    ],
    "utility_player1": 3819,
    "utility_player2": 1389,
    "pareto_optimum": true
  },
  "player2_optimum": {
    "items": [
      "A03",
      "A04",
      "A41",
      "A48",
      "A61",
      "B21",
      "B53",
      "B85",
      "C33"
    ],
    "utility_player1": 2104,
    "utility_player2": 3885,
    "pareto_optimum": true
  },
  "global_optimum": {
    "items": [
      "A03",
      "A04",
      "A48",
      "A61",
      "B21",
      "B53",
      "B85",
      "C04",
      "C49"
    ],
    "utility_player1": 2974,
    "utility_player2": 3146,
    "harmonic_mean": 79.3956220667496,
    "pareto_optimum": true
  }
}