{
  "results_folder": "nemotron-nano-9b-v2-t1.0",
  "game_id": 1,
  "proposals": [
    {
      "items": [
        "A28",
        "A46",
        "A71",
        "A87",
        "A88",
        "A94",
        "A97",
        "B15",
        "B16",
        "B23",
        "B37",
        "B64",
        "B69",
        "B81",
        "B95",
        "C10",
        "C17",
        "C53",
        "C60",
        "C79",
        "C83",
        "C84"
      ],
      "weight": 8054,
      "utility_player1": 10166,
      "utility_player2": 10166,
      "normalized_u1": 97.29160685233037,
      "normalized_u2": 97.29160685233037,
      "harmonic_mean": 97.29160685233037,
      "normalized_harmonic_mean": 97.29160685233037,
      "pareto_optimum": null,
      "by": "Player 2",
      "turn": 1
    },
    {
      "items": [
        "A28",
        "A46",
        "A71",
        "A87",
        "A88",
        "A94",
        "A97",
        "B15",
        "B16",
        "B23",
        "B37",
        "B64",
        "B69",
        "B81",
        "B95",
        "C10",
        "C17",
        "C53",
        "C60",
        "C79",
        "C83",
        "C84"
      ],
      "weight": 8054,
      "utility_player1": 10166,
      "utility_player2": 10166,
      "normalized_u1": 97.29160685233037,
      "normalized_u2": 97.29160685233037,
      "harmonic_mean": 97.29160685233037,
      "normalized_harmonic_mean": 97.29160685233037,
      "pareto_optimum": null,
      "by": "Player 2",
      "turn": 1
    },
    {
      "items": [
        "A28",
        "A46",
        "A71",
        "A87",
        "A88",
        "A94",
        "A97",
        "B15",
        "B16",
        "B23",
        "B37",
        "B64",
        "B69",
        "B81",
        "B95",
        "C10",
        "C17",
        "C53",
        "C60",
        "C79",
        "C83",
        "C84"
      ],
      "weight": 8054,
      "utility_player1": 10166,
      "utility_player2": 10166,
      "normalized_u1": 97.29160685233037,
      "normalized_u2": 97.29160685233037,
      "harmonic_mean": 97.29160685233037,
      "normalized_harmonic_mean": 97.29160685233037,
      "pareto_optimum": null,
      "by": "Player 2",
      "turn": 3
    },
    {
      "items": [
        "A28",
        "A46",
        "A71",
        "A87",
        "A88",
        "A94",
        "A97",
        "B15",
        "B16",
        "B23",
        "B37",
        "B64",
        "B69",
        "B81",
        "B95",
        "C10",
        "C17",
        "C53",
        "C60",
        "C79",
        "C83",
        "C84"
      ],
      "weight": 8054,
      "utility_player1": 10166,
      "utility_player2": 10166,
      "normalized_u1": 97.29160685233037,
      "normalized_u2": 97.29160685233037,
      "harmonic_mean": 97.29160685233037,
      "normalized_harmonic_mean": 97.29160685233037,
      "pareto_optimum": null,
      "by": "Player 2",
      "turn": 4
    },
    {
      "items": [
        "A28",
        "A46",
        "A71",
        "A87",
        "A88",
        "A94",
        "A97",
        "B15",
        "B16",
        "B23",
        "B37",
        "B64",
        "B69",
        "B81",
        "B95",
        "C10",
        "C17",
        "C53",
        "C60",
        "C79",
        "C83",
        "C84"
      ],
      "weight": 8054,
      "utility_player1": 10166,
      "utility_player2": 10166,
      "normalized_u1": 97.29160685233037,
      "normalized_u2": 97.29160685233037,
      "harmonic_mean": 97.29160685233037,
      "normalized_harmonic_mean": 97.29160685233037,
      "pareto_optimum": null,
      "by": "Player 2",
      "turn": 5
    },
    {
      "items": [
        "A28",
        "A46",
        "A71",
        "A87",
        "A88",
        "A94",
        "A97",
        "B15",
        "B16",
        "B23",
        "B37",
        "B64",
        "B69",
        "B81",
        "B95",
        "C10",
        "C17",
        "C53",
        "C60",
        "C79",
        "C83",
        "C84"
      ],
      "weight": 8054,
      "utility_player1": 10166,
      "utility_player2": 10166,
      "normalized_u1": 97.29160685233037,
      "normalized_u2": 97.29160685233037,
      "harmonic_mean": 97.29160685233037,
      "normalized_harmonic_mean": 97.29160685233037,
      "pareto_optimum": null,
      "by": "Player 2",
      "turn": 6
    }
  ],
  "refusals": [],
  "agreement": {
    "items": [
      "A28",
      "A46",
      "A71",
      "A87",
      "A88",
      "A94",
      "A97",
      "B15",
      "B16",
      "B23",
      "B37",
      "B64",
      "B69",
      "B81",
      "B95",
      "C10",
      "C17",
      "C53",
      "C60",
      "C79",
      "C83",
      "C84"
    ],
    "weight": 8054,
    "utility_player1": 10166,
    "utility_player2": 10166,
    "normalized_u1": 97.29160685233037,
    "normalized_u2": 97.29160685233037,
    "harmonic_mean": 97.29160685233037,
    "normalized_harmonic_mean": 97.29160685233037,
    "pareto_optimum": null,
    "by": "Player 2",
    "turn": 7
  },
  "max_weight": 8145,
  "scores": {
    "player1_score": 10166,
    "player2_score": 10166,
    "normalized_u1": 97.29160685233037,
    "normalized_u2": 97.29160685233037,
    "harmonic_mean": 97.29160685233037,
    "normalized_harmonic_mean": 97.29160685233037,
    "episode_score": 14.285714285714286,
    "pareto_optimum": null,
    "pareto_adherence_rate": null
  },
  "max_u1": 10449,
  "max_u2": 10449,
  "max_harmonic": 1,
  "nb_proposals": 6,
  "player1_optimum": {
    "items": [
      "A25",
      "A28",
      "A39",
      "A46",
      "A75",
      "A87",
      "A88",
      "A97",
      "B15",
      "B16",
      "B34",
      "B64",
      "B69",
      "B81",
      "B95",
      "C10",
      "C17",
      "C51",
      "C53",
      "C60",
      "C72",
      "C82",
      "C83",
      "C84"
    ],
    "utility_player1": 10449,
    "utility_player2": 10449,
    "pareto_optimum": null
  },
  "player2_optimum": {
    "items": [
      "A25",
      "A28",
      "A39",
      "A46",
      "A75",
      "A87",
      "A88",
      "A97",
      "B15",
      "B16",
      "B34",
      "B64",
      "B69",
      "B81",
      "B95",
      "C10",
      "C17",
      "C51",
      "C53",
      "C60",
      "C72",
      "C82",
      "C83",
      "C84"
    ],
    "utility_player1": 10449,
    "utility_player2": 10449,
    "pareto_optimum": null
  },
  "global_optimum": null
}