{
  "results_folder": "deepseek-r1-distill-llama-70b-t1.0",
  "game_id": 4,
  "proposals": [
    {
      "items": [
        "A25",
        "A28",
        "A39",
        "A46",
        "A75",
        "A88",
        "A94",
        "A96",
        "A97",
        "B15",
        "B16",
        "B23",
        "B37",
        "B43",
        "B64",
        "B69",
        "B81",
        "B87",
        "B96",
        "C10",
        "C17",
        "C53",
        "C72",
        "C79",
        "C84"
      ],
      "weight": 6552,
      "utility_player1": 8928,
      "utility_player2": 8928,
      "normalized_u1": 95.43559593800107,
      "normalized_u2": 95.43559593800107,
      "harmonic_mean": 95.43559593800107,
      "normalized_harmonic_mean": 95.43559593800107,
      "pareto_optimum": null,
      "by": "Player 1",
      "turn": 1
    },
    {
      "items": [
        "A08",
        "A25",
        "A28",
        "A39",
        "A46",
        "A75",
        "A87",
        "A88",
        "A94",
        "A96",
        "B15",
        "B16",
        "B23",
        "B64",
        "B81",
        "C10",
        "C79",
        "C82",
        "C84"
      ],
      "weight": 4966,
      "utility_player1": 6847,
      "utility_player2": 6847,
      "normalized_u1": 73.19080705505078,
      "normalized_u2": 73.19080705505078,
      "harmonic_mean": 73.19080705505078,
      "normalized_harmonic_mean": 73.19080705505078,
      "pareto_optimum": null,
      "by": "Player 1",
      "turn": 2
    },
    {
      "items": [
        "A08",
        "A25",
        "A28",
        "A39",
        "A46",
        "A75",
        "A87",
        "A88",
        "A94",
        "A96",
        "B15",
        "B16",
        "B23",
        "B64",
        "B81",
        "C10",
        "C79",
        "C82",
        "C84"
      ],
      "weight": 4966,
      "utility_player1": 6847,
      "utility_player2": 6847,
      "normalized_u1": 73.19080705505078,
      "normalized_u2": 73.19080705505078,
      "harmonic_mean": 73.19080705505078,
      "normalized_harmonic_mean": 73.19080705505078,
      "pareto_optimum": null,
      "by": "Player 1",
      "turn": 3
    }
  ],
  "refusals": [],
  "agreement": null,
  "max_weight": 6880,
  "scores": {
    "pareto_adherence_rate": null,
    "alternation_rate": 0.0
  },
  "max_u1": 9355,
  "max_u2": 9355,
  "max_harmonic": 1,
  "nb_proposals": 3,
  "player1_optimum": {
    "items": [
      "A08",
      "A25",
      "A28",
      "A39",
      "A46",
      "A65",
      "A75",
      "A87",
      "A88",
      "A94",
      "A96",
      "A97",
      "B19",
      "B23",
      "B43",
      "B64",
      "B69",
      "B81",
      "B96",
      "C10",
      "C17",
      "C53",
      "C72",
      "C82",
      "C84"
    ],
    "utility_player1": 9355,
    "utility_player2": 9355,
    "pareto_optimum": null
  },
  "player2_optimum": {
    "items": [
      "A08",
      "A25",
      "A28",
      "A39",
      "A46",
      "A65",
      "A75",
      "A87",
      "A88",
      "A94",
      "A96",
      "A97",
      "B19",
      "B23",
      "B43",
      "B64",
      "B69",
      "B81",
      "B96",
      "C10",
      "C17",
      "C53",
      "C72",
      "C82",
      "C84"
    ],
    "utility_player1": 9355,
    "utility_player2": 9355,
    "pareto_optimum": null
  },
  "global_optimum": null
}