{
  "results_folder": "llama-3.3-70b-instruct-t1.0",
  "game_id": 5,
  "proposals": [
    {
      "items": [
        "A62",
        "B19",
        "C42",
        "C43",
        "C55",
        "C61"
      ],
      "weight": 889,
      "utility_player1": 2507,
      "utility_player2": 2507,
      "normalized_u1": 46.7026825633383,
      "normalized_u2": 46.7026825633383,
      "harmonic_mean": 46.7026825633383,
      "normalized_harmonic_mean": 46.7026825633383,
      "pareto_optimum": null,
      "by": "Player 1",
      "turn": 1
    },
    {
      "items": [
        "A18",
        "A62",
        "B19",
        "B36",
        "C42",
        "C43",
        "C55",
        "C61"
      ],
      "weight": 1487,
      "utility_player1": 3452,
      "utility_player2": 3452,
      "normalized_u1": 64.3070044709389,
      "normalized_u2": 64.3070044709389,
      "harmonic_mean": 64.3070044709389,
      "normalized_harmonic_mean": 64.3070044709389,
      "pareto_optimum": null,
      "by": "Player 1",
      "turn": 2
    },
    {
      "items": [
        "A18",
        "A43",
        "A67",
        "C42",
        "C55",
        "C61"
      ],
      "weight": 2328,
      "utility_player1": 4233,
      "utility_player2": 4233,
      "normalized_u1": 78.85618479880775,
      "normalized_u2": 78.85618479880775,
      "harmonic_mean": 78.85618479880775,
      "normalized_harmonic_mean": 78.85618479880775,
      "pareto_optimum": null,
      "by": "Player 1",
      "turn": 3
    },
    {
      "items": [
        "A18",
        "A43",
        "A67",
        "B42",
        "C55",
        "C61"
      ],
      "weight": 2965,
      "utility_player1": 4208,
      "utility_player2": 4208,
      "normalized_u1": 78.39046199701937,
      "normalized_u2": 78.39046199701937,
      "harmonic_mean": 78.39046199701937,
      "normalized_harmonic_mean": 78.39046199701937,
      "pareto_optimum": null,
      "by": "Player 2",
      "turn": 4
    }
  ],
  "agreement": {
    "items": [
      "A18",
      "A43",
      "A67",
      "B42",
      "C55",
      "C61"
    ],
    "weight": 2965,
    "utility_player1": 4208,
    "utility_player2": 4208,
    "normalized_u1": 78.39046199701937,
    "normalized_u2": 78.39046199701937,
    "harmonic_mean": 78.39046199701937,
    "normalized_harmonic_mean": 78.39046199701937,
    "pareto_optimum": null,
    "by": "Player 1",
    "turn": 5
  },
  "max_weight": 3170,
  "scores": {
    "player1_score": 4208,
    "player2_score": 4208,
    "normalized_u1": 78.39046199701937,
    "normalized_u2": 78.39046199701937,
    "harmonic_mean": 78.39046199701937,
    "normalized_harmonic_mean": 78.39046199701937,
    "episode_score": 20.0,
    "pareto_optimum": null
  },
  "max_u1": 5368,
  "max_u2": 5368,
  "max_harmonic": 1,
  "player1_optimum": {
    "items": [
      "A18",
      "A43",
      "A62",
      "B19",
      "B36",
      "C10",
      "C42",
      "C55",
      "C61",
      "C67"
    ],
    "utility_player1": 5368,
    "utility_player2": 5368,
    "pareto_optimum": null
  },
  "player2_optimum": {
    "items": [
      "A18",
      "A43",
      "A62",
      "B19",
      "B36",
      "C10",
      "C42",
      "C55",
      "C61",
      "C67"
    ],
    "utility_player1": 5368,
    "utility_player2": 5368,
    "pareto_optimum": null
  },
  "global_optimum": null
}