{
  "results_folder": "nemotron-nano-9b-v2-t1.0",
  "game_id": 1,
  "proposals": [
    {
      "items": [
        "A11",
        "A60",
        "A82",
        "B20",
        "B21",
        "B31",
        "B33",
        "B93",
        "B96",
        "C08"
      ],
      "weight": 3183,
      "utility_player1": 6359,
      "utility_player2": 4001,
      "normalized_u1": 97.18783432676142,
      "normalized_u2": 73.71039056742815,
      "harmonic_mean": 83.83648491449775,
      "normalized_harmonic_mean": 94.8721210810166,
      "pareto_optimum": true,
      "by": "Player 1",
      "turn": 1
    },
    {
      "items": [
        "A11",
        "A60",
        "A82",
        "B20",
        "B21",
        "B31",
        "B33",
        "B93",
        "B96",
        "C08"
      ],
      "weight": 3183,
      "utility_player1": 6359,
      "utility_player2": 4001,
      "normalized_u1": 97.18783432676142,
      "normalized_u2": 73.71039056742815,
      "harmonic_mean": 83.83648491449775,
      "normalized_harmonic_mean": 94.8721210810166,
      "pareto_optimum": true,
      "by": "Player 1",
      "turn": 2
    },
    {
      "items": [
        "A11",
        "A60",
        "A82",
        "B20",
        "B21",
        "B31",
        "B33",
        "B93",
        "B96",
        "C08"
      ],
      "weight": 3183,
      "utility_player1": 6359,
      "utility_player2": 4001,
      "normalized_u1": 97.18783432676142,
      "normalized_u2": 73.71039056742815,
      "harmonic_mean": 83.83648491449775,
      "normalized_harmonic_mean": 94.8721210810166,
      "pareto_optimum": true,
      "by": "Player 1",
      "turn": 3
    }
  ],
  "refusals": [],
  "agreement": null,
  "max_weight": 3357,
  "scores": {
    "pareto_adherence_rate": 1.0
  },
  "max_u1": 6543,
  "max_u2": 5428,
  "max_harmonic": 88.3678829557369,
  "nb_proposals": 3,
  "player1_optimum": {
    "items": [
      "A11",
      "A82",
      "B09",
      "B20",
      "B21",
      "B31",
      "B33",
      "B93",
      "B96",
      "C08"
    ],
    "utility_player1": 6543,
    "utility_player2": 3879,
    "pareto_optimum": true
  },
  "player2_optimum": {
    "items": [
      "A21",
      "A60",
      "A82",
      "B20",
      "B31",
      "B33",
      "B93",
      "B96",
      "C08",
      "C85"
    ],
    "utility_player1": 4942,
    "utility_player2": 5428,
    "pareto_optimum": true
  },
  "global_optimum": {
    "items": [
      "A21",
      "A60",
      "A82",
      "B09",
      "B20",
      "B31",
      "B33",
      "B93",
      "B96",
      "C08"
    ],
    "utility_player1": 5489,
    "utility_player2": 5067,
    "harmonic_mean": 88.3678829557369,
    "pareto_optimum": true
  }
}