{
  "results_folder": "gpt-5-mini-2025-08-07-t1.0",
  "game_id": 5,
  "proposals": [
    {
      "items": [
        "A18",
        "A43",
        "A62",
        "A67",
        "B19",
        "C10",
        "C42",
        "C55",
        "C61"
      ],
      "weight": 3163,
      "utility_player1": 5340,
      "utility_player2": 5340,
      "normalized_u1": 99.47839046199702,
      "normalized_u2": 99.47839046199702,
      "harmonic_mean": 99.47839046199702,
      "normalized_harmonic_mean": 99.47839046199702,
      "pareto_optimum": false,
      "by": "Player 1",
      "turn": 1
    }
  ],
  "refusals": [],
  "agreement": {
    "items": [
      "A18",
      "A43",
      "A62",
      "A67",
      "B19",
      "C10",
      "C42",
      "C55",
      "C61"
    ],
    "weight": 3163,
    "utility_player1": 5340,
    "utility_player2": 5340,
    "normalized_u1": 99.47839046199702,
    "normalized_u2": 99.47839046199702,
    "harmonic_mean": 99.47839046199702,
    "normalized_harmonic_mean": 99.47839046199702,
    "pareto_optimum": false,
    "by": "Player 2",
    "turn": 1
  },
  "max_weight": 3170,
  "scores": {
    "player1_score": 5340,
    "player2_score": 5340,
    "normalized_u1": 99.47839046199702,
    "normalized_u2": 99.47839046199702,
    "harmonic_mean": 99.47839046199702,
    "normalized_harmonic_mean": 99.47839046199702,
    "episode_score": 100.0,
    "pareto_optimum": false,
    "pareto_adherence_rate": 0.0
  },
  "max_u1": 5368,
  "max_u2": 5368,
  "max_harmonic": 1,
  "nb_proposals": 1,
  "player1_optimum": {
    "items": [
      "A18",
      "A43",
      "A62",
      "B19",
      "B36",
      "C10",
      "C42",
      "C55",
      "C61",
      "C67"
    ],
    "utility_player1": 5368,
    "utility_player2": 5368,
    "pareto_optimum": true
  },
  "player2_optimum": {
    "items": [
      "A18",
      "A43",
      "A62",
      "B19",
      "B36",
      "C10",
      "C42",
      "C55",
      "C61",
      "C67"
    ],
    "utility_player1": 5368,
    "utility_player2": 5368,
    "pareto_optimum": true
  },
  "global_optimum": null
}