{
  "results_folder": "gpt-5-mini-2025-08-07-no-reasoning-t1.0",
  "game_id": 2,
  "proposals": [
    {
      "items": [
        "A40",
        "A81",
        "A91",
        "A93",
        "A95",
        "B11",
        "B24",
        "B38",
        "B54",
        "B55",
        "B56",
        "B59",
        "B75",
        "B79",
        "B96",
        "C05",
        "C16",
        "C24",
        "C28",
        "C31",
        "C50"
      ],
      "weight": 7758,
      "utility_player1": 13619,
      "utility_player2": 13619,
      "normalized_u1": 99.37974314068884,
      "normalized_u2": 99.37974314068884,
      "harmonic_mean": 99.37974314068883,
      "normalized_harmonic_mean": 99.37974314068884,
      "pareto_optimum": null,
      "by": "Player 1",
      "turn": 1
    },
    {
      "items": [
        "A40",
        "A77",
        "A81",
        "A91",
        "A95",
        "B24",
        "B38",
        "B54",
        "B55",
        "B56",
        "B59",
        "B75",
        "B79",
        "B96",
        "C05",
        "C16",
        "C24",
        "C28",
        "C31",
        "C50"
      ],
      "weight": 7865,
      "utility_player1": 13407,
      "utility_player2": 13407,
      "normalized_u1": 97.83274956217163,
      "normalized_u2": 97.83274956217163,
      "harmonic_mean": 97.83274956217163,
      "normalized_harmonic_mean": 97.83274956217163,
      "pareto_optimum": null,
      "by": "Player 2",
      "turn": 1
    }
  ],
  "refusals": [
    {
      "items": [
        "A40",
        "A81",
        "A91",
        "A93",
        "A95",
        "B11",
        "B24",
        "B38",
        "B54",
        "B55",
        "B56",
        "B59",
        "B75",
        "B79",
        "B96",
        "C05",
        "C16",
        "C24",
        "C28",
        "C31",
        "C50"
      ],
      "weight": 7758,
      "utility_player1": 13619,
      "utility_player2": 13619,
      "normalized_u1": 99.37974314068884,
      "normalized_u2": 99.37974314068884,
      "harmonic_mean": 99.37974314068883,
      "normalized_harmonic_mean": 99.37974314068884,
      "pareto_optimum": null,
      "by": "Player 2",
      "turn": 1
    }
  ],
  "agreement": {
    "items": [
      "A40",
      "A77",
      "A81",
      "A91",
      "A95",
      "B24",
      "B38",
      "B54",
      "B55",
      "B56",
      "B59",
      "B75",
      "B79",
      "B96",
      "C05",
      "C16",
      "C24",
      "C28",
      "C31",
      "C50"
    ],
    "weight": 7865,
    "utility_player1": 13407,
    "utility_player2": 13407,
    "normalized_u1": 97.83274956217163,
    "normalized_u2": 97.83274956217163,
    "harmonic_mean": 97.83274956217163,
    "normalized_harmonic_mean": 97.83274956217163,
    "pareto_optimum": null,
    "by": "Player 1",
    "turn": 2
  },
  "max_weight": 7868,
  "scores": {
    "player1_score": 13407,
    "player2_score": 13407,
    "normalized_u1": 97.83274956217163,
    "normalized_u2": 97.83274956217163,
    "harmonic_mean": 97.83274956217163,
    "normalized_harmonic_mean": 97.83274956217163,
    "episode_score": 50.0,
    "pareto_optimum": null,
    "pareto_adherence_rate": null,
    "alternation_rate": 1.0,
    "avg_normalized_substitutions": 0.14285714285714285
  },
  "max_u1": 13704,
  "max_u2": 13704,
  "max_harmonic": 1,
  "nb_proposals": 2,
  "normalized_substitutions_per_proposal": [
    0.14285714285714285
  ],
  "player1_optimum": {
    "items": [
      "A40",
      "A81",
      "A91",
      "A93",
      "A95",
      "B11",
      "B38",
      "B54",
      "B55",
      "B56",
      "B59",
      "B75",
      "B79",
      "B96",
      "C03",
      "C05",
      "C24",
      "C28",
      "C31",
      "C50",
      "C52"
    ],
    "utility_player1": 13704,
    "utility_player2": 13704,
    "pareto_optimum": null
  },
  "player2_optimum": {
    "items": [
      "A40",
      "A81",
      "A91",
      "A93",
      "A95",
      "B11",
      "B38",
      "B54",
      "B55",
      "B56",
      "B59",
      "B75",
      "B79",
      "B96",
      "C03",
      "C05",
      "C24",
      "C28",
      "C31",
      "C50",
      "C52"
    ],
    "utility_player1": 13704,
    "utility_player2": 13704,
    "pareto_optimum": null
  }
}