{
  "results_folder": "nemotron-nano-9b-v2-no-reasoning-t1.0",
  "game_id": 5,
  "proposals": [
    {
      "items": [
        "A08",
        "A16",
        "A30",
        "A58",
        "A66",
        "B00",
        "B12",
        "B16",
        "B45",
        "B46",
        "B60",
        "B75",
        "B85",
        "C06",
        "C12",
        "C15",
        "C24",
        "C34",
        "C70",
        "C81"
      ],
      "weight": 9097,
      "utility_player1": 11670,
      "utility_player2": 11670,
      "normalized_u1": 79.51757972199509,
      "normalized_u2": 79.51757972199509,
      "harmonic_mean": 79.51757972199509,
      "normalized_harmonic_mean": 79.51757972199509,
      "pareto_optimum": null,
      "by": "Player 1",
      "turn": 1
    },
    {
      "items": [
        "A08",
        "A27",
        "A30",
        "A58",
        "A66",
        "A89",
        "B00",
        "B12",
        "B45",
        "B67",
        "B75",
        "B94",
        "C24",
        "C34",
        "C70",
        "C81"
      ],
      "weight": 9964,
      "utility_player1": 0,
      "utility_player2": 0,
      "normalized_u1": 0,
      "normalized_u2": 0,
      "harmonic_mean": 70.93894794221859,
      "normalized_harmonic_mean": 0,
      "pareto_optimum": null,
      "by": "Player 2",
      "turn": 1
    },
    {
      "items": [
        "A08",
        "A30",
        "A58",
        "A66",
        "A89",
        "B00",
        "B12",
        "B45",
        "B67",
        "B75",
        "C24",
        "C34",
        "C70",
        "C81"
      ],
      "weight": 8849,
      "utility_player1": 8806,
      "utility_player2": 8806,
      "normalized_u1": 60.00272553829381,
      "normalized_u2": 60.00272553829381,
      "harmonic_mean": 60.00272553829381,
      "normalized_harmonic_mean": 60.00272553829381,
      "pareto_optimum": null,
      "by": "Player 1",
      "turn": 2
    },
    {
      "items": [
        "A08",
        "A30",
        "A58",
        "A66",
        "A89",
        "B00",
        "B12",
        "B45",
        "B67",
        "B75",
        "C24",
        "C34",
        "C70",
        "C81"
      ],
      "weight": 8849,
      "utility_player1": 8806,
      "utility_player2": 8806,
      "normalized_u1": 60.00272553829381,
      "normalized_u2": 60.00272553829381,
      "harmonic_mean": 60.00272553829381,
      "normalized_harmonic_mean": 60.00272553829381,
      "pareto_optimum": null,
      "by": "Player 2",
      "turn": 2
    }
  ],
  "refusals": [],
  "agreement": {
    "items": [
      "A08",
      "A30",
      "A58",
      "A66",
      "A89",
      "B00",
      "B12",
      "B45",
      "B67",
      "B75",
      "C24",
      "C34",
      "C70",
      "C81"
    ],
    "weight": 8849,
    "utility_player1": 8806,
    "utility_player2": 8806,
    "normalized_u1": 60.00272553829381,
    "normalized_u2": 60.00272553829381,
    "harmonic_mean": 60.00272553829381,
    "normalized_harmonic_mean": 60.00272553829381,
    "pareto_optimum": null,
    "by": "Player 1",
    "turn": 5
  },
  "max_weight": 9475,
  "scores": {
    "player1_score": 8806,
    "player2_score": 8806,
    "normalized_u1": 60.00272553829381,
    "normalized_u2": 60.00272553829381,
    "harmonic_mean": 60.00272553829381,
    "normalized_harmonic_mean": 60.00272553829381,
    "episode_score": 20.0,
    "pareto_optimum": null,
    "pareto_adherence_rate": null
  },
  "max_u1": 14676,
  "max_u2": 14676,
  "max_harmonic": 1,
  "nb_proposals": 4,
  "player1_optimum": {
    "items": [
      "A05",
      "A08",
      "A16",
      "A27",
      "A30",
      "A66",
      "B00",
      "B09",
      "B12",
      "B45",
      "B46",
      "B60",
      "B67",
      "B85",
      "B94",
      "C12",
      "C15",
      "C34",
      "C35",
      "C70",
      "C81"
    ],
    "utility_player1": 14676,
    "utility_player2": 14676,
    "pareto_optimum": null
  },
  "player2_optimum": {
    "items": [
      "A05",
      "A08",
      "A16",
      "A27",
      "A30",
      "A66",
      "B00",
      "B09",
      "B12",
      "B45",
      "B46",
      "B60",
      "B67",
      "B85",
      "B94",
      "C12",
      "C15",
      "C34",
      "C35",
      "C70",
      "C81"
    ],
    "utility_player1": 14676,
    "utility_player2": 14676,
    "pareto_optimum": null
  },
  "global_optimum": null
}