{
  "results_folder": "gpt-5-2025-08-07-no-reasoning-t1.0",
  "game_id": 4,
  "proposals": [
    {
      "items": [
        "A40",
        "A77",
        "A81",
        "A91",
        "A95",
        "B38",
        "B54",
        "B56",
        "B59",
        "B60",
        "B75",
        "B86",
        "C03",
        "C05",
        "C16",
        "C24",
        "C28",
        "C31",
        "C50",
        "C54",
        "C59",
        "C61"
      ],
      "weight": 9559,
      "utility_player1": 13918,
      "utility_player2": 13918,
      "normalized_u1": 98.77226598538074,
      "normalized_u2": 98.77226598538074,
      "harmonic_mean": 98.77226598538074,
      "normalized_harmonic_mean": 98.77226598538074,
      "pareto_optimum": null,
      "by": "Player 1",
      "turn": 1
    },
    {
      "items": [
        "A40",
        "A77",
        "A81",
        "A91",
        "A93",
        "A95",
        "B24",
        "B38",
        "B54",
        "B56",
        "B59",
        "B60",
        "B75",
        "B86",
        "C03",
        "C05",
        "C16",
        "C24",
        "C28",
        "C31",
        "C50",
        "C59",
        "C61"
      ],
      "weight": 10303,
      "utility_player1": 0,
      "utility_player2": 0,
      "normalized_u1": 0,
      "normalized_u2": 0,
      "harmonic_mean": 103.25739833936557,
      "normalized_harmonic_mean": 0,
      "pareto_optimum": null,
      "by": "Player 2",
      "turn": 1
    },
    {
      "items": [
        "A40",
        "A77",
        "A81",
        "A91",
        "A93",
        "A95",
        "B24",
        "B38",
        "B54",
        "B56",
        "B59",
        "B60",
        "B86",
        "C03",
        "C05",
        "C16",
        "C28",
        "C31",
        "C50",
        "C54",
        "C59",
        "C61"
      ],
      "weight": 9521,
      "utility_player1": 13677,
      "utility_player2": 13677,
      "normalized_u1": 97.06195443900361,
      "normalized_u2": 97.06195443900361,
      "harmonic_mean": 97.06195443900361,
      "normalized_harmonic_mean": 97.06195443900361,
      "pareto_optimum": null,
      "by": "Player 1",
      "turn": 2
    },
    {
      "items": [
        "A40",
        "A77",
        "A81",
        "A91",
        "A93",
        "A95",
        "B24",
        "B38",
        "B54",
        "B56",
        "B59",
        "B60",
        "B86",
        "B96",
        "C03",
        "C05",
        "C16",
        "C28",
        "C31",
        "C50",
        "C59",
        "C61"
      ],
      "weight": 10085,
      "utility_player1": 0,
      "utility_player2": 0,
      "normalized_u1": 0,
      "normalized_u2": 0,
      "harmonic_mean": 101.14967000212903,
      "normalized_harmonic_mean": 0,
      "pareto_optimum": null,
      "by": "Player 2",
      "turn": 2
    },
    {
      "items": [
        "A40",
        "A77",
        "A81",
        "A91",
        "A93",
        "A95",
        "B24",
        "B38",
        "B54",
        "B56",
        "B59",
        "B86",
        "B96",
        "C03",
        "C05",
        "C16",
        "C28",
        "C31",
        "C50",
        "C59",
        "C61"
      ],
      "weight": 9508,
      "utility_player1": 13809,
      "utility_player2": 13809,
      "normalized_u1": 97.99872258888652,
      "normalized_u2": 97.99872258888652,
      "harmonic_mean": 97.99872258888652,
      "normalized_harmonic_mean": 97.99872258888652,
      "pareto_optimum": null,
      "by": "Player 1",
      "turn": 3
    }
  ],
  "refusals": [
    {
      "items": [
        "A40",
        "A77",
        "A81",
        "A91",
        "A95",
        "B38",
        "B54",
        "B56",
        "B59",
        "B60",
        "B75",
        "B86",
        "C03",
        "C05",
        "C16",
        "C24",
        "C28",
        "C31",
        "C50",
        "C54",
        "C59",
        "C61"
      ],
      "weight": 9559,
      "utility_player1": 13918,
      "utility_player2": 13918,
      "normalized_u1": 98.77226598538074,
      "normalized_u2": 98.77226598538074,
      "harmonic_mean": 98.77226598538074,
      "normalized_harmonic_mean": 98.77226598538074,
      "pareto_optimum": null,
      "by": "Player 2",
      "turn": 1
    },
    {
      "items": [
        "A40",
        "A77",
        "A81",
        "A91",
        "A93",
        "A95",
        "B24",
        "B38",
        "B54",
        "B56",
        "B59",
        "B60",
        "B75",
        "B86",
        "C03",
        "C05",
        "C16",
        "C24",
        "C28",
        "C31",
        "C50",
        "C59",
        "C61"
      ],
      "weight": 10303,
      "utility_player1": 0,
      "utility_player2": 0,
      "normalized_u1": 0,
      "normalized_u2": 0,
      "harmonic_mean": 103.25739833936557,
      "normalized_harmonic_mean": 0,
      "pareto_optimum": null,
      "by": "Player 1",
      "turn": 2
    },
    {
      "items": [
        "A40",
        "A77",
        "A81",
        "A91",
        "A93",
        "A95",
        "B24",
        "B38",
        "B54",
        "B56",
        "B59",
        "B60",
        "B86",
        "C03",
        "C05",
        "C16",
        "C28",
        "C31",
        "C50",
        "C54",
        "C59",
        "C61"
      ],
      "weight": 9521,
      "utility_player1": 13677,
      "utility_player2": 13677,
      "normalized_u1": 97.06195443900361,
      "normalized_u2": 97.06195443900361,
      "harmonic_mean": 97.06195443900361,
      "normalized_harmonic_mean": 97.06195443900361,
      "pareto_optimum": null,
      "by": "Player 2",
      "turn": 2
    },
    {
      "items": [
        "A40",
        "A77",
        "A81",
        "A91",
        "A93",
        "A95",
        "B24",
        "B38",
        "B54",
        "B56",
        "B59",
        "B60",
        "B86",
        "B96",
        "C03",
        "C05",
        "C16",
        "C28",
        "C31",
        "C50",
        "C59",
        "C61"
      ],
      "weight": 10085,
      "utility_player1": 0,
      "utility_player2": 0,
      "normalized_u1": 0,
      "normalized_u2": 0,
      "harmonic_mean": 101.14967000212903,
      "normalized_harmonic_mean": 0,
      "pareto_optimum": null,
      "by": "Player 1",
      "turn": 3
    }
  ],
  "agreement": {
    "items": [
      "A40",
      "A77",
      "A81",
      "A91",
      "A93",
      "A95",
      "B24",
      "B38",
      "B54",
      "B56",
      "B59",
      "B86",
      "B96",
      "C03",
      "C05",
      "C16",
      "C28",
      "C31",
      "C50",
      "C59",
      "C61"
    ],
    "weight": 9508,
    "utility_player1": 13809,
    "utility_player2": 13809,
    "normalized_u1": 97.99872258888652,
    "normalized_u2": 97.99872258888652,
    "harmonic_mean": 97.99872258888652,
    "normalized_harmonic_mean": 97.99872258888652,
    "pareto_optimum": null,
    "by": "Player 2",
    "turn": 3
  },
  "max_weight": 9612,
  "scores": {
    "player1_score": 13809,
    "player2_score": 13809,
    "normalized_u1": 97.99872258888652,
    "normalized_u2": 97.99872258888652,
    "harmonic_mean": 97.99872258888652,
    "normalized_harmonic_mean": 97.99872258888652,
    "episode_score": 33.333333333333336,
    "pareto_optimum": null,
    "pareto_adherence_rate": null,
    "alternation_rate": 1.0
  },
  "max_u1": 14091,
  "max_u2": 14091,
  "max_harmonic": 1,
  "nb_proposals": 5,
  "player1_optimum": {
    "items": [
      "A40",
      "A77",
      "A81",
      "A91",
      "A93",
      "A95",
      "B38",
      "B54",
      "B56",
      "B59",
      "B75",
      "B86",
      "B96",
      "C03",
      "C05",
      "C16",
      "C24",
      "C28",
      "C31",
      "C50",
      "C54",
      "C61"
    ],
    "utility_player1": 14091,
    "utility_player2": 14091,
    "pareto_optimum": null
  },