{
  "results_folder": "nemotron-nano-9b-v2-t1.0",
  "game_id": 1,
  "proposals": [
    {
      "items": [
        "A23",
        "A34",
        "A42",
        "A48",
        "A59",
        "A62",
        "A69",
        "A84",
        "A90",
        "B27",
        "B36",
        "B49",
        "B54",
        "B85",
        "C12",
        "C33",
        "C60",
        "C61",
        "C72",
        "C77",
        "C98"
      ],
      "weight": 8134,
      "utility_player1": 10150,
      "utility_player2": 10150,
      "normalized_u1": 97.13848215140204,
      "normalized_u2": 97.13848215140204,
      "harmonic_mean": 97.13848215140204,
      "normalized_harmonic_mean": 97.13848215140204,
      "pareto_optimum": null,
      "by": "Player 1",
      "turn": 1
    },
    {
      "items": [
        "A23",
        "A34",
        "A42",
        "A48",
        "A59",
        "A62",
        "A69",
        "A84",
        "A90",
        "B27",
        "B36",
        "B49",
        "B54",
        "B85",
        "C12",
        "C33",
        "C60",
        "C61",
        "C72",
        "C77",
        "C98"
      ],
      "weight": 8134,
      "utility_player1": 10150,
      "utility_player2": 10150,
      "normalized_u1": 97.13848215140204,
      "normalized_u2": 97.13848215140204,
      "harmonic_mean": 97.13848215140204,
      "normalized_harmonic_mean": 97.13848215140204,
      "pareto_optimum": null,
      "by": "Player 1",
      "turn": 2
    },
    {
      "items": [
        "A23",
        "A34",
        "A42",
        "A48",
        "A59",
        "A62",
        "A69",
        "A84",
        "A90",
        "B27",
        "B36",
        "B49",
        "B54",
        "B85",
        "C12",
        "C33",
        "C60",
        "C61",
        "C72",
        "C77",
        "C98"
      ],
      "weight": 8134,
      "utility_player1": 10150,
      "utility_player2": 10150,
      "normalized_u1": 97.13848215140204,
      "normalized_u2": 97.13848215140204,
      "harmonic_mean": 97.13848215140204,
      "normalized_harmonic_mean": 97.13848215140204,
      "pareto_optimum": null,
      "by": "Player 1",
      "turn": 3
    }
  ],
  "refusals": [],
  "agreement": {
    "items": [
      "A23",
      "A34",
      "A42",
      "A48",
      "A59",
      "A62",
      "A69",
      "A90",
      "B27",
      "B36",
      "B49",
      "B54",
      "B85",
      "C12",
      "C33",
      "C60",
      "C61",
      "C72",
      "C77",
      "C98"
    ],
    "weight": 7765,
    "utility_player1": 9685,
    "utility_player2": 9685,
    "normalized_u1": 92.68829553067279,
    "normalized_u2": 92.68829553067279,
    "harmonic_mean": 92.68829553067279,
    "normalized_harmonic_mean": 92.68829553067279,
    "pareto_optimum": null,
    "by": "Player 2",
    "turn": 3
  },
  "max_weight": 8145,
  "scores": {
    "player1_score": 9685,
    "player2_score": 9685,
    "normalized_u1": 92.68829553067279,
    "normalized_u2": 92.68829553067279,
    "harmonic_mean": 92.68829553067279,
    "normalized_harmonic_mean": 92.68829553067279,
    "episode_score": 33.333333333333336,
    "pareto_optimum": null,
    "pareto_adherence_rate": null
  },
  "max_u1": 10449,
  "max_u2": 10449,
  "max_harmonic": 1,
  "nb_proposals": 3,
  "player1_optimum": {
    "items": [
      "A23",
      "A34",
      "A42",
      "A50",
      "A62",
      "A65",
      "A69",
      "A84",
      "A90",
      "B07",
      "B27",
      "B36",
      "B49",
      "B85",
      "C12",
      "C13",
      "C23",
      "C33",
      "C51",
      "C60",
      "C61",
      "C72",
      "C77",
      "C90"
    ],
    "utility_player1": 10449,
    "utility_player2": 10449,
    "pareto_optimum": null
  },
  "player2_optimum": {
    "items": [
      "A23",
      "A34",
      "A42",
      "A50",
      "A62",
      "A65",
      "A69",
      "A84",
      "A90",
      "B07",
      "B27",
      "B36",
      "B49",
      "B85",
      "C12",
      "C13",
      "C23",
      "C33",
      "C51",
      "C60",
      "C61",
      "C72",
      "C77",
      "C90"
    ],
    "utility_player1": 10449,
    "utility_player2": 10449,
    "pareto_optimum": null
  },
  "global_optimum": null
}