{
  "results_folder": "llama-3.3-70b-instruct-t1.0",
  "game_id": 4,
  "proposals": [
    {
      "items": [
        "A08",
        "A27",
        "B21",
        "B45",
        "B60",
        "C06"
      ],
      "weight": 2401,
      "utility_player1": 3127,
      "utility_player2": 3127,
      "normalized_u1": 22.19146973245334,
      "normalized_u2": 22.19146973245334,
      "harmonic_mean": 22.19146973245334,
      "normalized_harmonic_mean": 22.19146973245334,
      "pareto_optimum": null,
      "by": "Player 1",
      "turn": 1
    },
    {
      "items": [
        "A08",
        "A16",
        "A27",
        "B21",
        "B45",
        "B60"
      ],
      "weight": 2484,
      "utility_player1": 3953,
      "utility_player2": 3953,
      "normalized_u1": 28.053367397629692,
      "normalized_u2": 28.053367397629692,
      "harmonic_mean": 28.053367397629696,
      "normalized_harmonic_mean": 28.053367397629692,
      "pareto_optimum": null,
      "by": "Player 1",
      "turn": 2
    },
    {
      "items": [
        "A08",
        "A16",
        "A27",
        "B12",
        "B21"
      ],
      "weight": 2914,
      "utility_player1": 3599,
      "utility_player2": 3599,
      "normalized_u1": 25.541125541125542,
      "normalized_u2": 25.541125541125542,
      "harmonic_mean": 25.541125541125542,
      "normalized_harmonic_mean": 25.541125541125542,
      "pareto_optimum": null,
      "by": "Player 1",
      "turn": 3
    },
    {
      "items": [
        "A08",
        "A16",
        "A84",
        "B12",
        "B21"
      ],
      "weight": 3431,
      "utility_player1": 3277,
      "utility_player2": 3277,
      "normalized_u1": 23.25597899368391,
      "normalized_u2": 23.25597899368391,
      "harmonic_mean": 23.25597899368391,
      "normalized_harmonic_mean": 23.25597899368391,
      "pareto_optimum": null,
      "by": "Player 1",
      "turn": 4
    }
  ],
  "agreement": {
    "items": [
      "A08",
      "A16",
      "A84",
      "B12",
      "B21"
    ],
    "weight": 3431,
    "utility_player1": 3277,
    "utility_player2": 3277,
    "normalized_u1": 23.25597899368391,
    "normalized_u2": 23.25597899368391,
    "harmonic_mean": 23.25597899368391,
    "normalized_harmonic_mean": 23.25597899368391,
    "pareto_optimum": null,
    "by": "Player 2",
    "turn": 4
  },
  "max_weight": 9612,
  "scores": {
    "player1_score": 3277,
    "player2_score": 3277,
    "normalized_u1": 23.25597899368391,
    "normalized_u2": 23.25597899368391,
    "harmonic_mean": 23.25597899368391,
    "normalized_harmonic_mean": 23.25597899368391,
    "episode_score": 25.0,
    "pareto_optimum": null
  },
  "max_u1": 14091,
  "max_u2": 14091,
  "max_harmonic": 1,
  "player1_optimum": {
    "items": [
      "A08",
      "A16",
      "A27",
      "A30",
      "A58",
      "A66",
      "B09",
      "B10",
      "B12",
      "B45",
      "B46",
      "B60",
      "B67",
      "B69",
      "B75",
      "B94",
      "C06",
      "C12",
      "C15",
      "C24",
      "C70",
      "C81"
    ],
    "utility_player1": 14091,
    "utility_player2": 14091,
    "pareto_optimum": null
  },
  "player2_optimum": {
    "items": [
      "A08",
      "A16",
      "A27",
      "A30",
      "A58",
      "A66",
      "B09",
      "B10",
      "B12",
      "B45",
      "B46",
      "B60",
      "B67",
      "B69",
      "B75",
      "B94",
      "C06",
      "C12",
      "C15",
      "C24",
      "C70",
      "C81"
    ],
    "utility_player1": 14091,
    "utility_player2": 14091,
    "pareto_optimum": null
  },
  "global_optimum": null
}