{
  "results_folder": "gpt-5-2025-08-07-no-reasoning-t1.0",
  "game_id": 1,
  "proposals": [
    {
      "items": [
        "A43",
        "A67",
        "B36",
        "B42",
        "C08",
        "C10",
        "C42",
        "C55",
        "C61"
      ],
      "weight": 4327,
      "utility_player1": 5911,
      "utility_player2": 5911,
      "normalized_u1": 99.4615514050143,
      "normalized_u2": 99.4615514050143,
      "harmonic_mean": 99.4615514050143,
      "normalized_harmonic_mean": 99.4615514050143,
      "pareto_optimum": false,
      "by": "Player 1",
      "turn": 1
    }
  ],
  "refusals": [],
  "agreement": {
    "items": [
      "A43",
      "A67",
      "B36",
      "B42",
      "C08",
      "C10",
      "C42",
      "C55",
      "C61"
    ],
    "weight": 4327,
    "utility_player1": 5911,
    "utility_player2": 5911,
    "normalized_u1": 99.4615514050143,
    "normalized_u2": 99.4615514050143,
    "harmonic_mean": 99.4615514050143,
    "normalized_harmonic_mean": 99.4615514050143,
    "pareto_optimum": false,
    "by": "Player 2",
    "turn": 1
  },
  "max_weight": 4564,
  "scores": {
    "player1_score": 5911,
    "player2_score": 5911,
    "normalized_u1": 99.4615514050143,
    "normalized_u2": 99.4615514050143,
    "harmonic_mean": 99.4615514050143,
    "normalized_harmonic_mean": 99.4615514050143,
    "episode_score": 100.0,
    "pareto_optimum": false,
    "pareto_adherence_rate": 0.0
  },
  "max_u1": 5943,
  "max_u2": 5943,
  "max_harmonic": 1,
  "nb_proposals": 1,
  "player1_optimum": {
    "items": [
      "A18",
      "A43",
      "B36",
      "B42",
      "C10",
      "C42",
      "C55",
      "C61",
      "C73"
    ],
    "utility_player1": 5943,
    "utility_player2": 5943,
    "pareto_optimum": true
  },
  "player2_optimum": {
    "items": [
      "A18",
      "A43",
      "B36",
      "B42",
      "C10",
      "C42",
      "C55",
      "C61",
      "C73"
    ],
    "utility_player1": 5943,
    "utility_player2": 5943,
    "pareto_optimum": true
  },
  "global_optimum": null
}