{
  "results_folder": "deepseek-r1-distill-llama-70b-t1.0",
  "game_id": 1,
  "proposals": [
    {
      "items": [
        "A05",
        "A16",
        "A27",
        "A30",
        "A84",
        "B00",
        "B09",
        "B10",
        "B12",
        "B45",
        "B46",
        "B60",
        "B67",
        "B69",
        "B85",
        "B94",
        "C15",
        "C34",
        "C81",
        "C92"
      ],
      "weight": 7236,
      "utility_player1": 12341,
      "utility_player2": 12341,
      "normalized_u1": 84.04958114826671,
      "normalized_u2": 84.04958114826671,
      "harmonic_mean": 84.04958114826671,
      "normalized_harmonic_mean": 84.04958114826671,
      "pareto_optimum": null,
      "by": "Player 1",
      "turn": 1
    },
    {
      "items": [
        "A05",
        "A08",
        "A16",
        "A23",
        "A27",
        "A30",
        "A58",
        "A66",
        "A84",
        "B09",
        "B10",
        "B12",
        "B45",
        "B53",
        "B67",
        "B85",
        "B94",
        "C15",
        "C24",
        "C34",
        "C81",
        "C92"
      ],
      "weight": 9279,
      "utility_player1": 0,
      "utility_player2": 0,
      "normalized_u1": 0,
      "normalized_u2": 0,
      "harmonic_mean": 88.49690117823333,
      "normalized_harmonic_mean": 0,
      "pareto_optimum": null,
      "by": "Player 1",
      "turn": 2
    },
    {
      "items": [
        "A08",
        "A16",
        "A27",
        "A30",
        "A66",
        "A84",
        "B00",
        "B09",
        "B12",
        "B45",
        "B60",
        "B67",
        "B94",
        "C15",
        "C34",
        "C35",
        "C81",
        "C92"
      ],
      "weight": 7676,
      "utility_player1": 12360,
      "utility_player2": 12360,
      "normalized_u1": 84.17898249676496,
      "normalized_u2": 84.17898249676496,
      "harmonic_mean": 84.17898249676496,
      "normalized_harmonic_mean": 84.17898249676496,
      "pareto_optimum": null,
      "by": "Player 1",
      "turn": 3
    }
  ],
  "agreement": null,
  "max_weight": 8170,
  "scores": {},
  "max_u1": 14683,
  "max_u2": 14683,
  "max_harmonic": 1,
  "player1_optimum": {
    "items": [
      "A05",
      "A08",
      "A16",
      "A27",
      "A30",
      "A58",
      "A66",
      "A84",
      "A89",
      "B00",
      "B09",
      "B10",
      "B12",
      "B45",
      "B46",
      "B60",
      "B67",
      "B94",
      "C12",
      "C15",
      "C81",
      "C92"
    ],
    "utility_player1": 14683,
    "utility_player2": 14683,
    "pareto_optimum": null
  },
  "player2_optimum": {
    "items": [
      "A05",
      "A08",
      "A16",
      "A27",
      "A30",
      "A58",
      "A66",
      "A84",
      "A89",
      "B00",
      "B09",
      "B10",
      "B12",
      "B45",
      "B46",
      "B60",
      "B67",
      "B94",
      "C12",
      "C15",
      "C81",
      "C92"
    ],
    "utility_player1": 14683,
    "utility_player2": 14683,
    "pareto_optimum": null
  },
  "global_optimum": null
}