{
  "results_folder": "gpt-5-mini-2025-08-07-no-reasoning-t1.0",
  "game_id": 2,
  "proposals": [
    {
      "items": [
        "A25",
        "A28",
        "A39",
        "A46",
        "A71",
        "A75",
        "A94",
        "A97",
        "B15",
        "B16",
        "B43",
        "B64",
        "B69",
        "B95",
        "B96",
        "C10",
        "C17",
        "C53",
        "C60",
        "C72",
        "C79",
        "C82",
        "C84"
      ],
      "weight": 9837,
      "utility_player1": 0,
      "utility_player2": 0,
      "normalized_u1": 0,
      "normalized_u2": 0,
      "harmonic_mean": 104.46660884648742,
      "normalized_harmonic_mean": 0,
      "pareto_optimum": null,
      "by": "Player 1",
      "turn": 1
    },
    {
      "items": [
        "A25",
        "A28",
        "A39",
        "A46",
        "A71",
        "A75",
        "A88",
        "A94",
        "A96",
        "A97",
        "B15",
        "B23",
        "B34",
        "B37",
        "B43",
        "B69",
        "B81",
        "B95",
        "B96",
        "C10",
        "C17",
        "C51",
        "C53",
        "C60",
        "C72",
        "C82",
        "C83",
        "C84"
      ],
      "weight": 14418,
      "utility_player1": 0,
      "utility_player2": 0,
      "normalized_u1": 0,
      "normalized_u2": 0,
      "harmonic_mean": 148.36079791847354,
      "normalized_harmonic_mean": 0,
      "pareto_optimum": null,
      "by": "Player 2",
      "turn": 1
    },
    {
      "items": [
        "A25",
        "A28",
        "A39",
        "A46",
        "A71",
        "A94",
        "A97",
        "B15",
        "B23",
        "B37",
        "B43",
        "B69",
        "B95",
        "B96",
        "C10",
        "C17",
        "C53",
        "C60",
        "C72",
        "C82",
        "C84"
      ],
      "weight": 8945,
      "utility_player1": 10961,
      "utility_player2": 10961,
      "normalized_u1": 95.06504770164787,
      "normalized_u2": 95.06504770164787,
      "harmonic_mean": 95.06504770164787,
      "normalized_harmonic_mean": 95.06504770164787,
      "pareto_optimum": null,
      "by": "Player 1",
      "turn": 2
    },
    {
      "items": [
        "A28",
        "A39",
        "A46",
        "A71",
        "A94",
        "A97",
        "B15",
        "B23",
        "B34",
        "B37",
        "B43",
        "B81",
        "B96",
        "C10",
        "C17",
        "C60",
        "C72",
        "C82",
        "C84"
      ],
      "weight": 9305,
      "utility_player1": 11129,
      "utility_player2": 11129,
      "normalized_u1": 96.52211621856027,
      "normalized_u2": 96.52211621856027,
      "harmonic_mean": 96.52211621856027,
      "normalized_harmonic_mean": 96.52211621856027,
      "pareto_optimum": null,
      "by": "Player 2",
      "turn": 2
    }
  ],
  "refusals": [
    {
      "items": [
        "A25",
        "A28",
        "A39",
        "A46",
        "A71",
        "A75",
        "A94",
        "A97",
        "B15",
        "B16",
        "B43",
        "B64",
        "B69",
        "B95",
        "B96",
        "C10",
        "C17",
        "C53",
        "C60",
        "C72",
        "C79",
        "C82",
        "C84"
      ],
      "weight": 9837,
      "utility_player1": 0,
      "utility_player2": 0,
      "normalized_u1": 0,
      "normalized_u2": 0,
      "harmonic_mean": 104.46660884648742,
      "normalized_harmonic_mean": 0,
      "pareto_optimum": null,
      "by": "Player 2",
      "turn": 1
    },
    {
      "items": [
        "A25",
        "A28",
        "A39",
        "A46",
        "A71",
        "A75",
        "A88",
        "A94",
        "A96",
        "A97",
        "B15",
        "B23",
        "B34",
        "B37",
        "B43",
        "B69",
        "B81",
        "B95",
        "B96",
        "C10",
        "C17",
        "C51",
        "C53",
        "C60",
        "C72",
        "C82",
        "C83",
        "C84"
      ],
      "weight": 14418,
      "utility_player1": 0,
      "utility_player2": 0,
      "normalized_u1": 0,
      "normalized_u2": 0,
      "harmonic_mean": 148.36079791847354,
      "normalized_harmonic_mean": 0,
      "pareto_optimum": null,
      "by": "Player 1",
      "turn": 2
    },
    {
      "items": [
        "A25",
        "A28",
        "A39",
        "A46",
        "A71",
        "A94",
        "A97",
        "B15",
        "B23",
        "B37",
        "B43",
        "B69",
        "B95",
        "B96",
        "C10",
        "C17",
        "C53",
        "C60",
        "C72",
        "C82",
        "C84"
      ],
      "weight": 8945,
      "utility_player1": 10961,
      "utility_player2": 10961,
      "normalized_u1": 95.06504770164787,
      "normalized_u2": 95.06504770164787,
      "harmonic_mean": 95.06504770164787,
      "normalized_harmonic_mean": 95.06504770164787,
      "pareto_optimum": null,
      "by": "Player 2",
      "turn": 2
    }
  ],
  "agreement": {
    "items": [
      "A28",
      "A39",
      "A46",
      "A71",
      "A94",
      "A97",
      "B15",
      "B23",
      "B34",
      "B37",
      "B43",
      "B81",
      "B96",
      "C10",
      "C17",
      "C60",
      "C72",
      "C82",
      "C84"
    ],
    "weight": 9305,
    "utility_player1": 11129,
    "utility_player2": 11129,
    "normalized_u1": 96.52211621856027,
    "normalized_u2": 96.52211621856027,
    "harmonic_mean": 96.52211621856027,
    "normalized_harmonic_mean": 96.52211621856027,
    "pareto_optimum": null,
    "by": "Player 1",
    "turn": 3
  },
  "max_weight": 9322,
  "scores": {
    "player1_score": 11129,
    "player2_score": 11129,
    "normalized_u1": 96.52211621856027,
    "normalized_u2": 96.52211621856027,
    "harmonic_mean": 96.52211621856027,
    "normalized_harmonic_mean": 96.52211621856027,
    "episode_score": 33.333333333333336,
    "pareto_optimum": null,
    "pareto_adherence_rate": null,
    "alternation_rate": 1.0
  },
  "max_u1": 11530,
  "max_u2": 11530,
  "max_harmonic": 1,
  "nb_proposals": 4,
  "player1_optimum": {
    "items": [
      "A08",
      "A25",
      "A28",
      "A39",
      "A46",
      "A65",
      "A71",
      "A88",
      "A94",
      "A97",
      "B15",
      "B16",
      "B43",
      "B64",
      "B69",
      "B95",
      "B96",
      "C10",
      "C17",
      "C53",
      "C72",
      "C79",
      "C82"
    ],
    "utility_player1": 11530,
    "utility_player2": 11530,
    "pareto_optimum": null
  },
  "player2_optimum": {
    "items": [
      "A08",
      "A25",
      "A28",
      "A39",
      "A46",
      "A65",
      "A71",
      "A88",
      "A94",
      "A97",
      "B15",
      "B16",
      "B43",
      "B64",
      "B69",
      "B95",
      "B96",
      "C10",
      "C17",
      "C53",
      "C72",
      "C79",
      "C82"
    ],
    "utility_player1": 11530,
    "utility_player2": 11530,
    "pareto_optimum": null
  },
  "global_optimum": null
}