{
  "results_folder": "nemotron-nano-9b-v2-no-reasoning-t1.0",
  "game_id": 4,
  "proposals": [
    {
      "items": [
        "A36",
        "A87",
        "B16",
        "B73",
        "B93",
        "B98",
        "C11",
        "C13",
        "C45",
        "C89"
      ],
      "weight": 3132,
      "utility_player1": 5821,
      "utility_player2": 5821,
      "normalized_u1": 91.69817265280403,
      "normalized_u2": 91.69817265280403,
      "harmonic_mean": 91.69817265280403,
      "normalized_harmonic_mean": 91.69817265280403,
      "pareto_optimum": false,
      "by": "Player 1",
      "turn": 1
    },
    {
      "items": [
        "A36",
        "A87",
        "B16",
        "B73",
        "B93",
        "B98",
        "C11",
        "C13",
        "C45",
        "C89"
      ],
      "weight": 3132,
      "utility_player1": 5821,
      "utility_player2": 5821,
      "normalized_u1": 91.69817265280403,
      "normalized_u2": 91.69817265280403,
      "harmonic_mean": 91.69817265280403,
      "normalized_harmonic_mean": 91.69817265280403,
      "pareto_optimum": false,
      "by": "Player 2",
      "turn": 1
    }
  ],
  "refusals": [],
  "agreement": {
    "items": [
      "A36",
      "A87",
      "B16",
      "B73",
      "B93",
      "B98",
      "C11",
      "C13",
      "C45",
      "C89"
    ],
    "weight": 3132,
    "utility_player1": 5821,
    "utility_player2": 5821,
    "normalized_u1": 91.69817265280403,
    "normalized_u2": 91.69817265280403,
    "harmonic_mean": 91.69817265280403,
    "normalized_harmonic_mean": 91.69817265280403,
    "pareto_optimum": false,
    "by": "Player 1",
    "turn": 2
  },
  "max_weight": 3145,
  "scores": {
    "player1_score": 5821,
    "player2_score": 5821,
    "normalized_u1": 91.69817265280403,
    "normalized_u2": 91.69817265280403,
    "harmonic_mean": 91.69817265280403,
    "normalized_harmonic_mean": 91.69817265280403,
    "episode_score": 50.0,
    "pareto_optimum": false,
    "pareto_adherence_rate": 0.0,
    "alternation_rate": 1.0,
    "avg_normalized_substitutions": 0.0
  },
  "max_u1": 6348,
  "max_u2": 6348,
  "max_harmonic": 1,
  "nb_proposals": 2,
  "normalized_substitutions_per_proposal": [
    0.0
  ],
  "player1_optimum": {
    "items": [
      "A36",
      "A63",
      "B16",
      "B73",
      "B93",
      "B98",
      "C11",
      "C13",
      "C34",
      "C45",
      "C89"
    ],
    "utility_player1": 6348,
    "utility_player2": 6348,
    "pareto_optimum": true
  },
  "player2_optimum": {
    "items": [
      "A36",
      "A63",
      "B16",
      "B73",
      "B93",
      "B98",
      "C11",
      "C13",
      "C34",
      "C45",
      "C89"
    ],
    "utility_player1": 6348,
    "utility_player2": 6348,
    "pareto_optimum": true
  }
}