{
  "results_folder": "gpt-5-2025-08-07-t1.0",
  "game_id": 1,
  "proposals": [
    {
      "items": [
        "A05",
        "A08",
        "A16",
        "A27",
        "A30",
        "A58",
        "A66",
        "A89",
        "B00",
        "B09",
        "B10",
        "B12",
        "B45",
        "B46",
        "B60",
        "B67",
        "B94",
        "C12",
        "C15",
        "C34",
        "C81",
        "C92"
      ],
      "weight": 8090,
      "utility_player1": 14667,
      "utility_player2": 14667,
      "normalized_u1": 99.89103044336989,
      "normalized_u2": 99.89103044336989,
      "harmonic_mean": 99.89103044336989,
      "normalized_harmonic_mean": 99.89103044336989,
      "pareto_optimum": null,
      "by": "Player 1",
      "turn": 1
    }
  ],
  "refusals": [],
  "agreement": {
    "items": [
      "A05",
      "A08",
      "A16",
      "A27",
      "A30",
      "A58",
      "A66",
      "A89",
      "B00",
      "B09",
      "B10",
      "B12",
      "B45",
      "B46",
      "B60",
      "B67",
      "B94",
      "C12",
      "C15",
      "C34",
      "C81",
      "C92"
    ],
    "weight": 8090,
    "utility_player1": 14667,
    "utility_player2": 14667,
    "normalized_u1": 99.89103044336989,
    "normalized_u2": 99.89103044336989,
    "harmonic_mean": 99.89103044336989,
    "normalized_harmonic_mean": 99.89103044336989,
    "pareto_optimum": null,
    "by": "Player 2",
    "turn": 1
  },
  "max_weight": 8170,
  "scores": {
    "player1_score": 14667,
    "player2_score": 14667,
    "normalized_u1": 99.89103044336989,
    "normalized_u2": 99.89103044336989,
    "harmonic_mean": 99.89103044336989,
    "normalized_harmonic_mean": 99.89103044336989,
    "episode_score": 100.0,
    "pareto_optimum": null,
    "pareto_adherence_rate": null,
    "alternation_rate": null,
    "avg_normalized_substitutions": null
  },
  "max_u1": 14683,
  "max_u2": 14683,
  "max_harmonic": 1,
  "nb_proposals": 1,
  "normalized_substitutions_per_proposal": [],
  "player1_optimum": {
    "items": [
      "A05",
      "A08",
      "A16",
      "A27",
      "A30",
      "A58",
      "A66",
      "A84",
      "A89",
      "B00",
      "B09",
      "B10",
      "B12",
      "B45",
      "B46",
      "B60",
      "B67",
      "B94",
      "C12",
      "C15",
      "C81",
      "C92"
    ],
    "utility_player1": 14683,
    "utility_player2": 14683,
    "pareto_optimum": null
  },
  "player2_optimum": {
    "items": [
      "A05",
      "A08",
      "A16",
      "A27",
      "A30",
      "A58",
      "A66",
      "A84",
      "A89",
      "B00",
      "B09",
      "B10",
      "B12",
      "B45",
      "B46",
      "B60",
      "B67",
      "B94",
      "C12",
      "C15",
      "C81",
      "C92"
    ],
    "utility_player1": 14683,
    "utility_player2": 14683,
    "pareto_optimum": null
  }
}