{
  "results_folder": "gpt-5-mini-2025-08-07-t1.0",
  "game_id": 1,
  "proposals": [
    {
      "items": [
        "A05",
        "A08",
        "A16",
        "A27",
        "A30",
        "A58",
        "A66",
        "A84",
        "A89",
        "B00",
        "B09",
        "B10",
        "B12",
        "B45",
        "B46",
        "B67",
        "B69",
        "B94",
        "C12",
        "C15",
        "C34",
        "C81",
        "C92"
      ],
      "weight": 8087,
      "utility_player1": 14456,
      "utility_player2": 14456,
      "normalized_u1": 98.45399441531022,
      "normalized_u2": 98.45399441531022,
      "harmonic_mean": 98.45399441531022,
      "normalized_harmonic_mean": 98.45399441531022,
      "pareto_optimum": null,
      "by": "Player 1",
      "turn": 1
    },
    {
      "items": [
        "A05",
        "A08",
        "A16",
        "A27",
        "A30",
        "A66",
        "A84",
        "A89",
        "B00",
        "B09",
        "B10",
        "B12",
        "B45",
        "B46",
        "B60",
        "B67",
        "B94",
        "C12",
        "C15",
        "C34",
        "C81"
      ],
      "weight": 8102,
      "utility_player1": 14495,
      "utility_player2": 14495,
      "normalized_u1": 98.71960770959613,
      "normalized_u2": 98.71960770959613,
      "harmonic_mean": 98.71960770959613,
      "normalized_harmonic_mean": 98.71960770959613,
      "pareto_optimum": null,
      "by": "Player 2",
      "turn": 1
    },
    {
      "items": [
        "A05",
        "A08",
        "A16",
        "A27",
        "A30",
        "A58",
        "A66",
        "A84",
        "A89",
        "B00",
        "B09",
        "B10",
        "B12",
        "B45",
        "B46",
        "B60",
        "B67",
        "B94",
        "C12",
        "C15",
        "C81",
        "C92"
      ],
      "weight": 8163,
      "utility_player1": 14683,
      "utility_player2": 14683,
      "normalized_u1": 100.0,
      "normalized_u2": 100.0,
      "harmonic_mean": 100.0,
      "normalized_harmonic_mean": 100.0,
      "pareto_optimum": null,
      "by": "Player 1",
      "turn": 2
    }
  ],
  "refusals": [
    {
      "items": [
        "A05",
        "A08",
        "A16",
        "A27",
        "A30",
        "A58",
        "A66",
        "A84",
        "A89",
        "B00",
        "B09",
        "B10",
        "B12",
        "B45",
        "B46",
        "B67",
        "B69",
        "B94",
        "C12",
        "C15",
        "C34",
        "C81",
        "C92"
      ],
      "weight": 8087,
      "utility_player1": 14456,
      "utility_player2": 14456,
      "normalized_u1": 98.45399441531022,
      "normalized_u2": 98.45399441531022,
      "harmonic_mean": 98.45399441531022,
      "normalized_harmonic_mean": 98.45399441531022,
      "pareto_optimum": null,
      "by": "Player 2",
      "turn": 1
    },
    {
      "items": [
        "A05",
        "A08",
        "A16",
        "A27",
        "A30",
        "A66",
        "A84",
        "A89",
        "B00",
        "B09",
        "B10",
        "B12",
        "B45",
        "B46",
        "B60",
        "B67",
        "B94",
        "C12",
        "C15",
        "C34",
        "C81"
      ],
      "weight": 8102,
      "utility_player1": 14495,
      "utility_player2": 14495,
      "normalized_u1": 98.71960770959613,
      "normalized_u2": 98.71960770959613,
      "harmonic_mean": 98.71960770959613,
      "normalized_harmonic_mean": 98.71960770959613,
      "pareto_optimum": null,
      "by": "Player 1",
      "turn": 2
    }
  ],
  "agreement": {
    "items": [
      "A05",
      "A08",
      "A16",
      "A27",
      "A30",
      "A58",
      "A66",
      "A84",
      "A89",
      "B00",
      "B09",
      "B10",
      "B12",
      "B45",
      "B46",
      "B60",
      "B67",
      "B94",
      "C12",
      "C15",
      "C81",
      "C92"
    ],
    "weight": 8163,
    "utility_player1": 14683,
    "utility_player2": 14683,
    "normalized_u1": 100.0,
    "normalized_u2": 100.0,
    "harmonic_mean": 100.0,
    "normalized_harmonic_mean": 100.0,
    "pareto_optimum": null,
    "by": "Player 2",
    "turn": 2
  },
  "max_weight": 8170,
  "scores": {
    "player1_score": 14683,
    "player2_score": 14683,
    "normalized_u1": 100.0,
    "normalized_u2": 100.0,
    "harmonic_mean": 100.0,
    "normalized_harmonic_mean": 100.0,
    "episode_score": 50.0,
    "pareto_optimum": null,
    "pareto_adherence_rate": null,
    "alternation_rate": 1.0,
    "avg_normalized_substitutions": 0.15838509316770186
  },
  "max_u1": 14683,
  "max_u2": 14683,
  "max_harmonic": 1,
  "nb_proposals": 3,
  "normalized_substitutions_per_proposal": [
    0.17391304347826086,
    0.14285714285714285
  ],
  "player1_optimum": {
    "items": [
      "A05",
      "A08",
      "A16",
      "A27",
      "A30",
      "A58",
      "A66",
      "A84",
      "A89",
      "B00",
      "B09",
      "B10",
      "B12",
      "B45",
      "B46",
      "B60",
      "B67",
      "B94",
      "C12",
      "C15",
      "C81",
      "C92"
    ],
    "utility_player1": 14683,
    "utility_player2": 14683,
    "pareto_optimum": null
  },
  "player2_optimum": {
    "items": [
      "A05",
      "A08",
      "A16",
      "A27",
      "A30",
      "A58",
      "A66",
      "A84",
      "A89",
      "B00",
      "B09",
      "B10",
      "B12",
      "B45",
      "B46",
      "B60",
      "B67",
      "B94",
      "C12",
      "C15",
      "C81",
      "C92"
    ],
    "utility_player1": 14683,
    "utility_player2": 14683,
    "pareto_optimum": null
  }
}