{
  "results_folder": "deepseek-r1-distill-llama-70b-t1.0",
  "game_id": 1,
  "proposals": [
    {
      "items": [
        "A23",
        "A34",
        "A42",
        "A50",
        "A59",
        "A62",
        "A69",
        "A84",
        "A90",
        "B07",
        "B27",
        "B36",
        "B44",
        "B49",
        "C12",
        "C13",
        "C22",
        "C23",
        "C33",
        "C51",
        "C60",
        "C61",
        "C72",
        "C77"
      ],
      "weight": 7963,
      "utility_player1": 10267,
      "utility_player2": 10267,
      "normalized_u1": 98.25820652694037,
      "normalized_u2": 98.25820652694037,
      "harmonic_mean": 98.25820652694037,
      "normalized_harmonic_mean": 98.25820652694037,
      "pareto_optimum": null,
      "by": "Player 1",
      "turn": 1
    },
    {
      "items": [
        "A23",
        "A34",
        "A42",
        "A50",
        "A59",
        "A62",
        "A69",
        "A84",
        "A90",
        "B07",
        "B27",
        "B44",
        "B49",
        "C12",
        "C13",
        "C22",
        "C23",
        "C33",
        "C51",
        "C61",
        "C72",
        "C77",
        "C90"
      ],
      "weight": 8030,
      "utility_player1": 10238,
      "utility_player2": 10238,
      "normalized_u1": 97.9806680065078,
      "normalized_u2": 97.9806680065078,
      "harmonic_mean": 97.9806680065078,
      "normalized_harmonic_mean": 97.9806680065078,
      "pareto_optimum": null,
      "by": "Player 2",
      "turn": 1
    },
    {
      "items": [
        "A48",
        "A65",
        "A74",
        "A87",
        "B36",
        "B44",
        "B85",
        "C13",
        "C23",
        "C33",
        "C61",
        "C77",
        "C90",
        "C99"
      ],
      "weight": 8109,
      "utility_player1": 9453,
      "utility_player2": 9453,
      "normalized_u1": 90.46798736721217,
      "normalized_u2": 90.46798736721217,
      "harmonic_mean": 90.46798736721217,
      "normalized_harmonic_mean": 90.46798736721217,
      "pareto_optimum": null,
      "by": "Player 1",
      "turn": 2
    },
    {
      "items": [
        "A48",
        "A65",
        "A74",
        "A87",
        "B36",
        "B44",
        "B85",
        "C13",
        "C23",
        "C33",
        "C60",
        "C61",
        "C77",
        "C90",
        "C99"
      ],
      "weight": 8141,
      "utility_player1": 9581,
      "utility_player2": 9581,
      "normalized_u1": 91.69298497463872,
      "normalized_u2": 91.69298497463872,
      "harmonic_mean": 91.69298497463872,
      "normalized_harmonic_mean": 91.69298497463872,
      "pareto_optimum": null,
      "by": "Player 1",
      "turn": 3
    }
  ],
  "refusals": [
    {
      "items": [
        "A23",
        "A34",
        "A42",
        "A50",
        "A59",
        "A62",
        "A69",
        "A84",
        "A90",
        "B07",
        "B27",
        "B36",
        "B44",
        "B49",
        "C12",
        "C13",
        "C22",
        "C23",
        "C33",
        "C51",
        "C60",
        "C61",
        "C72",
        "C77"
      ],
      "weight": 7963,
      "utility_player1": 10267,
      "utility_player2": 10267,
      "normalized_u1": 98.25820652694037,
      "normalized_u2": 98.25820652694037,
      "harmonic_mean": 98.25820652694037,
      "normalized_harmonic_mean": 98.25820652694037,
      "pareto_optimum": null,
      "by": "Player 2",
      "turn": 1
    },
    {
      "items": [
        "A23",
        "A34",
        "A42",
        "A50",
        "A59",
        "A62",
        "A69",
        "A84",
        "A90",
        "B07",
        "B27",
        "B44",
        "B49",
        "C12",
        "C13",
        "C22",
        "C23",
        "C33",
        "C51",
        "C61",
        "C72",
        "C77",
        "C90"
      ],
      "weight": 8030,
      "utility_player1": 10238,
      "utility_player2": 10238,
      "normalized_u1": 97.9806680065078,
      "normalized_u2": 97.9806680065078,
      "harmonic_mean": 97.9806680065078,
      "normalized_harmonic_mean": 97.9806680065078,
      "pareto_optimum": null,
      "by": "Player 1",
      "turn": 2
    },
    {
      "items": [
        "A48",
        "A65",
        "A74",
        "A87",
        "B36",
        "B44",
        "B85",
        "C13",
        "C23",
        "C33",
        "C61",
        "C77",
        "C90",
        "C99"
      ],
      "weight": 8109,
      "utility_player1": 9453,
      "utility_player2": 9453,
      "normalized_u1": 90.46798736721217,
      "normalized_u2": 90.46798736721217,
      "harmonic_mean": 90.46798736721217,
      "normalized_harmonic_mean": 90.46798736721217,
      "pareto_optimum": null,
      "by": "Player 1",
      "turn": 3
    }
  ],
  "agreement": {
    "items": [
      "A48",
      "A65",
      "A74",
      "A87",
      "B36",
      "B44",
      "B85",
      "C13",
      "C23",
      "C33",
      "C60",
      "C61",
      "C77",
      "C90",
      "C99"
    ],
    "weight": 8141,
    "utility_player1": 9581,
    "utility_player2": 9581,
    "normalized_u1": 91.69298497463872,
    "normalized_u2": 91.69298497463872,
    "harmonic_mean": 91.69298497463872,
    "normalized_harmonic_mean": 91.69298497463872,
    "pareto_optimum": null,
    "by": "Player 1",
    "turn": 4
  },
  "max_weight": 8145,
  "scores": {
    "player1_score": 9581,
    "player2_score": 9581,
    "normalized_u1": 91.69298497463872,
    "normalized_u2": 91.69298497463872,
    "harmonic_mean": 91.69298497463872,
    "normalized_harmonic_mean": 91.69298497463872,
    "episode_score": 25.0,
    "pareto_optimum": null,
    "pareto_adherence_rate": null,
    "alternation_rate": 0.6666666666666666
  },
  "max_u1": 10449,
  "max_u2": 10449,
  "max_harmonic": 1,
  "nb_proposals": 4,
  "player1_optimum": {
    "items": [
      "A23",
      "A34",
      "A42",
      "A50",
      "A62",
      "A65",
      "A69",
      "A84",
      "A90",
      "B07",
      "B27",
      "B36",
      "B49",
      "B85",
      "C12",
      "C13",
      "C23",
      "C33",
      "C51",
      "C60",
      "C61",
      "C72",
      "C77",
      "C90"
    ],
    "utility_player1": 10449,
    "utility_player2": 10449,
    "pareto_optimum": null
  },
  "player2_optimum": {
    "items": [
      "A23",
      "A34",
      "A42",
      "A50",
      "A62",
      "A65",
      "A69",
      "A84",
      "A90",
      "B07",
      "B27",
      "B36",
      "B49",
      "B85",
      "C12",
      "C13",
      "C23",
      "C33",
      "C51",
      "C60",
      "C61",
      "C72",
      "C77",
      "C90"
    ],
    "utility_player1": 10449,
    "utility_player2": 10449,
    "pareto_optimum": null
  },
  "global_optimum": null
}