{
  "results_folder": "llama-3.3-70b-instruct-t1.0",
  "game_id": 0,
  "proposals": [
    {
      "items": [
        "B73",
        "B93",
        "C11",
        "C45"
      ],
      "weight": 1163,
      "utility_player1": 3281,
      "utility_player2": 3281,
      "normalized_u1": 54.204526680984635,
      "normalized_u2": 54.204526680984635,
      "harmonic_mean": 54.204526680984635,
      "normalized_harmonic_mean": 54.204526680984635,
      "pareto_optimum": false,
      "by": "Player 1",
      "turn": 1
    },
    {
      "items": [
        "B05",
        "B73",
        "B93",
        "C11",
        "C34",
        "C45"
      ],
      "weight": 2029,
      "utility_player1": 4457,
      "utility_player2": 4457,
      "normalized_u1": 73.63290930117297,
      "normalized_u2": 73.63290930117297,
      "harmonic_mean": 73.63290930117297,
      "normalized_harmonic_mean": 73.63290930117297,
      "pareto_optimum": false,
      "by": "Player 1",
      "turn": 2
    },
    {
      "items": [
        "A07",
        "B05",
        "B73",
        "B93",
        "C11",
        "C45"
      ],
      "weight": 1853,
      "utility_player1": 3927,
      "utility_player2": 3927,
      "normalized_u1": 64.87692053527176,
      "normalized_u2": 64.87692053527176,
      "harmonic_mean": 64.87692053527176,
      "normalized_harmonic_mean": 64.87692053527176,
      "pareto_optimum": false,
      "by": "Player 2",
      "turn": 2
    },
    {
      "items": [
        "A07",
        "B05",
        "B73",
        "B93",
        "C11",
        "C34",
        "C45"
      ],
      "weight": 2200,
      "utility_player1": 4595,
      "utility_player2": 4595,
      "normalized_u1": 75.9127705270114,
      "normalized_u2": 75.9127705270114,
      "harmonic_mean": 75.9127705270114,
      "normalized_harmonic_mean": 75.9127705270114,
      "pareto_optimum": false,
      "by": "Player 1",
      "turn": 3
    }
  ],
  "refusals": [
    {
      "items": [
        "B73",
        "B93",
        "C11",
        "C45"
      ],
      "weight": 1163,
      "utility_player1": 3281,
      "utility_player2": 3281,
      "normalized_u1": 54.204526680984635,
      "normalized_u2": 54.204526680984635,
      "harmonic_mean": 54.204526680984635,
      "normalized_harmonic_mean": 54.204526680984635,
      "pareto_optimum": false,
      "by": "Player 2",
      "turn": 1
    }
  ],
  "agreement": {
    "items": [
      "A07",
      "B05",
      "B73",
      "B93",
      "C11",
      "C34",
      "C45"
    ],
    "weight": 2200,
    "utility_player1": 4595,
    "utility_player2": 4595,
    "normalized_u1": 75.9127705270114,
    "normalized_u2": 75.9127705270114,
    "harmonic_mean": 75.9127705270114,
    "normalized_harmonic_mean": 75.9127705270114,
    "pareto_optimum": false,
    "by": "Player 2",
    "turn": 3
  },
  "max_weight": 3358,
  "scores": {
    "player1_score": 4595,
    "player2_score": 4595,
    "normalized_u1": 75.9127705270114,
    "normalized_u2": 75.9127705270114,
    "harmonic_mean": 75.9127705270114,
    "normalized_harmonic_mean": 75.9127705270114,
    "episode_score": 33.333333333333336,
    "pareto_optimum": false,
    "pareto_adherence_rate": 0.0
  },
  "max_u1": 6053,
  "max_u2": 6053,
  "max_harmonic": 1,
  "nb_proposals": 4,
  "player1_optimum": {
    "items": [
      "A87",
      "B05",
      "B16",
      "B33",
      "B73",
      "B93",
      "C11",
      "C34",
      "C45",
      "C89"
    ],
    "utility_player1": 6053,
    "utility_player2": 6053,
    "pareto_optimum": true
  },
  "player2_optimum": {
    "items": [
      "A87",
      "B05",
      "B16",
      "B33",
      "B73",
      "B93",
      "C11",
      "C34",
      "C45",
      "C89"
    ],
    "utility_player1": 6053,
    "utility_player2": 6053,
    "pareto_optimum": true
  },
  "global_optimum": null
}