{
  "results_folder": "gpt-5-2025-08-07-t1.0",
  "game_id": 1,
  "proposals": [
    {
      "items": [
        "A23",
        "A34",
        "A42",
        "A50",
        "A62",
        "A69",
        "A84",
        "A90",
        "A99",
        "B07",
        "B27",
        "B36",
        "B44",
        "B49",
        "B85",
        "C12",
        "C13",
        "C23",
        "C33",
        "C51",
        "C60",
        "C61",
        "C72",
        "C77"
      ],
      "weight": 7650,
      "utility_player1": 9954,
      "utility_player2": 9954,
      "normalized_u1": 95.26270456503015,
      "normalized_u2": 95.26270456503015,
      "harmonic_mean": 95.26270456503015,
      "normalized_harmonic_mean": 95.26270456503015,
      "pareto_optimum": null,
      "by": "Player 1",
      "turn": 1
    },
    {
      "items": [
        "A23",
        "A34",
        "A42",
        "A50",
        "A62",
        "A69",
        "A84",
        "A90",
        "A99",
        "B07",
        "B27",
        "B36",
        "B44",
        "B85",
        "C12",
        "C13",
        "C23",
        "C33",
        "C51",
        "C60",
        "C61",
        "C72",
        "C77",
        "C98"
      ],
      "weight": 8133,
      "utility_player1": 10437,
      "utility_player2": 10437,
      "normalized_u1": 99.88515647430376,
      "normalized_u2": 99.88515647430376,
      "harmonic_mean": 99.88515647430376,
      "normalized_harmonic_mean": 99.88515647430376,
      "pareto_optimum": null,
      "by": "Player 2",
      "turn": 1
    }
  ],
  "refusals": [
    {
      "items": [
        "A23",
        "A34",
        "A42",
        "A50",
        "A62",
        "A69",
        "A84",
        "A90",
        "A99",
        "B07",
        "B27",
        "B36",
        "B44",
        "B49",
        "B85",
        "C12",
        "C13",
        "C23",
        "C33",
        "C51",
        "C60",
        "C61",
        "C72",
        "C77"
      ],
      "weight": 7650,
      "utility_player1": 9954,
      "utility_player2": 9954,
      "normalized_u1": 95.26270456503015,
      "normalized_u2": 95.26270456503015,
      "harmonic_mean": 95.26270456503015,
      "normalized_harmonic_mean": 95.26270456503015,
      "pareto_optimum": null,
      "by": "Player 2",
      "turn": 1
    }
  ],
  "agreement": {
    "items": [
      "A23",
      "A34",
      "A42",
      "A50",
      "A62",
      "A69",
      "A84",
      "A90",
      "A99",
      "B07",
      "B27",
      "B36",
      "B44",
      "B85",
      "C12",
      "C13",
      "C23",
      "C33",
      "C51",
      "C60",
      "C61",
      "C72",
      "C77",
      "C98"
    ],
    "weight": 8133,
    "utility_player1": 10437,
    "utility_player2": 10437,
    "normalized_u1": 99.88515647430376,
    "normalized_u2": 99.88515647430376,
    "harmonic_mean": 99.88515647430376,
    "normalized_harmonic_mean": 99.88515647430376,
    "pareto_optimum": null,
    "by": "Player 1",
    "turn": 2
  },
  "max_weight": 8145,
  "scores": {
    "player1_score": 10437,
    "player2_score": 10437,
    "normalized_u1": 99.88515647430376,
    "normalized_u2": 99.88515647430376,
    "harmonic_mean": 99.88515647430376,
    "normalized_harmonic_mean": 99.88515647430376,
    "episode_score": 50.0,
    "pareto_optimum": null,
    "pareto_adherence_rate": null,
    "alternation_rate": 1.0,
    "avg_normalized_substitutions": 0.08333333333333333
  },
  "max_u1": 10449,
  "max_u2": 10449,
  "max_harmonic": 1,
  "nb_proposals": 2,
  "normalized_substitutions_per_proposal": [
    0.08333333333333333
  ],
  "player1_optimum": {
    "items": [
      "A23",
      "A34",
      "A42",
      "A50",
      "A62",
      "A65",
      "A69",
      "A84",
      "A90",
      "B07",
      "B27",
      "B36",
      "B49",
      "B85",
      "C12",
      "C13",
      "C23",
      "C33",
      "C51",
      "C60",
      "C61",
      "C72",
      "C77",
      "C90"
    ],
    "utility_player1": 10449,
    "utility_player2": 10449,
    "pareto_optimum": null
  },
  "player2_optimum": {
    "items": [
      "A23",
      "A34",
      "A42",
      "A50",
      "A62",
      "A65",
      "A69",
      "A84",
      "A90",
      "B07",
      "B27",
      "B36",
      "B49",
      "B85",
      "C12",
      "C13",
      "C23",
      "C33",
      "C51",
      "C60",
      "C61",
      "C72",
      "C77",
      "C90"
    ],
    "utility_player1": 10449,
    "utility_player2": 10449,
    "pareto_optimum": null
  }
}