{
  "results_folder": "nemotron-nano-9b-v2-t1.0",
  "game_id": 3,
  "proposals": [
    {
      "items": [
        "A07",
        "B38",
        "C00",
        "C10",
        "C32",
        "C56",
        "C62",
        "C76",
        "C81"
      ],
      "weight": 3284,
      "utility_player1": 5498,
      "utility_player2": 3882,
      "normalized_u1": 97.12065006182652,
      "normalized_u2": 63.15275744265495,
      "harmonic_mean": 76.53717421408169,
      "normalized_harmonic_mean": 85.66367719096849,
      "pareto_optimum": false,
      "by": "Player 1",
      "turn": 1
    },
    {
      "items": [
        "A07",
        "B38",
        "C00",
        "C08",
        "C10",
        "C32",
        "C56",
        "C62",
        "C76",
        "C81"
      ],
      "weight": 3510,
      "utility_player1": 5619,
      "utility_player2": 4704,
      "normalized_u1": 99.25808161102279,
      "normalized_u2": 76.52513421181064,
      "harmonic_mean": 86.42165273100801,
      "normalized_harmonic_mean": 96.72680808872839,
      "pareto_optimum": true,
      "by": "Player 1",
      "turn": 3
    }
  ],
  "refusals": [],
  "agreement": {
    "items": [
      "A07",
      "B38",
      "C00",
      "C08",
      "C10",
      "C32",
      "C56",
      "C62",
      "C76",
      "C81"
    ],
    "weight": 3510,
    "utility_player1": 5619,
    "utility_player2": 4704,
    "normalized_u1": 99.25808161102279,
    "normalized_u2": 76.52513421181064,
    "harmonic_mean": 86.42165273100801,
    "normalized_harmonic_mean": 96.72680808872839,
    "pareto_optimum": true,
    "by": "Player 1",
    "turn": 6
  },
  "max_weight": 3629,
  "scores": {
    "player1_score": 5619,
    "player2_score": 4704,
    "normalized_u1": 99.25808161102279,
    "normalized_u2": 76.52513421181064,
    "harmonic_mean": 86.42165273100801,
    "normalized_harmonic_mean": 96.72680808872839,
    "episode_score": 16.666666666666668,
    "pareto_optimum": true,
    "pareto_adherence_rate": 0.5
  },
  "max_u1": 5661,
  "max_u2": 6147,
  "max_harmonic": 89.34612279538123,
  "nb_proposals": 2,
  "player1_optimum": {
    "items": [
      "A03",
      "A07",
      "B38",
      "C08",
      "C10",
      "C32",
      "C56",
      "C62",
      "C76",
      "C81"
    ],
    "utility_player1": 5661,
    "utility_player2": 4436,
    "pareto_optimum": true
  },
  "player2_optimum": {
    "items": [
      "A07",
      "A83",
      "C03",
      "C08",
      "C10",
      "C56",
      "C62",
      "C76",
      "C81",
      "C98"
    ],
    "utility_player1": 4079,
    "utility_player2": 6147,
    "pareto_optimum": true
  },
  "global_optimum": {
    "items": [
      "A07",
      "B38",
      "C00",
      "C03",
      "C08",
      "C10",
      "C56",
      "C62",
      "C76",
      "C81"
    ],
    "utility_player1": 5200,
    "utility_player2": 5346,
    "harmonic_mean": 89.34612279538123,
    "pareto_optimum": true
  }
}