{
  "results_folder": "llama-3.3-70b-instruct-t1.0",
  "game_id": 1,
  "proposals": [
    {
      "items": [
        "A25",
        "A71",
        "B96",
        "C79",
        "C82"
      ],
      "weight": 3765,
      "utility_player1": 4245,
      "utility_player2": 4245,
      "normalized_u1": 40.6258972150445,
      "normalized_u2": 40.6258972150445,
      "harmonic_mean": 40.6258972150445,
      "normalized_harmonic_mean": 40.6258972150445,
      "pareto_optimum": null,
      "by": "Player 1",
      "turn": 1
    },
    {
      "items": [
        "A25",
        "A71",
        "B96",
        "C79",
        "C82"
      ],
      "weight": 3765,
      "utility_player1": 4245,
      "utility_player2": 4245,
      "normalized_u1": 40.6258972150445,
      "normalized_u2": 40.6258972150445,
      "harmonic_mean": 40.6258972150445,
      "normalized_harmonic_mean": 40.6258972150445,
      "pareto_optimum": null,
      "by": "Player 1",
      "turn": 2
    },
    {
      "items": [
        "A25",
        "A71",
        "B96",
        "C79",
        "C82"
      ],
      "weight": 3765,
      "utility_player1": 4245,
      "utility_player2": 4245,
      "normalized_u1": 40.6258972150445,
      "normalized_u2": 40.6258972150445,
      "harmonic_mean": 40.6258972150445,
      "normalized_harmonic_mean": 40.6258972150445,
      "pareto_optimum": null,
      "by": "Player 1",
      "turn": 3
    }
  ],
  "refusals": [],
  "agreement": null,
  "max_weight": 8145,
  "scores": {
    "pareto_adherence_rate": null,
    "alternation_rate": 0.0
  },
  "max_u1": 10449,
  "max_u2": 10449,
  "max_harmonic": 1,
  "nb_proposals": 3,
  "player1_optimum": {
    "items": [
      "A25",
      "A28",
      "A39",
      "A46",
      "A75",
      "A87",
      "A88",
      "A97",
      "B15",
      "B16",
      "B34",
      "B64",
      "B69",
      "B81",
      "B95",
      "C10",
      "C17",
      "C51",
      "C53",
      "C60",
      "C72",
      "C82",
      "C83",
      "C84"
    ],
    "utility_player1": 10449,
    "utility_player2": 10449,
    "pareto_optimum": null
  },
  "player2_optimum": {
    "items": [
      "A25",
      "A28",
      "A39",
      "A46",
      "A75",
      "A87",
      "A88",
      "A97",
      "B15",
      "B16",
      "B34",
      "B64",
      "B69",
      "B81",
      "B95",
      "C10",
      "C17",
      "C51",
      "C53",
      "C60",
      "C72",
      "C82",
      "C83",
      "C84"
    ],
    "utility_player1": 10449,
    "utility_player2": 10449,
    "pareto_optimum": null
  },
  "global_optimum": null
}