{
  "results_folder": "llama-3.3-70b-instruct-t1.0",
  "game_id": 3,
  "proposals": [
    {
      "items": [
        "A04",
        "A48",
        "C04"
      ],
      "weight": 830,
      "utility_player1": 2198,
      "utility_player2": 694,
      "normalized_u1": 36.05051664753157,
      "normalized_u2": 11.681535095101834,
      "harmonic_mean": 17.64539172484603,
      "normalized_harmonic_mean": 20.26585290720381,
      "pareto_optimum": false,
      "by": "Player 1",
      "turn": 1
    },
    {
      "items": [
        "A04",
        "A48",
        "B61",
        "C04"
      ],
      "weight": 1115,
      "utility_player1": 2682,
      "utility_player2": 1277,
      "normalized_u1": 43.9888469739216,
      "normalized_u2": 21.49469786231274,
      "harmonic_mean": 28.87830759255909,
      "normalized_harmonic_mean": 33.166933497754144,
      "pareto_optimum": false,
      "by": "Player 2",
      "turn": 1
    }
  ],
  "refusals": [],
  "agreement": {
    "items": [
      "A04",
      "A48",
      "B61",
      "C04"
    ],
    "weight": 1115,
    "utility_player1": 2682,
    "utility_player2": 1277,
    "normalized_u1": 43.9888469739216,
    "normalized_u2": 21.49469786231274,
    "harmonic_mean": 28.87830759255909,
    "normalized_harmonic_mean": 33.166933497754144,
    "pareto_optimum": false,
    "by": "Player 1",
    "turn": 2
  },
  "max_weight": 3681,
  "scores": {
    "player1_score": 2682,
    "player2_score": 1277,
    "normalized_u1": 43.9888469739216,
    "normalized_u2": 21.49469786231274,
    "harmonic_mean": 28.87830759255909,
    "normalized_harmonic_mean": 33.166933497754144,
    "episode_score": 50.0,
    "pareto_optimum": false,
    "pareto_adherence_rate": 0.0
  },
  "max_u1": 6097,
  "max_u2": 5941,
  "max_harmonic": 87.06957365990601,
  "nb_proposals": 2,
  "player1_optimum": {
    "items": [
      "A04",
      "A41",
      "A48",
      "A89",
      "B21",
      "B53",
      "B61",
      "B85",
      "C04"
    ],
    "utility_player1": 6097,
    "utility_player2": 3218,
    "pareto_optimum": true
  },
  "player2_optimum": {
    "items": [
      "A03",
      "A04",
      "A61",
      "B61",
      "B85",
      "C04",
      "C33",
      "C49",
      "C64"
    ],
    "utility_player1": 3250,
    "utility_player2": 5941,
    "pareto_optimum": true
  },
  "global_optimum": {
    "items": [
      "A03",
      "A04",
      "A48",
      "A61",
      "A89",
      "B53",
      "B61",
      "B85",
      "C04",
      "C49"
    ],
    "utility_player1": 5278,
    "utility_player2": 5203,
    "harmonic_mean": 87.06957365990601,
    "pareto_optimum": true
  }
}