{
  "results_folder": "deepseek-r1-distill-llama-70b-t1.0",
  "game_id": 2,
  "proposals": [
    {
      "items": [
        "A71",
        "A87",
        "A88",
        "A94",
        "A96",
        "B16",
        "B19",
        "B23",
        "B37",
        "B81",
        "C51",
        "C60",
        "C79",
        "C83"
      ],
      "weight": 9305,
      "utility_player1": 10649,
      "utility_player2": 10649,
      "normalized_u1": 92.35906331309627,
      "normalized_u2": 92.35906331309627,
      "harmonic_mean": 92.35906331309627,
      "normalized_harmonic_mean": 92.35906331309627,
      "pareto_optimum": null,
      "by": "Player 1",
      "turn": 1
    },
    {
      "items": [
        "A71",
        "A87",
        "A88",
        "A94",
        "A96",
        "B16",
        "B19",
        "B23",
        "B37",
        "B81",
        "C51",
        "C60",
        "C79",
        "C83"
      ],
      "weight": 9305,
      "utility_player1": 10649,
      "utility_player2": 10649,
      "normalized_u1": 92.35906331309627,
      "normalized_u2": 92.35906331309627,
      "harmonic_mean": 92.35906331309627,
      "normalized_harmonic_mean": 92.35906331309627,
      "pareto_optimum": null,
      "by": "Player 1",
      "turn": 2
    },
    {
      "items": [
        "A71",
        "A87",
        "A88",
        "A94",
        "A96",
        "B16",
        "B19",
        "B23",
        "B37",
        "B81",
        "C51",
        "C60",
        "C79",
        "C83"
      ],
      "weight": 9305,
      "utility_player1": 10649,
      "utility_player2": 10649,
      "normalized_u1": 92.35906331309627,
      "normalized_u2": 92.35906331309627,
      "harmonic_mean": 92.35906331309627,
      "normalized_harmonic_mean": 92.35906331309627,
      "pareto_optimum": null,
      "by": "Player 1",
      "turn": 3
    }
  ],
  "refusals": [],
  "agreement": null,
  "max_weight": 9322,
  "scores": {
    "pareto_adherence_rate": null
  },
  "max_u1": 11530,
  "max_u2": 11530,
  "max_harmonic": 1,
  "nb_proposals": 3,
  "player1_optimum": {
    "items": [
      "A08",
      "A25",
      "A28",
      "A39",
      "A46",
      "A65",
      "A71",
      "A88",
      "A94",
      "A97",
      "B15",
      "B16",
      "B43",
      "B64",
      "B69",
      "B95",
      "B96",
      "C10",
      "C17",
      "C53",
      "C72",
      "C79",
      "C82"
    ],
    "utility_player1": 11530,
    "utility_player2": 11530,
    "pareto_optimum": null
  },
  "player2_optimum": {
    "items": [
      "A08",
      "A25",
      "A28",
      "A39",
      "A46",
      "A65",
      "A71",
      "A88",
      "A94",
      "A97",
      "B15",
      "B16",
      "B43",
      "B64",
      "B69",
      "B95",
      "B96",
      "C10",
      "C17",
      "C53",
      "C72",
      "C79",
      "C82"
    ],
    "utility_player1": 11530,
    "utility_player2": 11530,
    "pareto_optimum": null
  },
  "global_optimum": null
}