{
  "results_folder": "gpt-5-2025-08-07-no-reasoning-t1.0",
  "game_id": 3,
  "proposals": [
    {
      "items": [
        "A03",
        "A07",
        "C00",
        "C10",
        "C56",
        "C62",
        "C76",
        "C81"
      ],
      "weight": 2546,
      "utility_player1": 4844,
      "utility_player2": 3404,
      "normalized_u1": 85.5679208620385,
      "normalized_u2": 55.3766064747031,
      "harmonic_mean": 67.2386671546972,
      "normalized_harmonic_mean": 75.25639059759301,
      "pareto_optimum": false,
      "by": "Player 1",
      "turn": 1
    },
    {
      "items": [
        "A83",
        "C03",
        "C08",
        "C10",
        "C56",
        "C62",
        "C76",
        "C98"
      ],
      "weight": 2683,
      "utility_player1": 2812,
      "utility_player2": 5302,
      "normalized_u1": 49.673202614379086,
      "normalized_u2": 86.25345697088011,
      "harmonic_mean": 63.041134938179475,
      "normalized_harmonic_mean": 70.55833310478964,
      "pareto_optimum": false,
      "by": "Player 2",
      "turn": 1
    },
    {
      "items": [
        "A03",
        "A07",
        "B38",
        "C00",
        "C10",
        "C56",
        "C62",
        "C81"
      ],
      "weight": 3239,
      "utility_player1": 5374,
      "utility_player2": 3057,
      "normalized_u1": 94.93022434198905,
      "normalized_u2": 49.73157637872133,
      "harmonic_mean": 65.26988712973898,
      "normalized_harmonic_mean": 73.05284783226556,
      "pareto_optimum": false,
      "by": "Player 1",
      "turn": 2
    },
    {
      "items": [
        "A07",
        "A83",
        "C03",
        "C10",
        "C56",
        "C62",
        "C76",
        "C81"
      ],
      "weight": 2426,
      "utility_player1": 3696,
      "utility_player2": 4542,
      "normalized_u1": 65.2888182299947,
      "normalized_u2": 73.88970229380185,
      "harmonic_mean": 69.32350371268132,
      "normalized_harmonic_mean": 77.58982879586691,
      "pareto_optimum": false,
      "by": "Player 2",
      "turn": 2
    }
  ],
  "refusals": [
    {
      "items": [
        "A03",
        "A07",
        "C00",
        "C10",
        "C56",
        "C62",
        "C76",
        "C81"
      ],
      "weight": 2546,
      "utility_player1": 4844,
      "utility_player2": 3404,
      "normalized_u1": 85.5679208620385,
      "normalized_u2": 55.3766064747031,
      "harmonic_mean": 67.2386671546972,
      "normalized_harmonic_mean": 75.25639059759301,
      "pareto_optimum": false,
      "by": "Player 2",
      "turn": 1
    },
    {
      "items": [
        "A83",
        "C03",
        "C08",
        "C10",
        "C56",
        "C62",
        "C76",
        "C98"
      ],
      "weight": 2683,
      "utility_player1": 2812,
      "utility_player2": 5302,
      "normalized_u1": 49.673202614379086,
      "normalized_u2": 86.25345697088011,
      "harmonic_mean": 63.041134938179475,
      "normalized_harmonic_mean": 70.55833310478964,
      "pareto_optimum": false,
      "by": "Player 1",
      "turn": 2
    },
    {
      "items": [
        "A03",
        "A07",
        "B38",
        "C00",
        "C10",
        "C56",
        "C62",
        "C81"
      ],
      "weight": 3239,
      "utility_player1": 5374,
      "utility_player2": 3057,
      "normalized_u1": 94.93022434198905,
      "normalized_u2": 49.73157637872133,
      "harmonic_mean": 65.26988712973898,
      "normalized_harmonic_mean": 73.05284783226556,
      "pareto_optimum": false,
      "by": "Player 2",
      "turn": 2
    }
  ],
  "agreement": {
    "items": [
      "A07",
      "A83",
      "C03",
      "C10",
      "C56",
      "C62",
      "C76",
      "C81"
    ],
    "weight": 2426,
    "utility_player1": 3696,
    "utility_player2": 4542,
    "normalized_u1": 65.2888182299947,
    "normalized_u2": 73.88970229380185,
    "harmonic_mean": 69.32350371268132,
    "normalized_harmonic_mean": 77.58982879586691,
    "pareto_optimum": false,
    "by": "Player 1",
    "turn": 5
  },
  "max_weight": 3629,
  "scores": {
    "player1_score": 3696,
    "player2_score": 4542,
    "normalized_u1": 65.2888182299947,
    "normalized_u2": 73.88970229380185,
    "harmonic_mean": 69.32350371268132,
    "normalized_harmonic_mean": 77.58982879586691,
    "episode_score": 20.0,
    "pareto_optimum": false,
    "pareto_adherence_rate": 0.0,
    "alternation_rate": 1.0,
    "avg_normalized_substitutions": 1.0
  },
  "max_u1": 5661,
  "max_u2": 6147,
  "max_harmonic": 89.34612279538123,
  "nb_proposals": 4,
  "normalized_substitutions_per_proposal": [
    1.0,
    1.25,
    0.75
  ],
  "player1_optimum": {
    "items": [
      "A03",
      "A07",
      "B38",
      "C08",
      "C10",
      "C32",
      "C56",
      "C62",
      "C76",
      "C81"
    ],
    "utility_player1": 5661,
    "utility_player2": 4436,
    "pareto_optimum": true
  },
  "player2_optimum": {
    "items": [
      "A07",
      "A83",
      "C03",
      "C08",
      "C10",
      "C56",
      "C62",
      "C76",
      "C81",
      "C98"
    ],
    "utility_player1": 4079,
    "utility_player2": 6147,
    "pareto_optimum": true
  }
}