{
  "results_folder": "deepseek-r1-distill-llama-70b-t1.0",
  "game_id": 0,
  "proposals": [
    {
      "items": [
        "A03",
        "A07",
        "B38",
        "C00",
        "C08",
        "C32",
        "C38",
        "C56",
        "C62"
      ],
      "weight": 3502,
      "utility_player1": 5941,
      "utility_player2": 3250,
      "normalized_u1": 100.0,
      "normalized_u2": 56.267313019390585,
      "harmonic_mean": 72.01418125415466,
      "normalized_harmonic_mean": 82.10621445273195,
      "pareto_optimum": true,
      "by": "Player 1",
      "turn": 1
    },
    {
      "items": [
        "A03",
        "A07",
        "B38",
        "C00",
        "C08",
        "C38",
        "C56",
        "C62",
        "C76"
      ],
      "weight": 3412,
      "utility_player1": 5271,
      "utility_player2": 3920,
      "normalized_u1": 88.72243730011783,
      "normalized_u2": 67.86703601108033,
      "harmonic_mean": 76.90592119524437,
      "normalized_harmonic_mean": 87.68348050860251,
      "pareto_optimum": false,
      "by": "Player 2",
      "turn": 2
    },
    {
      "items": [
        "A07",
        "B38",
        "C00",
        "C08",
        "C32",
        "C38",
        "C56",
        "C62",
        "C76"
      ],
      "weight": 3533,
      "utility_player1": 5257,
      "utility_player2": 3937,
      "normalized_u1": 88.48678673623968,
      "normalized_u2": 68.16135734072022,
      "harmonic_mean": 77.00543822208029,
      "normalized_harmonic_mean": 87.7969438043699,
      "pareto_optimum": false,
      "by": "Player 2",
      "turn": 3
    }
  ],
  "refusals": [
    {
      "items": [
        "A03",
        "A07",
        "B38",
        "C00",
        "C08",
        "C32",
        "C38",
        "C56",
        "C62"
      ],
      "weight": 3502,
      "utility_player1": 5941,
      "utility_player2": 3250,
      "normalized_u1": 100.0,
      "normalized_u2": 56.267313019390585,
      "harmonic_mean": 72.01418125415466,
      "normalized_harmonic_mean": 82.10621445273195,
      "pareto_optimum": true,
      "by": "Player 2",
      "turn": 1
    }
  ],
  "agreement": {
    "items": [
      "A07",
      "B38",
      "C00",
      "C08",
      "C32",
      "C38",
      "C56",
      "C62",
      "C76"
    ],
    "weight": 3533,
    "utility_player1": 5257,
    "utility_player2": 3937,
    "normalized_u1": 88.48678673623968,
    "normalized_u2": 68.16135734072022,
    "harmonic_mean": 77.00543822208029,
    "normalized_harmonic_mean": 87.7969438043699,
    "pareto_optimum": false,
    "by": "Player 1",
    "turn": 4
  },
  "max_weight": 3683,
  "scores": {
    "player1_score": 5257,
    "player2_score": 3937,
    "normalized_u1": 88.48678673623968,
    "normalized_u2": 68.16135734072022,
    "harmonic_mean": 77.00543822208029,
    "normalized_harmonic_mean": 87.7969438043699,
    "episode_score": 25.0,
    "pareto_optimum": false,
    "pareto_adherence_rate": 0.3333333333333333,
    "alternation_rate": 0.5
  },
  "max_u1": 5941,
  "max_u2": 5776,
  "max_harmonic": 87.70856351636183,
  "nb_proposals": 3,
  "player1_optimum": {
    "items": [
      "A03",
      "A07",
      "B38",
      "C00",
      "C08",
      "C32",
      "C38",
      "C56",
      "C62"
    ],
    "utility_player1": 5941,
    "utility_player2": 3250,
    "pareto_optimum": true
  },
  "player2_optimum": {
    "items": [
      "A07",
      "A83",
      "B38",
      "C03",
      "C08",
      "C38",
      "C62",
      "C76",
      "C98"
    ],
    "utility_player1": 3517,
    "utility_player2": 5776,
    "pareto_optimum": true
  },
  "global_optimum": {
    "items": [
      "A03",
      "A07",
      "A83",
      "B38",
      "C00",
      "C03",
      "C08",
      "C38",
      "C56",
      "C76"
    ],
    "utility_player1": 5217,
    "utility_player2": 5060,
    "harmonic_mean": 87.70856351636183,
    "pareto_optimum": true
  }
}