{
  "results_folder": "llama-3.3-70b-instruct-t1.0",
  "game_id": 0,
  "proposals": [
    {
      "items": [
        "A43",
        "A67",
        "B42",
        "C08"
      ],
      "weight": 1217,
      "utility_player1": 2611,
      "utility_player2": 2611,
      "normalized_u1": 43.13563522220387,
      "normalized_u2": 43.13563522220387,
      "harmonic_mean": 43.13563522220387,
      "normalized_harmonic_mean": 43.13563522220387,
      "pareto_optimum": null,
      "by": "Player 1",
      "turn": 1
    },
    {
      "items": [
        "A43",
        "A67",
        "B42",
        "C08"
      ],
      "weight": 1217,
      "utility_player1": 2611,
      "utility_player2": 2611,
      "normalized_u1": 43.13563522220387,
      "normalized_u2": 43.13563522220387,
      "harmonic_mean": 43.13563522220387,
      "normalized_harmonic_mean": 43.13563522220387,
      "pareto_optimum": null,
      "by": "Player 1",
      "turn": 2
    },
    {
      "items": [
        "A43",
        "A67",
        "B42",
        "C08"
      ],
      "weight": 1217,
      "utility_player1": 2611,
      "utility_player2": 2611,
      "normalized_u1": 43.13563522220387,
      "normalized_u2": 43.13563522220387,
      "harmonic_mean": 43.13563522220387,
      "normalized_harmonic_mean": 43.13563522220387,
      "pareto_optimum": null,
      "by": "Player 1",
      "turn": 3
    }
  ],
  "agreement": null,
  "max_weight": 3358,
  "scores": {},
  "max_u1": 6053,
  "max_u2": 6053,
  "max_harmonic": 1,
  "player1_optimum": {
    "items": [
      "A18",
      "A43",
      "A67",
      "B19",
      "B36",
      "B42",
      "C42",
      "C61",
      "C67",
      "C73"
    ],
    "utility_player1": 6053,
    "utility_player2": 6053,
    "pareto_optimum": null
  },
  "player2_optimum": {
    "items": [
      "A18",
      "A43",
      "A67",
      "B19",
      "B36",
      "B42",
      "C42",
      "C61",
      "C67",
      "C73"
    ],
    "utility_player1": 6053,
    "utility_player2": 6053,
    "pareto_optimum": null
  },
  "global_optimum": null
}