{
  "results_folder": "nemotron-nano-9b-v2-t1.0",
  "game_id": 0,
  "proposals": [
    {
      "items": [
        "A03",
        "A10",
        "A71",
        "A87",
        "B32",
        "B41",
        "B86",
        "C00",
        "C17",
        "C54"
      ],
      "weight": 3619,
      "utility_player1": 5602,
      "utility_player2": 4619,
      "normalized_u1": 97.25694444444444,
      "normalized_u2": 72.42082157416118,
      "harmonic_mean": 83.02122294192496,
      "normalized_harmonic_mean": 95.66741624652423,
      "pareto_optimum": true,
      "by": "Player 1",
      "turn": 1
    },
    {
      "items": [
        "A03",
        "A10",
        "A71",
        "A87",
        "B32",
        "B41",
        "B86",
        "C00",
        "C17",
        "C54"
      ],
      "weight": 3619,
      "utility_player1": 5602,
      "utility_player2": 4619,
      "normalized_u1": 97.25694444444444,
      "normalized_u2": 72.42082157416118,
      "harmonic_mean": 83.02122294192496,
      "normalized_harmonic_mean": 95.66741624652423,
      "pareto_optimum": true,
      "by": "Player 1",
      "turn": 2
    },
    {
      "items": [
        "A03",
        "A10",
        "A71",
        "A87",
        "B32",
        "B41",
        "B86",
        "C00",
        "C17",
        "C54"
      ],
      "weight": 3619,
      "utility_player1": 5602,
      "utility_player2": 4619,
      "normalized_u1": 97.25694444444444,
      "normalized_u2": 72.42082157416118,
      "harmonic_mean": 83.02122294192496,
      "normalized_harmonic_mean": 95.66741624652423,
      "pareto_optimum": true,
      "by": "Player 1",
      "turn": 3
    }
  ],
  "refusals": [],
  "agreement": null,
  "max_weight": 3624,
  "scores": {
    "pareto_adherence_rate": 1.0,
    "alternation_rate": 0.0
  },
  "max_u1": 5760,
  "max_u2": 6378,
  "max_harmonic": 86.7810861829785,
  "nb_proposals": 3,
  "player1_optimum": {
    "items": [
      "A03",
      "A10",
      "A71",
      "A87",
      "B41",
      "B86",
      "C00",
      "C01",
      "C54"
    ],
    "utility_player1": 5760,
    "utility_player2": 3617,
    "pareto_optimum": true
  },
  "player2_optimum": {
    "items": [
      "A03",
      "A04",
      "A77",
      "A87",
      "B32",
      "B33",
      "B41",
      "B86",
      "C00",
      "C17"
    ],
    "utility_player1": 3993,
    "utility_player2": 6378,
    "pareto_optimum": true
  },
  "global_optimum": {
    "items": [
      "A03",
      "A04",
      "A87",
      "B32",
      "B33",
      "B41",
      "B86",
      "C00",
      "C01",
      "C17"
    ],
    "utility_player1": 4708,
    "utility_player2": 5899,
    "harmonic_mean": 86.7810861829785,
    "pareto_optimum": true
  }
}