{
  "results_folder": "claude-sonnet-4-20250514-no-reasoning-t1.0",
  "game_id": 4,
  "proposals": [
    {
      "items": [
        "A04",
        "A41",
        "A89",
        "B21",
        "B61",
        "B85",
        "C04"
      ],
      "weight": 4322,
      "utility_player1": 4449,
      "utility_player2": 2764,
      "normalized_u1": 85.34433147899482,
      "normalized_u2": 47.4914089347079,
      "harmonic_mean": 61.02457868500134,
      "normalized_harmonic_mean": 71.54725080318845,
      "pareto_optimum": false,
      "by": "Player 1",
      "turn": 1
    },
    {
      "items": [
        "A04",
        "A41",
        "A89",
        "B21",
        "B61",
        "B85",
        "C04"
      ],
      "weight": 4322,
      "utility_player1": 4449,
      "utility_player2": 2764,
      "normalized_u1": 85.34433147899482,
      "normalized_u2": 47.4914089347079,
      "harmonic_mean": 61.02457868500134,
      "normalized_harmonic_mean": 71.54725080318845,
      "pareto_optimum": false,
      "by": "Player 1",
      "turn": 2
    },
    {
      "items": [
        "A04",
        "A41",
        "A89",
        "B21",
        "B61",
        "B85",
        "C04"
      ],
      "weight": 4322,
      "utility_player1": 4449,
      "utility_player2": 2764,
      "normalized_u1": 85.34433147899482,
      "normalized_u2": 47.4914089347079,
      "harmonic_mean": 61.02457868500134,
      "normalized_harmonic_mean": 71.54725080318845,
      "pareto_optimum": false,
      "by": "Player 1",
      "turn": 3
    }
  ],
  "refusals": [
    {
      "items": [
        "A04",
        "A41",
        "A89",
        "B21",
        "B61",
        "B85",
        "C04"
      ],
      "weight": 4322,
      "utility_player1": 4449,
      "utility_player2": 2764,
      "normalized_u1": 85.34433147899482,
      "normalized_u2": 47.4914089347079,
      "harmonic_mean": 61.02457868500134,
      "normalized_harmonic_mean": 71.54725080318845,
      "pareto_optimum": false,
      "by": "Player 2",
      "turn": 3
    },
    {
      "items": [
        "A04",
        "A41",
        "A89",
        "B21",
        "B61",
        "B85",
        "C04"
      ],
      "weight": 4322,
      "utility_player1": 4449,
      "utility_player2": 2764,
      "normalized_u1": 85.34433147899482,
      "normalized_u2": 47.4914089347079,
      "harmonic_mean": 61.02457868500134,
      "normalized_harmonic_mean": 71.54725080318845,
      "pareto_optimum": false,
      "by": "Player 2",
      "turn": 3
    }
  ],
  "agreement": null,
  "max_weight": 5138,
  "scores": {
    "pareto_adherence_rate": 0.0,
    "alternation_rate": 0.0
  },
  "max_u1": 5213,
  "max_u2": 5820,
  "max_harmonic": 85.29269538653165,
  "nb_proposals": 3,
  "player1_optimum": {
    "items": [
      "A04",
      "A41",
      "A45",
      "A48",
      "B21",
      "B53",
      "B61"
    ],
    "utility_player1": 5213,
    "utility_player2": 2019,
    "pareto_optimum": true
  },
  "player2_optimum": {
    "items": [
      "A03",
      "A61",
      "B61",
      "B85",
      "C04",
      "C33",
      "C49",
      "C64"
    ],
    "utility_player1": 2428,
    "utility_player2": 5820,
    "pareto_optimum": true
  },
  "global_optimum": {
    "items": [
      "A03",
      "A41",
      "A61",
      "B21",
      "B53",
      "B61",
      "B85",
      "C04",
      "C64"
    ],
    "utility_player1": 4399,
    "utility_player2": 5018,
    "harmonic_mean": 85.29269538653165,
    "pareto_optimum": true
  }
}