{
  "results_folder": "gpt-5-mini-2025-08-07-t1.0",
  "game_id": 0,
  "proposals": [
    {
      "items": [
        "A08",
        "A25",
        "A28",
        "A39",
        "A46",
        "A65",
        "A71",
        "A75",
        "A87",
        "B15",
        "B16",
        "B19",
        "B34",
        "B37",
        "B43",
        "B69",
        "B96",
        "C17",
        "C51",
        "C53",
        "C72",
        "C79",
        "C82"
      ],
      "weight": 10070,
      "utility_player1": 12347,
      "utility_player2": 12347,
      "normalized_u1": 99.97570850202429,
      "normalized_u2": 99.97570850202429,
      "harmonic_mean": 99.97570850202429,
      "normalized_harmonic_mean": 99.97570850202429,
      "pareto_optimum": null,
      "by": "Player 1",
      "turn": 1
    }
  ],
  "refusals": [],
  "agreement": {
    "items": [
      "A08",
      "A25",
      "A28",
      "A39",
      "A46",
      "A65",
      "A71",
      "A75",
      "A87",
      "B15",
      "B16",
      "B19",
      "B34",
      "B37",
      "B43",
      "B69",
      "B96",
      "C17",
      "C51",
      "C53",
      "C72",
      "C79",
      "C82"
    ],
    "weight": 10070,
    "utility_player1": 12347,
    "utility_player2": 12347,
    "normalized_u1": 99.97570850202429,
    "normalized_u2": 99.97570850202429,
    "harmonic_mean": 99.97570850202429,
    "normalized_harmonic_mean": 99.97570850202429,
    "pareto_optimum": null,
    "by": "Player 2",
    "turn": 1
  },
  "max_weight": 10073,
  "scores": {
    "player1_score": 12347,
    "player2_score": 12347,
    "normalized_u1": 99.97570850202429,
    "normalized_u2": 99.97570850202429,
    "harmonic_mean": 99.97570850202429,
    "normalized_harmonic_mean": 99.97570850202429,
    "episode_score": 100.0,
    "pareto_optimum": null,
    "pareto_adherence_rate": null
  },
  "max_u1": 12350,
  "max_u2": 12350,
  "max_harmonic": 1,
  "nb_proposals": 1,
  "player1_optimum": {
    "items": [
      "A08",
      "A25",
      "A28",
      "A39",
      "A65",
      "A71",
      "A75",
      "A87",
      "A97",
      "B16",
      "B19",
      "B23",
      "B34",
      "B37",
      "B69",
      "B96",
      "C17",
      "C51",
      "C53",
      "C72",
      "C79",
      "C82",
      "C84"
    ],
    "utility_player1": 12350,
    "utility_player2": 12350,
    "pareto_optimum": null
  },
  "player2_optimum": {
    "items": [
      "A08",
      "A25",
      "A28",
      "A39",
      "A65",
      "A71",
      "A75",
      "A87",
      "A97",
      "B16",
      "B19",
      "B23",
      "B34",
      "B37",
      "B69",
      "B96",
      "C17",
      "C51",
      "C53",
      "C72",
      "C79",
      "C82",
      "C84"
    ],
    "utility_player1": 12350,
    "utility_player2": 12350,
    "pareto_optimum": null
  },
  "global_optimum": null
}