{
  "results_folder": "deepseek-r1-distill-llama-70b-t1.0",
  "game_id": 2,
  "proposals": [
    {
      "items": [
        "A05",
        "A08",
        "A16",
        "A30",
        "A58",
        "A66",
        "A84",
        "B00",
        "B09",
        "B10",
        "B12",
        "B45",
        "B46",
        "B53",
        "B67",
        "B75",
        "B85",
        "B94",
        "C12",
        "C15",
        "C24"
      ],
      "weight": 7856,
      "utility_player1": 12590,
      "utility_player2": 12590,
      "normalized_u1": 91.87098657326328,
      "normalized_u2": 91.87098657326328,
      "harmonic_mean": 91.87098657326328,
      "normalized_harmonic_mean": 91.87098657326328,
      "pareto_optimum": null,
      "by": "Player 1",
      "turn": 1
    },
    {
      "items": [
        "A05",
        "A08",
        "A16",
        "A23",
        "A30",
        "A58",
        "A66",
        "A84",
        "A89",
        "B00",
        "B09",
        "B10",
        "B12",
        "B46",
        "B60",
        "B67",
        "B69",
        "B75",
        "B85",
        "B94",
        "C12",
        "C24",
        "C65"
      ],
      "weight": 7786,
      "utility_player1": 13079,
      "utility_player2": 13079,
      "normalized_u1": 95.43928779918272,
      "normalized_u2": 95.43928779918272,
      "harmonic_mean": 95.43928779918272,
      "normalized_harmonic_mean": 95.43928779918272,
      "pareto_optimum": null,
      "by": "Player 1",
      "turn": 2
    },
    {
      "items": [
        "A05",
        "A08",
        "A16",
        "A23",
        "A30",
        "A58",
        "A66",
        "A84",
        "A89",
        "B00",
        "B09",
        "B10",
        "B12",
        "B46",
        "B60",
        "B67",
        "B69",
        "B75",
        "B85",
        "B94",
        "C12",
        "C24",
        "C65"
      ],
      "weight": 7786,
      "utility_player1": 13079,
      "utility_player2": 13079,
      "normalized_u1": 95.43928779918272,
      "normalized_u2": 95.43928779918272,
      "harmonic_mean": 95.43928779918272,
      "normalized_harmonic_mean": 95.43928779918272,
      "pareto_optimum": null,
      "by": "Player 1",
      "turn": 3
    }
  ],
  "refusals": [],
  "agreement": null,
  "max_weight": 7868,
  "scores": {
    "pareto_adherence_rate": null
  },
  "max_u1": 13704,
  "max_u2": 13704,
  "max_harmonic": 1,
  "nb_proposals": 3,
  "player1_optimum": {
    "items": [
      "A08",
      "A16",
      "A30",
      "A58",
      "A66",
      "A84",
      "A89",
      "B00",
      "B09",
      "B10",
      "B12",
      "B46",
      "B60",
      "B67",
      "B75",
      "B85",
      "B94",
      "C12",
      "C15",
      "C24",
      "C81"
    ],
    "utility_player1": 13704,
    "utility_player2": 13704,
    "pareto_optimum": null
  },
  "player2_optimum": {
    "items": [
      "A08",
      "A16",
      "A30",
      "A58",
      "A66",
      "A84",
      "A89",
      "B00",
      "B09",
      "B10",
      "B12",
      "B46",
      "B60",
      "B67",
      "B75",
      "B85",
      "B94",
      "C12",
      "C15",
      "C24",
      "C81"
    ],
    "utility_player1": 13704,
    "utility_player2": 13704,
    "pareto_optimum": null
  },
  "global_optimum": null
}