{
  "results_folder": "claude-sonnet-4-20250514-t1.0",
  "game_id": 4,
  "proposals": [
    {
      "items": [
        "A40",
        "A77",
        "A81",
        "A91",
        "A95",
        "B38",
        "B59",
        "B86",
        "C16",
        "C28",
        "C31",
        "C61"
      ],
      "weight": 3882,
      "utility_player1": 8178,
      "utility_player2": 8178,
      "normalized_u1": 58.037044922290825,
      "normalized_u2": 58.037044922290825,
      "harmonic_mean": 58.037044922290825,
      "normalized_harmonic_mean": 58.037044922290825,
      "pareto_optimum": null,
      "by": "Player 1",
      "turn": 1
    },
    {
      "items": [
        "A40",
        "A77",
        "A81",
        "A91",
        "A95",
        "B38",
        "B54",
        "B56",
        "B59",
        "B86",
        "C03",
        "C05",
        "C16",
        "C24",
        "C28",
        "C31",
        "C61"
      ],
      "weight": 7453,
      "utility_player1": 12164,
      "utility_player2": 12164,
      "normalized_u1": 86.32460435739124,
      "normalized_u2": 86.32460435739124,
      "harmonic_mean": 86.32460435739124,
      "normalized_harmonic_mean": 86.32460435739124,
      "pareto_optimum": null,
      "by": "Player 2",
      "turn": 1
    },
    {
      "items": [
        "A40",
        "A77",
        "A81",
        "A91",
        "A93",
        "A95",
        "B38",
        "B54",
        "B56",
        "B59",
        "B75",
        "B86",
        "B96",
        "C03",
        "C05",
        "C16",
        "C24",
        "C28",
        "C31",
        "C59",
        "C61"
      ],
      "weight": 8982,
      "utility_player1": 13540,
      "utility_player2": 13540,
      "normalized_u1": 96.0897026470797,
      "normalized_u2": 96.0897026470797,
      "harmonic_mean": 96.0897026470797,
      "normalized_harmonic_mean": 96.0897026470797,
      "pareto_optimum": null,
      "by": "Player 1",
      "turn": 2
    }
  ],
  "refusals": [],
  "agreement": {
    "items": [
      "A40",
      "A77",
      "A81",
      "A91",
      "A93",
      "A95",
      "B38",
      "B54",
      "B56",
      "B59",
      "B75",
      "B86",
      "B96",
      "C03",
      "C05",
      "C16",
      "C24",
      "C28",
      "C31",
      "C59",
      "C61"
    ],
    "weight": 8982,
    "utility_player1": 13540,
    "utility_player2": 13540,
    "normalized_u1": 96.0897026470797,
    "normalized_u2": 96.0897026470797,
    "harmonic_mean": 96.0897026470797,
    "normalized_harmonic_mean": 96.0897026470797,
    "pareto_optimum": null,
    "by": "Player 2",
    "turn": 2
  },
  "max_weight": 9612,
  "scores": {
    "player1_score": 13540,
    "player2_score": 13540,
    "normalized_u1": 96.0897026470797,
    "normalized_u2": 96.0897026470797,
    "harmonic_mean": 96.0897026470797,
    "normalized_harmonic_mean": 96.0897026470797,
    "episode_score": 50.0,
    "pareto_optimum": null,
    "pareto_adherence_rate": null,
    "alternation_rate": 1.0
  },
  "max_u1": 14091,
  "max_u2": 14091,
  "max_harmonic": 1,
  "nb_proposals": 3,
  "player1_optimum": {
    "items": [
      "A40",
      "A77",
      "A81",
      "A91",
      "A93",
      "A95",
      "B38",
      "B54",
      "B56",
      "B59",
      "B75",
      "B86",
      "B96",
      "C03",
      "C05",
      "C16",
      "C24",
      "C28",
      "C31",
      "C50",
      "C54",
      "C61"
    ],
    "utility_player1": 14091,
    "utility_player2": 14091,
    "pareto_optimum": null
  },
  "player2_optimum": {
    "items": [
      "A40",
      "A77",
      "A81",
      "A91",
      "A93",
      "A95",
      "B38",
      "B54",
      "B56",
      "B59",
      "B75",
      "B86",
      "B96",
      "C03",
      "C05",
      "C16",
      "C24",
      "C28",
      "C31",
      "C50",
      "C54",
      "C61"
    ],
    "utility_player1": 14091,
    "utility_player2": 14091,
    "pareto_optimum": null
  },
  "global_optimum": null
}