{
  "results_folder": "gpt-5-2025-08-07-t1.0",
  "game_id": 2,
  "proposals": [
    {
      "items": [
        "A04",
        "A71",
        "A87",
        "B32",
        "B35",
        "B41",
        "B86",
        "C00",
        "C01",
        "C54"
      ],
      "weight": 3445,
      "utility_player1": 4690,
      "utility_player2": 3546,
      "normalized_u1": 100.0,
      "normalized_u2": 74.38640654499686,
      "harmonic_mean": 85.31216167448575,
      "normalized_harmonic_mean": 97.2046971937695,
      "pareto_optimum": true,
      "by": "Player 1",
      "turn": 1
    },
    {
      "items": [
        "A77",
        "B32",
        "B33",
        "B35",
        "B41",
        "B86",
        "C00",
        "C01",
        "C54"
      ],
      "weight": 3354,
      "utility_player1": 2677,
      "utility_player2": 4711,
      "normalized_u1": 57.078891257995735,
      "normalized_u2": 98.82525697503671,
      "harmonic_mean": 72.36287373175158,
      "normalized_harmonic_mean": 82.45027544847157,
      "pareto_optimum": true,
      "by": "Player 2",
      "turn": 1
    },
    {
      "items": [
        "A04",
        "A71",
        "A87",
        "B32",
        "B35",
        "B41",
        "B86",
        "C00",
        "C01",
        "C54"
      ],
      "weight": 3445,
      "utility_player1": 4690,
      "utility_player2": 3546,
      "normalized_u1": 100.0,
      "normalized_u2": 74.38640654499686,
      "harmonic_mean": 85.31216167448575,
      "normalized_harmonic_mean": 97.2046971937695,
      "pareto_optimum": true,
      "by": "Player 1",
      "turn": 2
    },
    {
      "items": [
        "A04",
        "A71",
        "A77",
        "B32",
        "B35",
        "B41",
        "B86",
        "C00",
        "C01",
        "C54"
      ],
      "weight": 3345,
      "utility_player1": 4143,
      "utility_player2": 4093,
      "normalized_u1": 88.33688699360341,
      "normalized_u2": 85.86112859240612,
      "harmonic_mean": 87.08141465441338,
      "normalized_harmonic_mean": 99.22058445764215,
      "pareto_optimum": true,
      "by": "Player 2",
      "turn": 2
    }
  ],
  "agreement": {
    "items": [
      "A04",
      "A71",
      "A77",
      "B32",
      "B35",
      "B41",
      "B86",
      "C00",
      "C01",
      "C54"
    ],
    "weight": 3345,
    "utility_player1": 4143,
    "utility_player2": 4093,
    "normalized_u1": 88.33688699360341,
    "normalized_u2": 85.86112859240612,
    "harmonic_mean": 87.08141465441338,
    "normalized_harmonic_mean": 99.22058445764215,
    "pareto_optimum": true,
    "by": "Player 1",
    "turn": 3
  },
  "max_weight": 3481,
  "scores": {
    "player1_score": 4143,
    "player2_score": 4093,
    "normalized_u1": 88.33688699360341,
    "normalized_u2": 85.86112859240612,
    "harmonic_mean": 87.08141465441338,
    "normalized_harmonic_mean": 99.22058445764215,
    "episode_score": 33.333333333333336,
    "pareto_optimum": true
  },
  "max_u1": 4690,
  "max_u2": 4767,
  "max_harmonic": 87.76547238702162,
  "player1_optimum": {
    "items": [
      "A04",
      "A71",
      "A87",
      "B32",
      "B35",
      "B41",
      "B86",
      "C00",
      "C01",
      "C54"
    ],
    "utility_player1": 4690,
    "utility_player2": 3546,
    "pareto_optimum": true
  },
  "player2_optimum": {
    "items": [
      "A77",
      "B32",
      "B33",
      "B35",
      "B86",
      "C00",
      "C17",
      "C54"
    ],
    "utility_player1": 1748,
    "utility_player2": 4767,
    "pareto_optimum": true
  },
  "global_optimum": {
    "items": [
      "A04",
      "A71",
      "A77",
      "A87",
      "B32",
      "B35",
      "B86",
      "C00",
      "C01",
      "C54"
    ],
    "utility_player1": 4228,
    "utility_player2": 4076,
    "harmonic_mean": 87.76547238702162,
    "pareto_optimum": true
  }
}