{
  "results_folder": "gpt-5-mini-2025-08-07-t1.0",
  "game_id": 5,
  "proposals": [
    {
      "items": [
        "A08",
        "A16",
        "A27",
        "A30",
        "A66",
        "B00",
        "B09",
        "B10",
        "B12",
        "B45",
        "B46",
        "B60",
        "B67",
        "B85",
        "B94",
        "C12",
        "C15",
        "C34",
        "C70",
        "C81"
      ],
      "weight": 9272,
      "utility_player1": 14466,
      "utility_player2": 14466,
      "normalized_u1": 98.56909239574816,
      "normalized_u2": 98.56909239574816,
      "harmonic_mean": 98.56909239574816,
      "normalized_harmonic_mean": 98.56909239574816,
      "pareto_optimum": null,
      "by": "Player 1",
      "turn": 1
    },
    {
      "items": [
        "A08",
        "A16",
        "A27",
        "A30",
        "A66",
        "B00",
        "B09",
        "B10",
        "B12",
        "B45",
        "B46",
        "B60",
        "B67",
        "B85",
        "B94",
        "C06",
        "C12",
        "C15",
        "C34",
        "C70",
        "C81"
      ],
      "weight": 9405,
      "utility_player1": 14496,
      "utility_player2": 14496,
      "normalized_u1": 98.77350776778414,
      "normalized_u2": 98.77350776778414,
      "harmonic_mean": 98.77350776778414,
      "normalized_harmonic_mean": 98.77350776778414,
      "pareto_optimum": null,
      "by": "Player 2",
      "turn": 1
    },
    {
      "items": [
        "A05",
        "A08",
        "A16",
        "A27",
        "A30",
        "A66",
        "B00",
        "B09",
        "B12",
        "B45",
        "B46",
        "B60",
        "B67",
        "B85",
        "B94",
        "C12",
        "C15",
        "C34",
        "C35",
        "C70",
        "C81"
      ],
      "weight": 9471,
      "utility_player1": 14676,
      "utility_player2": 14676,
      "normalized_u1": 100.0,
      "normalized_u2": 100.0,
      "harmonic_mean": 100.0,
      "normalized_harmonic_mean": 100.0,
      "pareto_optimum": null,
      "by": "Player 1",
      "turn": 2
    }
  ],
  "refusals": [],
  "agreement": {
    "items": [
      "A05",
      "A08",
      "A16",
      "A27",
      "A30",
      "A66",
      "B00",
      "B09",
      "B12",
      "B45",
      "B46",
      "B60",
      "B67",
      "B85",
      "B94",
      "C12",
      "C15",
      "C34",
      "C35",
      "C70",
      "C81"
    ],
    "weight": 9471,
    "utility_player1": 14676,
    "utility_player2": 14676,
    "normalized_u1": 100.0,
    "normalized_u2": 100.0,
    "harmonic_mean": 100.0,
    "normalized_harmonic_mean": 100.0,
    "pareto_optimum": null,
    "by": "Player 2",
    "turn": 2
  },
  "max_weight": 9475,
  "scores": {
    "player1_score": 14676,
    "player2_score": 14676,
    "normalized_u1": 100.0,
    "normalized_u2": 100.0,
    "harmonic_mean": 100.0,
    "normalized_harmonic_mean": 100.0,
    "episode_score": 50.0,
    "pareto_optimum": null,
    "pareto_adherence_rate": null
  },
  "max_u1": 14676,
  "max_u2": 14676,
  "max_harmonic": 1,
  "nb_proposals": 3,
  "player1_optimum": {
    "items": [
      "A05",
      "A08",
      "A16",
      "A27",
      "A30",
      "A66",
      "B00",
      "B09",
      "B12",
      "B45",
      "B46",
      "B60",
      "B67",
      "B85",
      "B94",
      "C12",
      "C15",
      "C34",
      "C35",
      "C70",
      "C81"
    ],
    "utility_player1": 14676,
    "utility_player2": 14676,
    "pareto_optimum": null
  },
  "player2_optimum": {
    "items": [
      "A05",
      "A08",
      "A16",
      "A27",
      "A30",
      "A66",
      "B00",
      "B09",
      "B12",
      "B45",
      "B46",
      "B60",
      "B67",
      "B85",
      "B94",
      "C12",
      "C15",
      "C34",
      "C35",
      "C70",
      "C81"
    ],
    "utility_player1": 14676,
    "utility_player2": 14676,
    "pareto_optimum": null
  },
  "global_optimum": null
}