{
  "results_folder": "nemotron-nano-9b-v2-no-reasoning-t1.0",
  "game_id": 0,
  "proposals": [
    {
      "items": [
        "B38",
        "B54",
        "B96",
        "C14",
        "C28"
      ],
      "weight": 588,
      "utility_player1": 3483,
      "utility_player2": 3483,
      "normalized_u1": 23.86270211016717,
      "normalized_u2": 23.86270211016717,
      "harmonic_mean": 23.86270211016717,
      "normalized_harmonic_mean": 23.86270211016717,
      "pareto_optimum": null,
      "by": "Player 1",
      "turn": 1
    },
    {
      "items": [
        "B38",
        "B54",
        "B96",
        "C14",
        "C28",
        "C54"
      ],
      "weight": 850,
      "utility_player1": 3513,
      "utility_player2": 3513,
      "normalized_u1": 24.06823787338997,
      "normalized_u2": 24.06823787338997,
      "harmonic_mean": 24.06823787338997,
      "normalized_harmonic_mean": 24.06823787338997,
      "pareto_optimum": null,
      "by": "Player 2",
      "turn": 1
    },
    {
      "items": [
        "A95",
        "B56",
        "B96",
        "C14"
      ],
      "weight": 897,
      "utility_player1": 2786,
      "utility_player2": 2786,
      "normalized_u1": 19.087421211290764,
      "normalized_u2": 19.087421211290764,
      "harmonic_mean": 19.087421211290764,
      "normalized_harmonic_mean": 19.087421211290764,
      "pareto_optimum": null,
      "by": "Player 2",
      "turn": 2
    },
    {
      "items": [
        "A95",
        "B56",
        "B96",
        "C14"
      ],
      "weight": 897,
      "utility_player1": 2786,
      "utility_player2": 2786,
      "normalized_u1": 19.087421211290764,
      "normalized_u2": 19.087421211290764,
      "harmonic_mean": 19.087421211290764,
      "normalized_harmonic_mean": 19.087421211290764,
      "pareto_optimum": null,
      "by": "Player 1",
      "turn": 3
    }
  ],
  "refusals": [
    {
      "items": [
        "B38",
        "B54",
        "B96",
        "C14",
        "C28",
        "C54"
      ],
      "weight": 850,
      "utility_player1": 3513,
      "utility_player2": 3513,
      "normalized_u1": 24.06823787338997,
      "normalized_u2": 24.06823787338997,
      "harmonic_mean": 24.06823787338997,
      "normalized_harmonic_mean": 24.06823787338997,
      "pareto_optimum": null,
      "by": "Player 1",
      "turn": 2
    }
  ],
  "agreement": {
    "items": [
      "A95",
      "B56",
      "B96",
      "C14"
    ],
    "weight": 897,
    "utility_player1": 2786,
    "utility_player2": 2786,
    "normalized_u1": 19.087421211290764,
    "normalized_u2": 19.087421211290764,
    "harmonic_mean": 19.087421211290764,
    "normalized_harmonic_mean": 19.087421211290764,
    "pareto_optimum": null,
    "by": "Player 2",
    "turn": 3
  },
  "max_weight": 7605,
  "scores": {
    "player1_score": 2786,
    "player2_score": 2786,
    "normalized_u1": 19.087421211290764,
    "normalized_u2": 19.087421211290764,
    "harmonic_mean": 19.087421211290764,
    "normalized_harmonic_mean": 19.087421211290764,
    "episode_score": 33.333333333333336,
    "pareto_optimum": null,
    "pareto_adherence_rate": null
  },
  "max_u1": 14596,
  "max_u2": 14596,
  "max_harmonic": 1,
  "nb_proposals": 4,
  "player1_optimum": {
    "items": [
      "A40",
      "A81",
      "A91",
      "A95",
      "B11",
      "B24",
      "B38",
      "B54",
      "B56",
      "B59",
      "B60",
      "B79",
      "B86",
      "B96",
      "C05",
      "C14",
      "C16",
      "C24",
      "C28",
      "C31",
      "C50",
      "C61"
    ],
    "utility_player1": 14596,
    "utility_player2": 14596,
    "pareto_optimum": null
  },
  "player2_optimum": {
    "items": [
      "A40",
      "A81",
      "A91",
      "A95",
      "B11",
      "B24",
      "B38",
      "B54",
      "B56",
      "B59",
      "B60",
      "B79",
      "B86",
      "B96",
      "C05",
      "C14",
      "C16",
      "C24",
      "C28",
      "C31",
      "C50",
      "C61"
    ],
    "utility_player1": 14596,
    "utility_player2": 14596,
    "pareto_optimum": null
  },
  "global_optimum": null
}