{
  "results_folder": "gpt-5-2025-08-07-no-reasoning-t1.0",
  "game_id": 5,
  "proposals": [
    {
      "items": [
        "A08",
        "A16",
        "A27",
        "A30",
        "B09",
        "B10",
        "B12",
        "B46",
        "B60",
        "B67",
        "B85",
        "C12",
        "C15",
        "C34",
        "C35",
        "C70",
        "C81"
      ],
      "weight": 7018,
      "utility_player1": 12261,
      "utility_player2": 12261,
      "normalized_u1": 83.54456255110384,
      "normalized_u2": 83.54456255110384,
      "harmonic_mean": 83.54456255110384,
      "normalized_harmonic_mean": 83.54456255110384,
      "pareto_optimum": null,
      "by": "Player 1",
      "turn": 1
    },
    {
      "items": [
        "A08",
        "A16",
        "A27",
        "A30",
        "A66",
        "B09",
        "B10",
        "B12",
        "B45",
        "B46",
        "B60",
        "B67",
        "B85",
        "B94",
        "C06",
        "C12",
        "C15",
        "C34",
        "C35",
        "C70",
        "C81"
      ],
      "weight": 9302,
      "utility_player1": 14357,
      "utility_player2": 14357,
      "normalized_u1": 97.82638321068411,
      "normalized_u2": 97.82638321068411,
      "harmonic_mean": 97.82638321068411,
      "normalized_harmonic_mean": 97.82638321068411,
      "pareto_optimum": null,
      "by": "Player 2",
      "turn": 1
    }
  ],
  "agreement": {
    "items": [
      "A08",
      "A16",
      "A27",
      "A30",
      "A66",
      "B09",
      "B10",
      "B12",
      "B45",
      "B46",
      "B60",
      "B67",
      "B85",
      "B94",
      "C06",
      "C12",
      "C15",
      "C34",
      "C35",
      "C70",
      "C81"
    ],
    "weight": 9302,
    "utility_player1": 14357,
    "utility_player2": 14357,
    "normalized_u1": 97.82638321068411,
    "normalized_u2": 97.82638321068411,
    "harmonic_mean": 97.82638321068411,
    "normalized_harmonic_mean": 97.82638321068411,
    "pareto_optimum": null,
    "by": "Player 1",
    "turn": 2
  },
  "max_weight": 9475,
  "scores": {
    "player1_score": 14357,
    "player2_score": 14357,
    "normalized_u1": 97.82638321068411,
    "normalized_u2": 97.82638321068411,
    "harmonic_mean": 97.82638321068411,
    "normalized_harmonic_mean": 97.82638321068411,
    "episode_score": 50.0,
    "pareto_optimum": null
  },
  "max_u1": 14676,
  "max_u2": 14676,
  "max_harmonic": 1,
  "player1_optimum": {
    "items": [
      "A05",
      "A08",
      "A16",
      "A27",
      "A30",
      "A66",
      "B00",
      "B09",
      "B12",
      "B45",
      "B46",
      "B60",
      "B67",
      "B85",
      "B94",
      "C12",
      "C15",
      "C34",
      "C35",
      "C70",
      "C81"
    ],
    "utility_player1": 14676,
    "utility_player2": 14676,
    "pareto_optimum": null
  },
  "player2_optimum": {
    "items": [
      "A05",
      "A08",
      "A16",
      "A27",
      "A30",
      "A66",
      "B00",
      "B09",
      "B12",
      "B45",
      "B46",
      "B60",
      "B67",
      "B85",
      "B94",
      "C12",
      "C15",
      "C34",
      "C35",
      "C70",
      "C81"
    ],
    "utility_player1": 14676,
    "utility_player2": 14676,
    "pareto_optimum": null
  },
  "global_optimum": null
}