{
  "results_folder": "deepseek-r1-distill-llama-70b-t1.0",
  "game_id": 0,
  "proposals": [
    {
      "items": [
        "A39",
        "A75",
        "A87",
        "A88",
        "A94",
        "A96",
        "A97",
        "B43",
        "B64",
        "B69",
        "B81",
        "B95",
        "C53",
        "C60",
        "C79"
      ],
      "weight": 10046,
      "utility_player1": 11531,
      "utility_player2": 11531,
      "normalized_u1": 93.36842105263158,
      "normalized_u2": 93.36842105263158,
      "harmonic_mean": 93.36842105263158,
      "normalized_harmonic_mean": 93.36842105263158,
      "pareto_optimum": null,
      "by": "Player 1",
      "turn": 1
    },
    {
      "items": [
        "A39",
        "A75",
        "A87",
        "A88",
        "A96",
        "A97",
        "B43",
        "B64",
        "B69",
        "B81",
        "B95",
        "C53",
        "C60",
        "C79"
      ],
      "weight": 9096,
      "utility_player1": 10482,
      "utility_player2": 10482,
      "normalized_u1": 84.8744939271255,
      "normalized_u2": 84.8744939271255,
      "harmonic_mean": 84.8744939271255,
      "normalized_harmonic_mean": 84.8744939271255,
      "pareto_optimum": null,
      "by": "Player 1",
      "turn": 2
    },
    {
      "items": [
        "A39",
        "A75",
        "A87",
        "A88",
        "A96",
        "A97",
        "B43",
        "B64",
        "B69",
        "B81",
        "B95",
        "C53",
        "C60",
        "C79"
      ],
      "weight": 9096,
      "utility_player1": 10482,
      "utility_player2": 10482,
      "normalized_u1": 84.8744939271255,
      "normalized_u2": 84.8744939271255,
      "harmonic_mean": 84.8744939271255,
      "normalized_harmonic_mean": 84.8744939271255,
      "pareto_optimum": null,
      "by": "Player 1",
      "turn": 3
    }
  ],
  "refusals": [],
  "agreement": null,
  "max_weight": 10073,
  "scores": {
    "pareto_adherence_rate": null,
    "alternation_rate": 0.0
  },
  "max_u1": 12350,
  "max_u2": 12350,
  "max_harmonic": 1,
  "nb_proposals": 3,
  "player1_optimum": {
    "items": [
      "A08",
      "A25",
      "A28",
      "A39",
      "A65",
      "A71",
      "A75",
      "A87",
      "A97",
      "B16",
      "B19",
      "B23",
      "B34",
      "B37",
      "B69",
      "B96",
      "C17",
      "C51",
      "C53",
      "C72",
      "C79",
      "C82",
      "C84"
    ],
    "utility_player1": 12350,
    "utility_player2": 12350,
    "pareto_optimum": null
  },
  "player2_optimum": {
    "items": [
      "A08",
      "A25",
      "A28",
      "A39",
      "A65",
      "A71",
      "A75",
      "A87",
      "A97",
      "B16",
      "B19",
      "B23",
      "B34",
      "B37",
      "B69",
      "B96",
      "C17",
      "C51",
      "C53",
      "C72",
      "C79",
      "C82",
      "C84"
    ],
    "utility_player1": 12350,
    "utility_player2": 12350,
    "pareto_optimum": null
  },
  "global_optimum": null
}