{
  "results_folder": "deepseek-r1-distill-llama-70b-t1.0",
  "game_id": 5,
  "proposals": [
    {
      "items": [
        "A40",
        "A77",
        "A95",
        "B11",
        "B38",
        "B51",
        "B54",
        "B55",
        "B56",
        "B59",
        "B60",
        "B75",
        "B86",
        "B96",
        "C03",
        "C05",
        "C14",
        "C16",
        "C24",
        "C28",
        "C31",
        "C52"
      ],
      "weight": 10105,
      "utility_player1": 0,
      "utility_player2": 0,
      "normalized_u1": 0,
      "normalized_u2": 0,
      "harmonic_mean": 97.90133551376397,
      "normalized_harmonic_mean": 0,
      "pareto_optimum": null,
      "by": "Player 1",
      "turn": 1
    },
    {
      "items": [
        "A40",
        "A77",
        "A95",
        "B38",
        "B51",
        "B55",
        "B56",
        "B59",
        "B60",
        "B75",
        "B86",
        "B96",
        "C03",
        "C05",
        "C14",
        "C28",
        "C31"
      ],
      "weight": 8487,
      "utility_player1": 11027,
      "utility_player2": 11027,
      "normalized_u1": 75.13627691469065,
      "normalized_u2": 75.13627691469065,
      "harmonic_mean": 75.13627691469065,
      "normalized_harmonic_mean": 75.13627691469065,
      "pareto_optimum": null,
      "by": "Player 1",
      "turn": 2
    },
    {
      "items": [
        "A40",
        "A77",
        "A95",
        "B38",
        "B54",
        "B55",
        "B56",
        "B59",
        "B60",
        "B86",
        "B96",
        "C03",
        "C05",
        "C14",
        "C16",
        "C24",
        "C28",
        "C31"
      ],
      "weight": 8292,
      "utility_player1": 13029,
      "utility_player2": 13029,
      "normalized_u1": 88.77759607522485,
      "normalized_u2": 88.77759607522485,
      "harmonic_mean": 88.77759607522485,
      "normalized_harmonic_mean": 88.77759607522485,
      "pareto_optimum": null,
      "by": "Player 2",
      "turn": 2
    },
    {
      "items": [
        "A40",
        "A77",
        "A95",
        "B11",
        "B38",
        "B54",
        "B55",
        "B56",
        "B59",
        "B60",
        "B86",
        "B96",
        "C03",
        "C05",
        "C14",
        "C16",
        "C24",
        "C28",
        "C31"
      ],
      "weight": 8309,
      "utility_player1": 13429,
      "utility_player2": 13429,
      "normalized_u1": 91.50313436903788,
      "normalized_u2": 91.50313436903788,
      "harmonic_mean": 91.5031343690379,
      "normalized_harmonic_mean": 91.50313436903788,
      "pareto_optimum": null,
      "by": "Player 2",
      "turn": 3
    }
  ],
  "refusals": [
    {
      "items": [
        "B51",
        "B75"
      ],
      "weight": 1228,
      "utility_player1": 356,
      "utility_player2": 356,
      "normalized_u1": 2.425729081493595,
      "normalized_u2": 2.425729081493595,
      "harmonic_mean": 2.425729081493595,
      "normalized_harmonic_mean": 2.425729081493595,
      "pareto_optimum": null,
      "by": "Player 2",
      "turn": 2
    }
  ],
  "agreement": {
    "items": [
      "A40",
      "A77",
      "A95",
      "B11",
      "B38",
      "B54",
      "B55",
      "B56",
      "B59",
      "B60",
      "B86",
      "B96",
      "C03",
      "C05",
      "C14",
      "C16",
      "C24",
      "C28",
      "C31"
    ],
    "weight": 8309,
    "utility_player1": 13429,
    "utility_player2": 13429,
    "normalized_u1": 91.50313436903788,
    "normalized_u2": 91.50313436903788,
    "harmonic_mean": 91.5031343690379,
    "normalized_harmonic_mean": 91.50313436903788,
    "pareto_optimum": null,
    "by": "Player 2",
    "turn": 5
  },
  "max_weight": 9475,
  "scores": {
    "player1_score": 13429,
    "player2_score": 13429,
    "normalized_u1": 91.50313436903788,
    "normalized_u2": 91.50313436903788,
    "harmonic_mean": 91.5031343690379,
    "normalized_harmonic_mean": 91.50313436903788,
    "episode_score": 20.0,
    "pareto_optimum": null,
    "pareto_adherence_rate": null,
    "alternation_rate": 0.3333333333333333
  },
  "max_u1": 14676,
  "max_u2": 14676,
  "max_harmonic": 1,
  "nb_proposals": 4,
  "player1_optimum": {
    "items": [
      "A40",
      "A77",
      "A95",
      "B11",
      "B24",
      "B38",
      "B54",
      "B56",
      "B59",
      "B60",
      "B86",
      "B96",
      "C03",
      "C05",
      "C14",
      "C16",
      "C24",
      "C28",
      "C31",
      "C50",
      "C52"
    ],
    "utility_player1": 14676,
    "utility_player2": 14676,
    "pareto_optimum": null
  },
  "player2_optimum": {
    "items": [
      "A40",
      "A77",
      "A95",
      "B11",
      "B24",
      "B38",
      "B54",
      "B56",
      "B59",
      "B60",
      "B86",
      "B96",
      "C03",
      "C05",
      "C14",
      "C16",
      "C24",
      "C28",
      "C31",
      "C50",
      "C52"
    ],
    "utility_player1": 14676,
    "utility_player2": 14676,
    "pareto_optimum": null
  },
  "global_optimum": null
}