{
  "results_folder": "nemotron-nano-9b-v2-no-reasoning-t1.0",
  "game_id": 5,
  "proposals": [
    {
      "items": [
        "A18",
        "A62",
        "B19",
        "B36",
        "C08",
        "C10",
        "C43",
        "C55",
        "C61",
        "C67"
      ],
      "weight": 2802,
      "utility_player1": 3951,
      "utility_player2": 3951,
      "normalized_u1": 73.60283159463488,
      "normalized_u2": 73.60283159463488,
      "harmonic_mean": 73.60283159463488,
      "normalized_harmonic_mean": 73.60283159463488,
      "pareto_optimum": null,
      "by": "Player 1",
      "turn": 1
    },
    {
      "items": [
        "A18",
        "A62",
        "B19",
        "B36",
        "C08",
        "C10",
        "C43",
        "C55",
        "C61",
        "C67"
      ],
      "weight": 2802,
      "utility_player1": 3951,
      "utility_player2": 3951,
      "normalized_u1": 73.60283159463488,
      "normalized_u2": 73.60283159463488,
      "harmonic_mean": 73.60283159463488,
      "normalized_harmonic_mean": 73.60283159463488,
      "pareto_optimum": null,
      "by": "Player 2",
      "turn": 1
    },
    {
      "items": [
        "A18",
        "A62",
        "B19",
        "B36",
        "C08",
        "C10",
        "C43",
        "C55",
        "C61",
        "C67"
      ],
      "weight": 2802,
      "utility_player1": 3951,
      "utility_player2": 3951,
      "normalized_u1": 73.60283159463488,
      "normalized_u2": 73.60283159463488,
      "harmonic_mean": 73.60283159463488,
      "normalized_harmonic_mean": 73.60283159463488,
      "pareto_optimum": null,
      "by": "Player 1",
      "turn": 2
    }
  ],
  "agreement": {
    "items": [
      "A18",
      "A62",
      "B19",
      "B36",
      "C08",
      "C10",
      "C43",
      "C55",
      "C61",
      "C67"
    ],
    "weight": 2802,
    "utility_player1": 3951,
    "utility_player2": 3951,
    "normalized_u1": 73.60283159463488,
    "normalized_u2": 73.60283159463488,
    "harmonic_mean": 73.60283159463488,
    "normalized_harmonic_mean": 73.60283159463488,
    "pareto_optimum": null,
    "by": "Player 2",
    "turn": 2
  },
  "max_weight": 3170,
  "scores": {
    "player1_score": 3951,
    "player2_score": 3951,
    "normalized_u1": 73.60283159463488,
    "normalized_u2": 73.60283159463488,
    "harmonic_mean": 73.60283159463488,
    "normalized_harmonic_mean": 73.60283159463488,
    "episode_score": 50.0,
    "pareto_optimum": null
  },
  "max_u1": 5368,
  "max_u2": 5368,
  "max_harmonic": 1,
  "player1_optimum": {
    "items": [
      "A18",
      "A43",
      "A62",
      "B19",
      "B36",
      "C10",
      "C42",
      "C55",
      "C61",
      "C67"
    ],
    "utility_player1": 5368,
    "utility_player2": 5368,
    "pareto_optimum": null
  },
  "player2_optimum": {
    "items": [
      "A18",
      "A43",
      "A62",
      "B19",
      "B36",
      "C10",
      "C42",
      "C55",
      "C61",
      "C67"
    ],
    "utility_player1": 5368,
    "utility_player2": 5368,
    "pareto_optimum": null
  },
  "global_optimum": null
}