{
  "results_folder": "nemotron-nano-9b-v2-no-reasoning-t1.0",
  "game_id": 4,
  "proposals": [
    {
      "items": [
        "A04",
        "A10",
        "A77",
        "B32",
        "B33",
        "B41",
        "C01",
        "C54"
      ],
      "weight": 4817,
      "utility_player1": 3738,
      "utility_player2": 4572,
      "normalized_u1": 71.70535200460387,
      "normalized_u2": 78.55670103092784,
      "harmonic_mean": 74.97482945226518,
      "normalized_harmonic_mean": 87.90298994830952,
      "pareto_optimum": false,
      "by": "Player 1",
      "turn": 1
    },
    {
      "items": [
        "A04",
        "A10",
        "A77",
        "B32",
        "B33",
        "B41",
        "C01",
        "C54"
      ],
      "weight": 4817,
      "utility_player1": 3738,
      "utility_player2": 4572,
      "normalized_u1": 71.70535200460387,
      "normalized_u2": 78.55670103092784,
      "harmonic_mean": 74.97482945226518,
      "normalized_harmonic_mean": 87.90298994830952,
      "pareto_optimum": false,
      "by": "Player 2",
      "turn": 1
    },
    {
      "items": [
        "A04",
        "A10",
        "A77",
        "B32",
        "B33",
        "B41",
        "C01",
        "C54"
      ],
      "weight": 4817,
      "utility_player1": 3738,
      "utility_player2": 4572,
      "normalized_u1": 71.70535200460387,
      "normalized_u2": 78.55670103092784,
      "harmonic_mean": 74.97482945226518,
      "normalized_harmonic_mean": 87.90298994830952,
      "pareto_optimum": false,
      "by": "Player 1",
      "turn": 2
    }
  ],
  "agreement": {
    "items": [
      "A04",
      "A10",
      "A77",
      "B32",
      "B33",
      "B41",
      "C01",
      "C54"
    ],
    "weight": 4817,
    "utility_player1": 3738,
    "utility_player2": 4572,
    "normalized_u1": 71.70535200460387,
    "normalized_u2": 78.55670103092784,
    "harmonic_mean": 74.97482945226518,
    "normalized_harmonic_mean": 87.90298994830952,
    "pareto_optimum": false,
    "by": "Player 2",
    "turn": 2
  },
  "max_weight": 5138,
  "scores": {
    "player1_score": 3738,
    "player2_score": 4572,
    "normalized_u1": 71.70535200460387,
    "normalized_u2": 78.55670103092784,
    "harmonic_mean": 74.97482945226518,
    "normalized_harmonic_mean": 87.90298994830952,
    "episode_score": 50.0,
    "pareto_optimum": false
  },
  "max_u1": 5213,
  "max_u2": 5820,
  "max_harmonic": 85.29269538653165,
  "player1_optimum": {
    "items": [
      "A10",
      "A71",
      "B32",
      "B35",
      "B86",
      "C00",
      "C01"
    ],
    "utility_player1": 5213,
    "utility_player2": 2019,
    "pareto_optimum": true
  },
  "player2_optimum": {
    "items": [
      "A03",
      "A04",
      "A77",
      "A87",
      "B32",
      "B33",
      "C17",
      "C54"
    ],
    "utility_player1": 2428,
    "utility_player2": 5820,
    "pareto_optimum": true
  },
  "global_optimum": {
    "items": [
      "A04",
      "A10",
      "A77",
      "A87",
      "B32",
      "B33",
      "B35",
      "C01",
      "C54"
    ],
    "utility_player1": 4399,
    "utility_player2": 5018,
    "harmonic_mean": 85.29269538653165,
    "pareto_optimum": true
  }
}