{
  "results_folder": "gpt-5-mini-2025-08-07-no-reasoning-t1.0",
  "game_id": 4,
  "proposals": [
    {
      "items": [
        "A40",
        "A77",
        "A81",
        "A91",
        "A95",
        "B11",
        "B38",
        "B54",
        "B56",
        "B59",
        "B86",
        "C03",
        "C05",
        "C16",
        "C24",
        "C28",
        "C31",
        "C50",
        "C54",
        "C59",
        "C61"
      ],
      "weight": 9592,
      "utility_player1": 13639,
      "utility_player2": 13639,
      "normalized_u1": 96.79227875949188,
      "normalized_u2": 96.79227875949188,
      "harmonic_mean": 96.79227875949188,
      "normalized_harmonic_mean": 96.79227875949188,
      "pareto_optimum": null,
      "by": "Player 1",
      "turn": 1
    },
    {
      "items": [
        "A40",
        "A77",
        "A81",
        "A91",
        "A95",
        "B38",
        "B54",
        "B56",
        "B59",
        "B60",
        "B75",
        "B86",
        "C03",
        "C05",
        "C16",
        "C24",
        "C28",
        "C31",
        "C50",
        "C54",
        "C59",
        "C61"
      ],
      "weight": 9559,
      "utility_player1": 13918,
      "utility_player2": 13918,
      "normalized_u1": 98.77226598538074,
      "normalized_u2": 98.77226598538074,
      "harmonic_mean": 98.77226598538074,
      "normalized_harmonic_mean": 98.77226598538074,
      "pareto_optimum": null,
      "by": "Player 2",
      "turn": 1
    }
  ],
  "refusals": [],
  "agreement": {
    "items": [
      "A40",
      "A77",
      "A81",
      "A91",
      "A95",
      "B38",
      "B54",
      "B56",
      "B59",
      "B60",
      "B75",
      "B86",
      "C03",
      "C05",
      "C16",
      "C24",
      "C28",
      "C31",
      "C50",
      "C54",
      "C59",
      "C61"
    ],
    "weight": 9559,
    "utility_player1": 13918,
    "utility_player2": 13918,
    "normalized_u1": 98.77226598538074,
    "normalized_u2": 98.77226598538074,
    "harmonic_mean": 98.77226598538074,
    "normalized_harmonic_mean": 98.77226598538074,
    "pareto_optimum": null,
    "by": "Player 1",
    "turn": 2
  },
  "max_weight": 9612,
  "scores": {
    "player1_score": 13918,
    "player2_score": 13918,
    "normalized_u1": 98.77226598538074,
    "normalized_u2": 98.77226598538074,
    "harmonic_mean": 98.77226598538074,
    "normalized_harmonic_mean": 98.77226598538074,
    "episode_score": 50.0,
    "pareto_optimum": null,
    "pareto_adherence_rate": null,
    "alternation_rate": 1.0,
    "avg_normalized_substitutions": 0.14285714285714285
  },
  "max_u1": 14091,
  "max_u2": 14091,
  "max_harmonic": 1,
  "nb_proposals": 2,
  "normalized_substitutions_per_proposal": [
    0.14285714285714285
  ],
  "player1_optimum": {
    "items": [
      "A40",
      "A77",
      "A81",
      "A91",
      "A93",
      "A95",
      "B38",
      "B54",
      "B56",
      "B59",
      "B75",
      "B86",
      "B96",
      "C03",
      "C05",
      "C16",
      "C24",
      "C28",
      "C31",
      "C50",
      "C54",
      "C61"
    ],
    "utility_player1": 14091,
    "utility_player2": 14091,
    "pareto_optimum": null
  },
  "player2_optimum": {
    "items": [
      "A40",
      "A77",
      "A81",
      "A91",
      "A93",
      "A95",
      "B38",
      "B54",
      "B56",
      "B59",
      "B75",
      "B86",
      "B96",
      "C03",
      "C05",
      "C16",
      "C24",
      "C28",
      "C31",
      "C50",
      "C54",
      "C61"
    ],
    "utility_player1": 14091,
    "utility_player2": 14091,
    "pareto_optimum": null
  }
}