{
  "results_folder": "llama-3.3-70b-instruct-t1.0",
  "game_id": 1,
  "proposals": [
    {
      "items": [
        "A07",
        "A36",
        "B16",
        "B73",
        "B93",
        "C13",
        "C45"
      ],
      "weight": 3655,
      "utility_player1": 4435,
      "utility_player2": 4435,
      "normalized_u1": 74.625609961299,
      "normalized_u2": 74.625609961299,
      "harmonic_mean": 74.625609961299,
      "normalized_harmonic_mean": 74.625609961299,
      "pareto_optimum": false,
      "by": "Player 1",
      "turn": 1
    },
    {
      "items": [
        "B16",
        "B73",
        "B93",
        "C13",
        "C34",
        "C45"
      ],
      "weight": 3680,
      "utility_player1": 4382,
      "utility_player2": 4382,
      "normalized_u1": 73.73380447585394,
      "normalized_u2": 73.73380447585394,
      "harmonic_mean": 73.73380447585394,
      "normalized_harmonic_mean": 73.73380447585394,
      "pareto_optimum": false,
      "by": "Player 2",
      "turn": 1
    },
    {
      "items": [
        "A36",
        "B16",
        "B73",
        "B93",
        "C13",
        "C45"
      ],
      "weight": 3356,
      "utility_player1": 4297,
      "utility_player2": 4297,
      "normalized_u1": 72.30355039542319,
      "normalized_u2": 72.30355039542319,
      "harmonic_mean": 72.30355039542319,
      "normalized_harmonic_mean": 72.30355039542319,
      "pareto_optimum": false,
      "by": "Player 1",
      "turn": 2
    }
  ],
  "refusals": [
    {
      "items": [
        "A07",
        "A36",
        "B16",
        "B73",
        "B93",
        "C13",
        "C45"
      ],
      "weight": 3655,
      "utility_player1": 4435,
      "utility_player2": 4435,
      "normalized_u1": 74.625609961299,
      "normalized_u2": 74.625609961299,
      "harmonic_mean": 74.625609961299,
      "normalized_harmonic_mean": 74.625609961299,
      "pareto_optimum": false,
      "by": "Player 2",
      "turn": 1
    }
  ],
  "agreement": {
    "items": [
      "A36",
      "B16",
      "B73",
      "B93",
      "C13",
      "C45"
    ],
    "weight": 3356,
    "utility_player1": 4297,
    "utility_player2": 4297,
    "normalized_u1": 72.30355039542319,
    "normalized_u2": 72.30355039542319,
    "harmonic_mean": 72.30355039542319,
    "normalized_harmonic_mean": 72.30355039542319,
    "pareto_optimum": false,
    "by": "Player 2",
    "turn": 2
  },
  "max_weight": 4564,
  "scores": {
    "player1_score": 4297,
    "player2_score": 4297,
    "normalized_u1": 72.30355039542319,
    "normalized_u2": 72.30355039542319,
    "harmonic_mean": 72.30355039542319,
    "normalized_harmonic_mean": 72.30355039542319,
    "episode_score": 50.0,
    "pareto_optimum": false,
    "pareto_adherence_rate": 0.0
  },
  "max_u1": 5943,
  "max_u2": 5943,
  "max_harmonic": 1,
  "nb_proposals": 3,
  "player1_optimum": {
    "items": [
      "A36",
      "B05",
      "B16",
      "B33",
      "B73",
      "B93",
      "C11",
      "C13",
      "C34"
    ],
    "utility_player1": 5943,
    "utility_player2": 5943,
    "pareto_optimum": true
  },
  "player2_optimum": {
    "items": [
      "A36",
      "B05",
      "B16",
      "B33",
      "B73",
      "B93",
      "C11",
      "C13",
      "C34"
    ],
    "utility_player1": 5943,
    "utility_player2": 5943,
    "pareto_optimum": true
  },
  "global_optimum": null
}