{
  "results_folder": "llama-3.3-70b-instruct-t1.0",
  "game_id": 0,
  "proposals": [
    {
      "items": [
        "A08",
        "B21",
        "B60",
        "B67",
        "C15"
      ],
      "weight": 2088,
      "utility_player1": 3375,
      "utility_player2": 3375,
      "normalized_u1": 23.122773362565084,
      "normalized_u2": 23.122773362565084,
      "harmonic_mean": 23.122773362565088,
      "normalized_harmonic_mean": 23.122773362565084,
      "pareto_optimum": null,
      "by": "Player 1",
      "turn": 1
    },
    {
      "items": [
        "A08",
        "B00",
        "B60",
        "B69",
        "C15"
      ],
      "weight": 2078,
      "utility_player1": 3137,
      "utility_player2": 3137,
      "normalized_u1": 21.492189640997534,
      "normalized_u2": 21.492189640997534,
      "harmonic_mean": 21.492189640997534,
      "normalized_harmonic_mean": 21.492189640997534,
      "pareto_optimum": null,
      "by": "Player 1",
      "turn": 2
    },
    {
      "items": [
        "A08",
        "B00",
        "B12",
        "B60",
        "C15"
      ],
      "weight": 2190,
      "utility_player1": 3955,
      "utility_player2": 3955,
      "normalized_u1": 27.09646478487257,
      "normalized_u2": 27.09646478487257,
      "harmonic_mean": 27.096464784872566,
      "normalized_harmonic_mean": 27.09646478487257,
      "pareto_optimum": null,
      "by": "Player 1",
      "turn": 3
    }
  ],
  "refusals": [
    {
      "items": [
        "A08",
        "B21",
        "B60",
        "B67",
        "C15"
      ],
      "weight": 2088,
      "utility_player1": 3375,
      "utility_player2": 3375,
      "normalized_u1": 23.122773362565084,
      "normalized_u2": 23.122773362565084,
      "harmonic_mean": 23.122773362565088,
      "normalized_harmonic_mean": 23.122773362565084,
      "pareto_optimum": null,
      "by": "Player 2",
      "turn": 1
    },
    {
      "items": [
        "A08",
        "B00",
        "B60",
        "B69",
        "C15"
      ],
      "weight": 2078,
      "utility_player1": 3137,
      "utility_player2": 3137,
      "normalized_u1": 21.492189640997534,
      "normalized_u2": 21.492189640997534,
      "harmonic_mean": 21.492189640997534,
      "normalized_harmonic_mean": 21.492189640997534,
      "pareto_optimum": null,
      "by": "Player 2",
      "turn": 2
    }
  ],
  "agreement": {
    "items": [
      "A08",
      "B00",
      "B12",
      "B60",
      "C15"
    ],
    "weight": 2190,
    "utility_player1": 3955,
    "utility_player2": 3955,
    "normalized_u1": 27.09646478487257,
    "normalized_u2": 27.09646478487257,
    "harmonic_mean": 27.096464784872566,
    "normalized_harmonic_mean": 27.09646478487257,
    "pareto_optimum": null,
    "by": "Player 2",
    "turn": 3
  },
  "max_weight": 7605,
  "scores": {
    "player1_score": 3955,
    "player2_score": 3955,
    "normalized_u1": 27.09646478487257,
    "normalized_u2": 27.09646478487257,
    "harmonic_mean": 27.096464784872566,
    "normalized_harmonic_mean": 27.09646478487257,
    "episode_score": 33.333333333333336,
    "pareto_optimum": null,
    "pareto_adherence_rate": null
  },
  "max_u1": 14596,
  "max_u2": 14596,
  "max_harmonic": 1,
  "nb_proposals": 3,
  "player1_optimum": {
    "items": [
      "A05",
      "A08",
      "A16",
      "A27",
      "A30",
      "A58",
      "A66",
      "A84",
      "B09",
      "B10",
      "B12",
      "B46",
      "B60",
      "B67",
      "B69",
      "B85",
      "B94",
      "C12",
      "C15",
      "C34",
      "C35",
      "C70"
    ],
    "utility_player1": 14596,
    "utility_player2": 14596,
    "pareto_optimum": null
  },
  "player2_optimum": {
    "items": [
      "A05",
      "A08",
      "A16",
      "A27",
      "A30",
      "A58",
      "A66",
      "A84",
      "B09",
      "B10",
      "B12",
      "B46",
      "B60",
      "B67",
      "B69",
      "B85",
      "B94",
      "C12",
      "C15",
      "C34",
      "C35",
      "C70"
    ],
    "utility_player1": 14596,
    "utility_player2": 14596,
    "pareto_optimum": null
  },
  "global_optimum": null
}