{
  "results_folder": "deepseek-r1-distill-llama-70b-t1.0",
  "game_id": 0,
  "proposals": [
    {
      "items": [
        "A03",
        "A10",
        "A71",
        "A87",
        "B32",
        "B41",
        "B86",
        "C00",
        "C54"
      ],
      "weight": 3409,
      "utility_player1": 5464,
      "utility_player2": 3811,
      "normalized_u1": 94.86111111111111,
      "normalized_u2": 59.75227343994983,
      "harmonic_mean": 73.32052223533942,
      "normalized_harmonic_mean": 84.48905799674206,
      "pareto_optimum": false,
      "by": "Player 1",
      "turn": 1
    },
    {
      "items": [
        "A03",
        "A10",
        "A71",
        "A87",
        "B32",
        "B41",
        "B86",
        "C00",
        "C54"
      ],
      "weight": 3409,
      "utility_player1": 5464,
      "utility_player2": 3811,
      "normalized_u1": 94.86111111111111,
      "normalized_u2": 59.75227343994983,
      "harmonic_mean": 73.32052223533942,
      "normalized_harmonic_mean": 84.48905799674206,
      "pareto_optimum": false,
      "by": "Player 1",
      "turn": 2
    },
    {
      "items": [
        "A03",
        "A10",
        "A71",
        "A87",
        "B32",
        "B41",
        "B86",
        "C00",
        "C54"
      ],
      "weight": 3409,
      "utility_player1": 5464,
      "utility_player2": 3811,
      "normalized_u1": 94.86111111111111,
      "normalized_u2": 59.75227343994983,
      "harmonic_mean": 73.32052223533942,
      "normalized_harmonic_mean": 84.48905799674206,
      "pareto_optimum": false,
      "by": "Player 1",
      "turn": 3
    }
  ],
  "refusals": [],
  "agreement": null,
  "max_weight": 3624,
  "scores": {
    "pareto_adherence_rate": 0.0,
    "alternation_rate": 0.0,
    "avg_normalized_substitutions": 0.0
  },
  "max_u1": 5760,
  "max_u2": 6378,
  "max_harmonic": 86.7810861829785,
  "nb_proposals": 3,
  "normalized_substitutions_per_proposal": [
    0.0,
    0.0
  ],
  "player1_optimum": {
    "items": [
      "A03",
      "A10",
      "A71",
      "A87",
      "B41",
      "B86",
      "C00",
      "C01",
      "C54"
    ],
    "utility_player1": 5760,
    "utility_player2": 3617,
    "pareto_optimum": true
  },
  "player2_optimum": {
    "items": [
      "A03",
      "A04",
      "A77",
      "A87",
      "B32",
      "B33",
      "B41",
      "B86",
      "C00",
      "C17"
    ],
    "utility_player1": 3993,
    "utility_player2": 6378,
    "pareto_optimum": true
  }
}