{
  "results_folder": "gpt-5-2025-08-07-no-reasoning-t1.0",
  "game_id": 3,
  "proposals": [
    {
      "items": [
        "A40",
        "A52",
        "A77",
        "A81",
        "A91",
        "A95",
        "B38",
        "B55",
        "B56",
        "B59",
        "B60",
        "B79",
        "B86",
        "C03",
        "C05",
        "C14",
        "C16",
        "C28",
        "C31",
        "C50"
      ],
      "weight": 7212,
      "utility_player1": 13465,
      "utility_player2": 13465,
      "normalized_u1": 87.96628993271052,
      "normalized_u2": 87.96628993271052,
      "harmonic_mean": 87.96628993271052,
      "normalized_harmonic_mean": 87.96628993271052,
      "pareto_optimum": null,
      "by": "Player 1",
      "turn": 1
    },
    {
      "items": [
        "A40",
        "A77",
        "A81",
        "A91",
        "A95",
        "B38",
        "B54",
        "B55",
        "B56",
        "B59",
        "B60",
        "B79",
        "B86",
        "B96",
        "C03",
        "C05",
        "C14",
        "C16",
        "C28",
        "C31"
      ],
      "weight": 7432,
      "utility_player1": 13941,
      "utility_player2": 13941,
      "normalized_u1": 91.07597831057686,
      "normalized_u2": 91.07597831057686,
      "harmonic_mean": 91.07597831057686,
      "normalized_harmonic_mean": 91.07597831057686,
      "pareto_optimum": null,
      "by": "Player 2",
      "turn": 1
    },
    {
      "items": [
        "A40",
        "A77",
        "A81",
        "A91",
        "A95",
        "B54",
        "B56",
        "B59",
        "B60",
        "B79",
        "B86",
        "C05",
        "C14",
        "C16",
        "C28",
        "C31",
        "C50"
      ],
      "weight": 6346,
      "utility_player1": 12111,
      "utility_player2": 12111,
      "normalized_u1": 79.12066374861175,
      "normalized_u2": 79.12066374861175,
      "harmonic_mean": 79.12066374861175,
      "normalized_harmonic_mean": 79.12066374861175,
      "pareto_optimum": null,
      "by": "Player 1",
      "turn": 2
    },
    {
      "items": [
        "A40",
        "A77",
        "A81",
        "A91",
        "A95",
        "B38",
        "B54",
        "B56",
        "B59",
        "B60",
        "B79",
        "B86",
        "B96",
        "C03",
        "C05",
        "C14",
        "C16",
        "C28",
        "C31",
        "C50"
      ],
      "weight": 7800,
      "utility_player1": 14216,
      "utility_player2": 14216,
      "normalized_u1": 92.87254197426014,
      "normalized_u2": 92.87254197426014,
      "harmonic_mean": 92.87254197426014,
      "normalized_harmonic_mean": 92.87254197426014,
      "pareto_optimum": null,
      "by": "Player 2",
      "turn": 2
    }
  ],
  "refusals": [
    {
      "items": [
        "A40",
        "A77",
        "A81",
        "A91",
        "A95",
        "B38",
        "B54",
        "B55",
        "B56",
        "B59",
        "B60",
        "B79",
        "B86",
        "B96",
        "C03",
        "C05",
        "C14",
        "C16",
        "C28",
        "C31"
      ],
      "weight": 7432,
      "utility_player1": 13941,
      "utility_player2": 13941,
      "normalized_u1": 91.07597831057686,
      "normalized_u2": 91.07597831057686,
      "harmonic_mean": 91.07597831057686,
      "normalized_harmonic_mean": 91.07597831057686,
      "pareto_optimum": null,
      "by": "Player 1",
      "turn": 2
    }
  ],
  "agreement": {
    "items": [
      "A40",
      "A77",
      "A81",
      "A91",
      "A95",
      "B38",
      "B54",
      "B56",
      "B59",
      "B60",
      "B79",
      "B86",
      "B96",
      "C03",
      "C05",
      "C14",
      "C16",
      "C28",
      "C31",
      "C50"
    ],
    "weight": 7800,
    "utility_player1": 14216,
    "utility_player2": 14216,
    "normalized_u1": 92.87254197426014,
    "normalized_u2": 92.87254197426014,
    "harmonic_mean": 92.87254197426014,
    "normalized_harmonic_mean": 92.87254197426014,
    "pareto_optimum": null,
    "by": "Player 1",
    "turn": 3
  },
  "max_weight": 8770,
  "scores": {
    "player1_score": 14216,
    "player2_score": 14216,
    "normalized_u1": 92.87254197426014,
    "normalized_u2": 92.87254197426014,
    "harmonic_mean": 92.87254197426014,
    "normalized_harmonic_mean": 92.87254197426014,
    "episode_score": 33.333333333333336,
    "pareto_optimum": null,
    "pareto_adherence_rate": null
  },
  "max_u1": 15307,
  "max_u2": 15307,
  "max_harmonic": 1,
  "nb_proposals": 4,
  "player1_optimum": {
    "items": [
      "A40",
      "A77",
      "A81",
      "A91",
      "A95",
      "B38",
      "B54",
      "B55",
      "B56",
      "B59",
      "B60",
      "B79",
      "B86",
      "B96",
      "C03",
      "C05",
      "C14",
      "C16",
      "C28",
      "C31",
      "C50",
      "C52"
    ],
    "utility_player1": 15307,
    "utility_player2": 15307,
    "pareto_optimum": null
  },
  "player2_optimum": {
    "items": [
      "A40",
      "A77",
      "A81",
      "A91",
      "A95",
      "B38",
      "B54",
      "B55",
      "B56",
      "B59",
      "B60",
      "B79",
      "B86",
      "B96",
      "C03",
      "C05",
      "C14",
      "C16",
      "C28",
      "C31",
      "C50",
      "C52"
    ],
    "utility_player1": 15307,
    "utility_player2": 15307,
    "pareto_optimum": null
  },
  "global_optimum": null
}