{
  "results_folder": "nemotron-nano-9b-v2-t1.0",
  "game_id": 0,
  "proposals": [
    {
      "items": [
        "A18",
        "A67",
        "B36",
        "B42",
        "C08",
        "C10",
        "C42",
        "C61",
        "C73"
      ],
      "weight": 3149,
      "utility_player1": 5452,
      "utility_player2": 5452,
      "normalized_u1": 90.07103915413845,
      "normalized_u2": 90.07103915413845,
      "harmonic_mean": 90.07103915413845,
      "normalized_harmonic_mean": 90.07103915413845,
      "pareto_optimum": null,
      "by": "Player 1",
      "turn": 1
    },
    {
      "items": [
        "A18",
        "A67",
        "B36",
        "B42",
        "C08",
        "C42",
        "C61",
        "C73"
      ],
      "weight": 2287,
      "utility_player1": 4672,
      "utility_player2": 4672,
      "normalized_u1": 77.18486700809515,
      "normalized_u2": 77.18486700809515,
      "harmonic_mean": 77.18486700809515,
      "normalized_harmonic_mean": 77.18486700809515,
      "pareto_optimum": null,
      "by": "Player 1",
      "turn": 2
    },
    {
      "items": [
        "A18",
        "A67",
        "B36",
        "B42",
        "C08",
        "C42",
        "C61",
        "C73"
      ],
      "weight": 2287,
      "utility_player1": 4672,
      "utility_player2": 4672,
      "normalized_u1": 77.18486700809515,
      "normalized_u2": 77.18486700809515,
      "harmonic_mean": 77.18486700809515,
      "normalized_harmonic_mean": 77.18486700809515,
      "pareto_optimum": null,
      "by": "Player 1",
      "turn": 3
    }
  ],
  "agreement": null,
  "max_weight": 3358,
  "scores": {},
  "max_u1": 6053,
  "max_u2": 6053,
  "max_harmonic": 1,
  "player1_optimum": {
    "items": [
      "A18",
      "A43",
      "A67",
      "B19",
      "B36",
      "B42",
      "C42",
      "C61",
      "C67",
      "C73"
    ],
    "utility_player1": 6053,
    "utility_player2": 6053,
    "pareto_optimum": null
  },
  "player2_optimum": {
    "items": [
      "A18",
      "A43",
      "A67",
      "B19",
      "B36",
      "B42",
      "C42",
      "C61",
      "C67",
      "C73"
    ],
    "utility_player1": 6053,
    "utility_player2": 6053,
    "pareto_optimum": null
  },
  "global_optimum": null
}