{
  "results_folder": "nemotron-nano-9b-v2-t1.0",
  "game_id": 2,
  "proposals": [
    {
      "items": [
        "A15",
        "A30",
        "A47",
        "A56",
        "A75",
        "B11",
        "B26",
        "C47"
      ],
      "weight": 3132,
      "utility_player1": 5698,
      "utility_player2": 5698,
      "normalized_u1": 93.97987794821046,
      "normalized_u2": 93.97987794821046,
      "harmonic_mean": 93.97987794821046,
      "normalized_harmonic_mean": 93.97987794821046,
      "pareto_optimum": false,
      "by": "Player 1",
      "turn": 1
    },
    {
      "items": [
        "A15",
        "A30",
        "A47",
        "A56",
        "A75",
        "B11",
        "B26",
        "C47"
      ],
      "weight": 3132,
      "utility_player1": 5698,
      "utility_player2": 5698,
      "normalized_u1": 93.97987794821046,
      "normalized_u2": 93.97987794821046,
      "harmonic_mean": 93.97987794821046,
      "normalized_harmonic_mean": 93.97987794821046,
      "pareto_optimum": false,
      "by": "Player 1",
      "turn": 2
    },
    {
      "items": [
        "A15",
        "A30",
        "A47",
        "A56",
        "A75",
        "B11",
        "B26",
        "C47"
      ],
      "weight": 3132,
      "utility_player1": 5698,
      "utility_player2": 5698,
      "normalized_u1": 93.97987794821046,
      "normalized_u2": 93.97987794821046,
      "harmonic_mean": 93.97987794821046,
      "normalized_harmonic_mean": 93.97987794821046,
      "pareto_optimum": false,
      "by": "Player 1",
      "turn": 3
    }
  ],
  "refusals": [],
  "agreement": null,
  "max_weight": 3218,
  "scores": {
    "pareto_adherence_rate": 0.0
  },
  "max_u1": 6063,
  "max_u2": 6063,
  "max_harmonic": 1,
  "nb_proposals": 3,
  "player1_optimum": {
    "items": [
      "A15",
      "A30",
      "A39",
      "A56",
      "A75",
      "B11",
      "B26",
      "C24",
      "C47"
    ],
    "utility_player1": 6063,
    "utility_player2": 6063,
    "pareto_optimum": true
  },
  "player2_optimum": {
    "items": [
      "A15",
      "A30",
      "A39",
      "A56",
      "A75",
      "B11",
      "B26",
      "C24",
      "C47"
    ],
    "utility_player1": 6063,
    "utility_player2": 6063,
    "pareto_optimum": true
  },
  "global_optimum": null
}