{
  "results_folder": "gpt-5-2025-08-07-no-reasoning-t1.0",
  "game_id": 3,
  "proposals": [
    {
      "items": [
        "A23",
        "A34",
        "A42",
        "A48",
        "A50",
        "A59",
        "A62",
        "A65",
        "A69",
        "A74",
        "A84",
        "A87",
        "A90",
        "A99",
        "B07",
        "B17",
        "B27",
        "B44",
        "B49",
        "C12",
        "C22",
        "C23",
        "C33",
        "C51",
        "C60",
        "C61",
        "C77",
        "C90",
        "C98",
        "C99"
      ],
      "weight": 9568,
      "utility_player1": 0,
      "utility_player2": 0,
      "normalized_u1": 0,
      "normalized_u2": 0,
      "harmonic_mean": 130.72672296945055,
      "normalized_harmonic_mean": 0,
      "pareto_optimum": null,
      "by": "Player 1",
      "turn": 1
    },
    {
      "items": [
        "A23",
        "A34",
        "A42",
        "A48",
        "A50",
        "A59",
        "A62",
        "A65",
        "A69",
        "A74",
        "A84",
        "A87",
        "A90",
        "A99",
        "B07",
        "B17",
        "B27",
        "B36",
        "B44",
        "B49",
        "B54",
        "B85",
        "C12",
        "C13",
        "C22",
        "C23",
        "C33",
        "C51",
        "C60",
        "C61",
        "C77",
        "C90",
        "C98",
        "C99"
      ],
      "weight": 12926,
      "utility_player1": 0,
      "utility_player2": 0,
      "normalized_u1": 0,
      "normalized_u2": 0,
      "harmonic_mean": 169.86758419351474,
      "normalized_harmonic_mean": 0,
      "pareto_optimum": null,
      "by": "Player 2",
      "turn": 1
    },
    {
      "items": [
        "A59",
        "A62",
        "A65",
        "A74",
        "A87",
        "A90",
        "A99",
        "C22",
        "C23",
        "C60",
        "C90",
        "C98",
        "C99"
      ],
      "weight": 6938,
      "utility_player1": 8225,
      "utility_player2": 8225,
      "normalized_u1": 85.75748097174434,
      "normalized_u2": 85.75748097174434,
      "harmonic_mean": 85.75748097174434,
      "normalized_harmonic_mean": 85.75748097174434,
      "pareto_optimum": null,
      "by": "Player 1",
      "turn": 2
    },
    {
      "items": [
        "A59",
        "A62",
        "A65",
        "A74",
        "A87",
        "A90",
        "A99",
        "B54",
        "C12",
        "C22",
        "C23",
        "C90",
        "C98",
        "C99"
      ],
      "weight": 7637,
      "utility_player1": 0,
      "utility_player2": 0,
      "normalized_u1": 0,
      "normalized_u2": 0,
      "harmonic_mean": 94.07778125325825,
      "normalized_harmonic_mean": 0,
      "pareto_optimum": null,
      "by": "Player 2",
      "turn": 2
    },
    {
      "items": [
        "A62",
        "A65",
        "A74",
        "A87",
        "A90",
        "B54",
        "C13",
        "C22",
        "C23",
        "C90",
        "C98",
        "C99"
      ],
      "weight": 8471,
      "utility_player1": 0,
      "utility_player2": 0,
      "normalized_u1": 0,
      "normalized_u2": 0,
      "harmonic_mean": 100.70899801897613,
      "normalized_harmonic_mean": 0,
      "pareto_optimum": null,
      "by": "Player 2",
      "turn": 2
    }
  ],
  "refusals": [
    {
      "items": [
        "A23",
        "A34",
        "A42",
        "A48",
        "A50",
        "A59",
        "A62",
        "A65",
        "A69",
        "A74",
        "A84",
        "A87",
        "A90",
        "A99",
        "B07",
        "B17",
        "B27",
        "B36",
        "B44",
        "B49",
        "B54",
        "B85",
        "C12",
        "C13",
        "C22",
        "C23",
        "C33",
        "C51",
        "C60",
        "C61",
        "C77",
        "C90",
        "C98",
        "C99"
      ],
      "weight": 12926,
      "utility_player1": 0,
      "utility_player2": 0,
      "normalized_u1": 0,
      "normalized_u2": 0,
      "harmonic_mean": 169.86758419351474,
      "normalized_harmonic_mean": 0,
      "pareto_optimum": null,
      "by": "Player 1",
      "turn": 2
    }
  ],
  "agreement": {
    "items": [
      "A62",
      "A65",
      "A74",
      "A87",
      "A90",
      "B54",
      "C13",
      "C22",
      "C23",
      "C90",
      "C98",
      "C99"
    ],
    "weight": 8471,
    "utility_player1": 0,
    "utility_player2": 0,
    "normalized_u1": 0,
    "normalized_u2": 0,
    "harmonic_mean": 100.70899801897613,
    "normalized_harmonic_mean": 0,
    "pareto_optimum": null,
    "by": "Player 1",
    "turn": 3
  },
  "max_weight": 6938,
  "scores": {
    "player1_score": 0,
    "player2_score": 0,
    "normalized_u1": 0,
    "normalized_u2": 0,
    "harmonic_mean": 100.70899801897613,
    "normalized_harmonic_mean": 0,
    "episode_score": 33.333333333333336,
    "pareto_optimum": null,
    "pareto_adherence_rate": null,
    "alternation_rate": 0.75,
    "avg_normalized_substitutions": 0.3168659771600948
  },
  "max_u1": 9591,
  "max_u2": 9591,
  "max_harmonic": 1,
  "nb_proposals": 5,
  "normalized_substitutions_per_proposal": [
    0.13333333333333333,
    0.6176470588235294,
    0.23076923076923078,
    0.2857142857142857
  ],
  "player1_optimum": {
    "items": [
      "A23",
      "A34",
      "A42",
      "A48",
      "A50",
      "A59",
      "A62",
      "A69",
      "A84",
      "A90",
      "A99",
      "B07",
      "B17",
      "B27",
      "B44",
      "B49",
      "B85",
      "C12",
      "C22",
      "C23",
      "C33",
      "C51",
      "C60",
      "C61",
      "C77",
      "C98",
      "C99"
    ],
    "utility_player1": 9591,
    "utility_player2": 9591,
    "pareto_optimum": null
  },
  "player2_optimum": {
    "items": [
      "A23",
      "A34",
      "A42",
      "A48",
      "A50",
      "A59",
      "A62",
      "A69",
      "A84",
      "A90",
      "A99",
      "B07",
      "B17",
      "B27",
      "B44",
      "B49",
      "B85",
      "C12",
      "C22",
      "C23",
      "C33",
      "C51",
      "C60",
      "C61",
      "C77",
      "C98",
      "C99"
    ],
    "utility_player1": 9591,
    "utility_player2": 9591,
    "pareto_optimum": null
  }
}