{
  "results_folder": "gpt-5-mini-2025-08-07-t1.0",
  "game_id": 4,
  "proposals": [
    {
      "items": [
        "A11",
        "A60",
        "A82",
        "B09",
        "B20",
        "B31",
        "B93",
        "B96",
        "C08",
        "C85"
      ],
      "weight": 2783,
      "utility_player1": 5518,
      "utility_player2": 5025,
      "normalized_u1": 100.0,
      "normalized_u2": 74.27937915742794,
      "harmonic_mean": 85.24173027989822,
      "normalized_harmonic_mean": 91.91053450942735,
      "pareto_optimum": true,
      "by": "Player 1",
      "turn": 1
    },
    {
      "items": [
        "A21",
        "A60",
        "A82",
        "B09",
        "B20",
        "B31",
        "B39",
        "B93",
        "B96",
        "C08",
        "C85"
      ],
      "weight": 2906,
      "utility_player1": 4853,
      "utility_player2": 6636,
      "normalized_u1": 87.94853207683944,
      "normalized_u2": 98.09312638580931,
      "harmonic_mean": 92.74424388333297,
      "normalized_harmonic_mean": 100.0,
      "pareto_optimum": true,
      "by": "Player 2",
      "turn": 1
    },
    {
      "items": [
        "A11",
        "A21",
        "A60",
        "A82",
        "B09",
        "B20",
        "B31",
        "B93",
        "C08"
      ],
      "weight": 2984,
      "utility_player1": 5273,
      "utility_player2": 4228,
      "normalized_u1": 95.55998550199347,
      "normalized_u2": 62.49815225424982,
      "harmonic_mean": 75.57121206284218,
      "normalized_harmonic_mean": 81.48345266354913,
      "pareto_optimum": false,
      "by": "Player 1",
      "turn": 2
    },
    {
      "items": [
        "A11",
        "A60",
        "B09",
        "B20",
        "B31",
        "B39",
        "B93",
        "B96",
        "C08",
        "C85"
      ],
      "weight": 2834,
      "utility_player1": 5075,
      "utility_player2": 5385,
      "normalized_u1": 91.971728887278,
      "normalized_u2": 79.6008869179601,
      "harmonic_mean": 85.34032259688831,
      "normalized_harmonic_mean": 92.01684010087098,
      "pareto_optimum": false,
      "by": "Player 2",
      "turn": 2
    }
  ],
  "refusals": [
    {
      "items": [
        "A11",
        "A60",
        "A82",
        "B09",
        "B20",
        "B31",
        "B93",
        "B96",
        "C08",
        "C85"
      ],
      "weight": 2783,
      "utility_player1": 5518,
      "utility_player2": 5025,
      "normalized_u1": 100.0,
      "normalized_u2": 74.27937915742794,
      "harmonic_mean": 85.24173027989822,
      "normalized_harmonic_mean": 91.91053450942735,
      "pareto_optimum": true,
      "by": "Player 2",
      "turn": 1
    },
    {
      "items": [
        "A21",
        "A60",
        "A82",
        "B09",
        "B20",
        "B31",
        "B39",
        "B93",
        "B96",
        "C08",
        "C85"
      ],
      "weight": 2906,
      "utility_player1": 4853,
      "utility_player2": 6636,
      "normalized_u1": 87.94853207683944,
      "normalized_u2": 98.09312638580931,
      "harmonic_mean": 92.74424388333297,
      "normalized_harmonic_mean": 100.0,
      "pareto_optimum": true,
      "by": "Player 1",
      "turn": 2
    },
    {
      "items": [
        "A11",
        "A21",
        "A60",
        "A82",
        "B09",
        "B20",
        "B31",
        "B93",
        "C08"
      ],
      "weight": 2984,
      "utility_player1": 5273,
      "utility_player2": 4228,
      "normalized_u1": 95.55998550199347,
      "normalized_u2": 62.49815225424982,
      "harmonic_mean": 75.57121206284218,
      "normalized_harmonic_mean": 81.48345266354913,
      "pareto_optimum": false,
      "by": "Player 2",
      "turn": 2
    }
  ],
  "agreement": {
    "items": [
      "A11",
      "A60",
      "B09",
      "B20",
      "B31",
      "B39",
      "B93",
      "B96",
      "C08",
      "C85"
    ],
    "weight": 2834,
    "utility_player1": 5075,
    "utility_player2": 5385,
    "normalized_u1": 91.971728887278,
    "normalized_u2": 79.6008869179601,
    "harmonic_mean": 85.34032259688831,
    "normalized_harmonic_mean": 92.01684010087098,
    "pareto_optimum": false,
    "by": "Player 1",
    "turn": 3
  },
  "max_weight": 2984,
  "scores": {
    "player1_score": 5075,
    "player2_score": 5385,
    "normalized_u1": 91.971728887278,
    "normalized_u2": 79.6008869179601,
    "harmonic_mean": 85.34032259688831,
    "normalized_harmonic_mean": 92.01684010087098,
    "episode_score": 33.333333333333336,
    "pareto_optimum": false,
    "pareto_adherence_rate": 0.5,
    "alternation_rate": 1.0,
    "avg_normalized_substitutions": 0.40639730639730637
  },
  "max_u1": 5518,
  "max_u2": 6765,
  "max_harmonic": 92.74424388333297,
  "nb_proposals": 4,
  "normalized_substitutions_per_proposal": [
    0.3,
    0.36363636363636365,
    0.5555555555555556
  ],
  "player1_optimum": {
    "items": [
      "A11",
      "A60",
      "A82",
      "B09",
      "B20",
      "B31",
      "B93",
      "B96",
      "C08",
      "C85"
    ],
    "utility_player1": 5518,
    "utility_player2": 5025,
    "pareto_optimum": true
  },
  "player2_optimum": {
    "items": [
      "A21",
      "A60",
      "A82",
      "B09",
      "B20",
      "B39",
      "B93",
      "B96",
      "C81",
      "C85"
    ],
    "utility_player1": 3679,
    "utility_player2": 6765,
    "pareto_optimum": true
  }
}