{
  "results_folder": "claude-sonnet-4-20250514-t0.0",
  "game_id": 0,
  "proposals": [
    {
      "items": [
        "A18",
        "A43",
        "A67",
        "B36",
        "B42",
        "C08",
        "C42",
        "C61",
        "C67",
        "C73"
      ],
      "weight": 3188,
      "utility_player1": 5929,
      "utility_player2": 5929,
      "normalized_u1": 97.95142904344954,
      "normalized_u2": 97.95142904344954,
      "harmonic_mean": 97.95142904344955,
      "normalized_harmonic_mean": 97.95142904344954,
      "pareto_optimum": false,
      "by": "Player 1",
      "turn": 1
    },
    {
      "items": [
        "A18",
        "A43",
        "A67",
        "B36",
        "B42",
        "C10",
        "C42",
        "C55",
        "C61",
        "C73"
      ],
      "weight": 4463,
      "utility_player1": 0,
      "utility_player2": 0,
      "normalized_u1": 0,
      "normalized_u2": 0,
      "harmonic_mean": 111.76276226664463,
      "normalized_harmonic_mean": 0,
      "pareto_optimum": false,
      "by": "Player 2",
      "turn": 1
    },
    {
      "items": [
        "A18",
        "A43",
        "A67",
        "B36",
        "B42",
        "C42",
        "C61",
        "C67"
      ],
      "weight": 2498,
      "utility_player1": 5283,
      "utility_player2": 5283,
      "normalized_u1": 87.2790351891624,
      "normalized_u2": 87.2790351891624,
      "harmonic_mean": 87.2790351891624,
      "normalized_harmonic_mean": 87.2790351891624,
      "pareto_optimum": false,
      "by": "Player 1",
      "turn": 2
    },
    {
      "items": [
        "A18",
        "A43",
        "A67",
        "B36",
        "B42",
        "C42",
        "C61",
        "C67",
        "C73"
      ],
      "weight": 3017,
      "utility_player1": 5791,
      "utility_player2": 5791,
      "normalized_u1": 95.6715678176111,
      "normalized_u2": 95.6715678176111,
      "harmonic_mean": 95.6715678176111,
      "normalized_harmonic_mean": 95.6715678176111,
      "pareto_optimum": false,
      "by": "Player 2",
      "turn": 2
    }
  ],
  "refusals": [
    {
      "items": [
        "A18",
        "A43",
        "A67",
        "B36",
        "B42",
        "C10",
        "C42",
        "C55",
        "C61",
        "C73"
      ],
      "weight": 4463,
      "utility_player1": 0,
      "utility_player2": 0,
      "normalized_u1": 0,
      "normalized_u2": 0,
      "harmonic_mean": 111.76276226664463,
      "normalized_harmonic_mean": 0,
      "pareto_optimum": false,
      "by": "Player 1",
      "turn": 2
    }
  ],
  "agreement": {
    "items": [
      "A18",
      "A43",
      "A67",
      "B36",
      "B42",
      "C42",
      "C61",
      "C67",
      "C73"
    ],
    "weight": 3017,
    "utility_player1": 5791,
    "utility_player2": 5791,
    "normalized_u1": 95.6715678176111,
    "normalized_u2": 95.6715678176111,
    "harmonic_mean": 95.6715678176111,
    "normalized_harmonic_mean": 95.6715678176111,
    "pareto_optimum": false,
    "by": "Player 1",
    "turn": 3
  },
  "max_weight": 3358,
  "scores": {
    "player1_score": 5791,
    "player2_score": 5791,
    "normalized_u1": 95.6715678176111,
    "normalized_u2": 95.6715678176111,
    "harmonic_mean": 95.6715678176111,
    "normalized_harmonic_mean": 95.6715678176111,
    "episode_score": 33.333333333333336,
    "pareto_optimum": false,
    "pareto_adherence_rate": 0.0
  },
  "max_u1": 6053,
  "max_u2": 6053,
  "max_harmonic": 1,
  "nb_proposals": 4,
  "player1_optimum": {
    "items": [
      "A18",
      "A43",
      "A67",
      "B19",
      "B36",
      "B42",
      "C42",
      "C61",
      "C67",
      "C73"
    ],
    "utility_player1": 6053,
    "utility_player2": 6053,
    "pareto_optimum": true
  },
  "player2_optimum": {
    "items": [
      "A18",
      "A43",
      "A67",
      "B19",
      "B36",
      "B42",
      "C42",
      "C61",
      "C67",
      "C73"
    ],
    "utility_player1": 6053,
    "utility_player2": 6053,
    "pareto_optimum": true
  },
  "global_optimum": null
}