{
  "results_folder": "gpt-5-mini-2025-08-07-t1.0",
  "game_id": 2,
  "proposals": [
    {
      "items": [
        "A23",
        "A34",
        "A48",
        "A50",
        "A65",
        "A69",
        "A74",
        "A90",
        "B07",
        "B27",
        "B44",
        "B49",
        "B54",
        "C13",
        "C22",
        "C23",
        "C33",
        "C61",
        "C72",
        "C77",
        "C90",
        "C98",
        "C99"
      ],
      "weight": 9317,
      "utility_player1": 11525,
      "utility_player2": 11525,
      "normalized_u1": 99.95663486556808,
      "normalized_u2": 99.95663486556808,
      "harmonic_mean": 99.95663486556808,
      "normalized_harmonic_mean": 99.95663486556808,
      "pareto_optimum": null,
      "by": "Player 1",
      "turn": 1
    }
  ],
  "refusals": [],
  "agreement": {
    "items": [
      "A23",
      "A34",
      "A48",
      "A50",
      "A65",
      "A69",
      "A74",
      "A90",
      "B07",
      "B27",
      "B44",
      "B49",
      "B54",
      "C13",
      "C22",
      "C23",
      "C33",
      "C61",
      "C72",
      "C77",
      "C90",
      "C98",
      "C99"
    ],
    "weight": 9317,
    "utility_player1": 11525,
    "utility_player2": 11525,
    "normalized_u1": 99.95663486556808,
    "normalized_u2": 99.95663486556808,
    "harmonic_mean": 99.95663486556808,
    "normalized_harmonic_mean": 99.95663486556808,
    "pareto_optimum": null,
    "by": "Player 2",
    "turn": 1
  },
  "max_weight": 9322,
  "scores": {
    "player1_score": 11525,
    "player2_score": 11525,
    "normalized_u1": 99.95663486556808,
    "normalized_u2": 99.95663486556808,
    "harmonic_mean": 99.95663486556808,
    "normalized_harmonic_mean": 99.95663486556808,
    "episode_score": 100.0,
    "pareto_optimum": null,
    "pareto_adherence_rate": null,
    "alternation_rate": null
  },
  "max_u1": 11530,
  "max_u2": 11530,
  "max_harmonic": 1,
  "nb_proposals": 1,
  "player1_optimum": {
    "items": [
      "A23",
      "A34",
      "A48",
      "A50",
      "A65",
      "A74",
      "A90",
      "B27",
      "B44",
      "B49",
      "B54",
      "C12",
      "C13",
      "C22",
      "C23",
      "C33",
      "C51",
      "C61",
      "C72",
      "C77",
      "C90",
      "C98",
      "C99"
    ],
    "utility_player1": 11530,
    "utility_player2": 11530,
    "pareto_optimum": null
  },
  "player2_optimum": {
    "items": [
      "A23",
      "A34",
      "A48",
      "A50",
      "A65",
      "A74",
      "A90",
      "B27",
      "B44",
      "B49",
      "B54",
      "C12",
      "C13",
      "C22",
      "C23",
      "C33",
      "C51",
      "C61",
      "C72",
      "C77",
      "C90",
      "C98",
      "C99"
    ],
    "utility_player1": 11530,
    "utility_player2": 11530,
    "pareto_optimum": null
  },
  "global_optimum": null
}