{
  "results_folder": "gpt-5-2025-08-07-no-reasoning-t1.0",
  "game_id": 2,
  "proposals": [
    {
      "items": [
        "A08",
        "A16",
        "A27",
        "A30",
        "A58",
        "A66",
        "A84",
        "A89",
        "B09",
        "B10",
        "B12",
        "B46",
        "B60",
        "B67",
        "B75",
        "B94",
        "C12",
        "C15",
        "C65",
        "C81"
      ],
      "weight": 7812,
      "utility_player1": 13391,
      "utility_player2": 13391,
      "normalized_u1": 97.7159953298307,
      "normalized_u2": 97.7159953298307,
      "harmonic_mean": 97.7159953298307,
      "normalized_harmonic_mean": 97.7159953298307,
      "pareto_optimum": null,
      "by": "Player 1",
      "turn": 1
    }
  ],
  "refusals": [],
  "agreement": {
    "items": [
      "A08",
      "A16",
      "A27",
      "A30",
      "A58",
      "A66",
      "A84",
      "A89",
      "B09",
      "B10",
      "B12",
      "B46",
      "B60",
      "B67",
      "B75",
      "B94",
      "C12",
      "C15",
      "C65",
      "C81"
    ],
    "weight": 7812,
    "utility_player1": 13391,
    "utility_player2": 13391,
    "normalized_u1": 97.7159953298307,
    "normalized_u2": 97.7159953298307,
    "harmonic_mean": 97.7159953298307,
    "normalized_harmonic_mean": 97.7159953298307,
    "pareto_optimum": null,
    "by": "Player 2",
    "turn": 1
  },
  "max_weight": 7868,
  "scores": {
    "player1_score": 13391,
    "player2_score": 13391,
    "normalized_u1": 97.7159953298307,
    "normalized_u2": 97.7159953298307,
    "harmonic_mean": 97.7159953298307,
    "normalized_harmonic_mean": 97.7159953298307,
    "episode_score": 100.0,
    "pareto_optimum": null,
    "pareto_adherence_rate": null,
    "alternation_rate": null,
    "avg_normalized_substitutions": null
  },
  "max_u1": 13704,
  "max_u2": 13704,
  "max_harmonic": 1,
  "nb_proposals": 1,
  "normalized_substitutions_per_proposal": [],
  "player1_optimum": {
    "items": [
      "A08",
      "A16",
      "A30",
      "A58",
      "A66",
      "A84",
      "A89",
      "B00",
      "B09",
      "B10",
      "B12",
      "B46",
      "B60",
      "B67",
      "B75",
      "B85",
      "B94",
      "C12",
      "C15",
      "C24",
      "C81"
    ],
    "utility_player1": 13704,
    "utility_player2": 13704,
    "pareto_optimum": null
  },
  "player2_optimum": {
    "items": [
      "A08",
      "A16",
      "A30",
      "A58",
      "A66",
      "A84",
      "A89",
      "B00",
      "B09",
      "B10",
      "B12",
      "B46",
      "B60",
      "B67",
      "B75",
      "B85",
      "B94",
      "C12",
      "C15",
      "C24",
      "C81"
    ],
    "utility_player1": 13704,
    "utility_player2": 13704,
    "pareto_optimum": null
  }
}