{
  "results_folder": "nemotron-nano-9b-v2-t1.0",
  "game_id": 5,
  "proposals": [
    {
      "items": [
        "A25",
        "A28",
        "A39",
        "A46",
        "A71",
        "A88",
        "A94",
        "A96",
        "B15",
        "B19",
        "B23",
        "B37",
        "B64",
        "B69",
        "B81",
        "B96",
        "C10",
        "C51",
        "C53",
        "C60",
        "C79",
        "C82",
        "C83"
      ],
      "weight": 7191,
      "utility_player1": 9445,
      "utility_player2": 9445,
      "normalized_u1": 95.41367814930801,
      "normalized_u2": 95.41367814930801,
      "harmonic_mean": 95.41367814930801,
      "normalized_harmonic_mean": 95.41367814930801,
      "pareto_optimum": null,
      "by": "Player 1",
      "turn": 1
    },
    {
      "items": [
        "A25",
        "A28",
        "A39",
        "A46",
        "A71",
        "A88",
        "A94",
        "A96",
        "B15",
        "B19",
        "B23",
        "B37",
        "B64",
        "B69",
        "B81",
        "B96",
        "C10",
        "C51",
        "C53",
        "C60",
        "C79",
        "C82",
        "C83"
      ],
      "weight": 7191,
      "utility_player1": 9445,
      "utility_player2": 9445,
      "normalized_u1": 95.41367814930801,
      "normalized_u2": 95.41367814930801,
      "harmonic_mean": 95.41367814930801,
      "normalized_harmonic_mean": 95.41367814930801,
      "pareto_optimum": null,
      "by": "Player 1",
      "turn": 2
    },
    {
      "items": [
        "A25",
        "A28",
        "A39",
        "A46",
        "A71",
        "A88",
        "A94",
        "A96",
        "B15",
        "B19",
        "B23",
        "B37",
        "B64",
        "B69",
        "B81",
        "B96",
        "C10",
        "C51",
        "C53",
        "C60",
        "C79",
        "C82",
        "C83"
      ],
      "weight": 7191,
      "utility_player1": 9445,
      "utility_player2": 9445,
      "normalized_u1": 95.41367814930801,
      "normalized_u2": 95.41367814930801,
      "harmonic_mean": 95.41367814930801,
      "normalized_harmonic_mean": 95.41367814930801,
      "pareto_optimum": null,
      "by": "Player 1",
      "turn": 3
    }
  ],
  "refusals": [],
  "agreement": null,
  "max_weight": 7351,
  "scores": {
    "pareto_adherence_rate": null
  },
  "max_u1": 9899,
  "max_u2": 9899,
  "max_harmonic": 1,
  "nb_proposals": 3,
  "player1_optimum": {
    "items": [
      "A08",
      "A25",
      "A28",
      "A39",
      "A46",
      "A71",
      "A75",
      "A88",
      "A94",
      "A96",
      "A97",
      "B15",
      "B19",
      "B23",
      "B34",
      "B37",
      "B43",
      "B69",
      "B81",
      "B96",
      "C51",
      "C53",
      "C60",
      "C79",
      "C82",
      "C83"
    ],
    "utility_player1": 9899,
    "utility_player2": 9899,
    "pareto_optimum": null
  },
  "player2_optimum": {
    "items": [
      "A08",
      "A25",
      "A28",
      "A39",
      "A46",
      "A71",
      "A75",
      "A88",
      "A94",
      "A96",
      "A97",
      "B15",
      "B19",
      "B23",
      "B34",
      "B37",
      "B43",
      "B69",
      "B81",
      "B96",
      "C51",
      "C53",
      "C60",
      "C79",
      "C82",
      "C83"
    ],
    "utility_player1": 9899,
    "utility_player2": 9899,
    "pareto_optimum": null
  },
  "global_optimum": null
}