{
  "results_folder": "llama-3.3-70b-instruct-t1.0",
  "game_id": 5,
  "proposals": [
    {
      "items": [
        "A04",
        "A61",
        "A89",
        "C04",
        "C49"
      ],
      "weight": 2297,
      "utility_player1": 2458,
      "utility_player2": 848,
      "normalized_u1": 64.36239853364755,
      "normalized_u2": 21.827541827541825,
      "harmonic_mean": 32.599464397511326,
      "normalized_harmonic_mean": 41.05952387413031,
      "pareto_optimum": false,
      "by": "Player 1",
      "turn": 1
    },
    {
      "items": [
        "A41",
        "A45",
        "B53",
        "B85",
        "C64"
      ],
      "weight": 2262,
      "utility_player1": 1733,
      "utility_player2": 1568,
      "normalized_u1": 45.3783713013878,
      "normalized_u2": 40.36036036036036,
      "harmonic_mean": 42.72252184731941,
      "normalized_harmonic_mean": 53.80966951981519,
      "pareto_optimum": false,
      "by": "Player 2",
      "turn": 1
    },
    {
      "items": [
        "A45",
        "A89",
        "B21",
        "B53",
        "C04"
      ],
      "weight": 2464,
      "utility_player1": 2540,
      "utility_player2": 867,
      "normalized_u1": 66.509557475779,
      "normalized_u2": 22.316602316602317,
      "harmonic_mean": 33.41959953935713,
      "normalized_harmonic_mean": 42.09249662564588,
      "pareto_optimum": false,
      "by": "Player 1",
      "turn": 2
    }
  ],
  "refusals": [],
  "agreement": {
    "items": [
      "A45",
      "A89",
      "B21",
      "B53",
      "C04"
    ],
    "weight": 2464,
    "utility_player1": 2540,
    "utility_player2": 867,
    "normalized_u1": 66.509557475779,
    "normalized_u2": 22.316602316602317,
    "harmonic_mean": 33.41959953935713,
    "normalized_harmonic_mean": 42.09249662564588,
    "pareto_optimum": false,
    "by": "Player 2",
    "turn": 2
  },
  "max_weight": 3386,
  "scores": {
    "player1_score": 2540,
    "player2_score": 867,
    "normalized_u1": 66.509557475779,
    "normalized_u2": 22.316602316602317,
    "harmonic_mean": 33.41959953935713,
    "normalized_harmonic_mean": 42.09249662564588,
    "episode_score": 50.0,
    "pareto_optimum": false,
    "pareto_adherence_rate": 0.0,
    "alternation_rate": 1.0,
    "avg_normalized_substitutions": 1.6
  },
  "max_u1": 3819,
  "max_u2": 3885,
  "max_harmonic": 79.3956220667496,
  "nb_proposals": 3,
  "normalized_substitutions_per_proposal": [
    2.0,
    1.2
  ],
  "player1_optimum": {
    "items": [
      "A45",
      "A61",
      "A89",
      "B21",
      "B85",
      "C04",
      "C49",
      "C64"
    ],
    "utility_player1": 3819,
    "utility_player2": 1389,
    "pareto_optimum": true
  },
  "player2_optimum": {
    "items": [
      "A03",
      "A04",
      "A41",
      "A48",
      "A61",
      "B21",
      "B53",
      "B85",
      "C33"
    ],
    "utility_player1": 2104,
    "utility_player2": 3885,
    "pareto_optimum": true
  }
}