{
  "results_folder": "deepseek-r1-distill-llama-70b-t1.0",
  "game_id": 0,
  "proposals": [
    {
      "items": [
        "A11",
        "A21",
        "B09",
        "B21",
        "B31",
        "B33",
        "B93",
        "C08",
        "C81"
      ],
      "weight": 3573,
      "utility_player1": 5839,
      "utility_player2": 3508,
      "normalized_u1": 98.28311732031645,
      "normalized_u2": 60.73407202216067,
      "harmonic_mean": 75.07532928454388,
      "normalized_harmonic_mean": 85.59635031594007,
      "pareto_optimum": true,
      "by": "Player 1",
      "turn": 1
    },
    {
      "items": [
        "A11",
        "A60",
        "B09",
        "B21",
        "B31",
        "B33",
        "B93",
        "C08"
      ],
      "weight": 3615,
      "utility_player1": 5796,
      "utility_player2": 2503,
      "normalized_u1": 97.55933344554789,
      "normalized_u2": 43.334487534626035,
      "harmonic_mean": 60.012336803292804,
      "normalized_harmonic_mean": 68.42243721401006,
      "pareto_optimum": false,
      "by": "Player 1",
      "turn": 2
    },
    {
      "items": [
        "A11",
        "B09",
        "B21",
        "B31",
        "B33",
        "B93",
        "C08",
        "C81",
        "C85"
      ],
      "weight": 3164,
      "utility_player1": 5822,
      "utility_player2": 3522,
      "normalized_u1": 97.99697020703584,
      "normalized_u2": 60.97645429362881,
      "harmonic_mean": 75.1761848687916,
      "normalized_harmonic_mean": 85.71133975391999,
      "pareto_optimum": true,
      "by": "Player 1",
      "turn": 3
    }
  ],
  "refusals": [],
  "agreement": null,
  "max_weight": 3683,
  "scores": {
    "pareto_adherence_rate": 0.6666666666666666
  },
  "max_u1": 5941,
  "max_u2": 5776,
  "max_harmonic": 87.70856351636183,
  "nb_proposals": 3,
  "player1_optimum": {
    "items": [
      "A11",
      "A82",
      "B09",
      "B21",
      "B31",
      "B33",
      "B93",
      "C08",
      "C85"
    ],
    "utility_player1": 5941,
    "utility_player2": 3250,
    "pareto_optimum": true
  },
  "player2_optimum": {
    "items": [
      "A21",
      "A82",
      "B09",
      "B39",
      "B93",
      "B96",
      "C08",
      "C81",
      "C85"
    ],
    "utility_player1": 3517,
    "utility_player2": 5776,
    "pareto_optimum": true
  },
  "global_optimum": {
    "items": [
      "A11",
      "A21",
      "B09",
      "B31",
      "B33",
      "B39",
      "B93",
      "C08",
      "C81",
      "C85"
    ],
    "utility_player1": 5217,
    "utility_player2": 5060,
    "harmonic_mean": 87.70856351636183,
    "pareto_optimum": true
  }
}