{
  "results_folder": "nemotron-nano-9b-v2-t1.0",
  "game_id": 5,
  "proposals": [
    {
      "items": [
        "A03",
        "A83",
        "B38",
        "C00",
        "C32",
        "C38",
        "C56",
        "C62",
        "C98"
      ],
      "weight": 2245,
      "utility_player1": 3836,
      "utility_player2": 2162,
      "normalized_u1": 93.0164888457808,
      "normalized_u2": 54.26706827309237,
      "harmonic_mean": 68.54440847926121,
      "normalized_harmonic_mean": 76.09558383406247,
      "pareto_optimum": false,
      "by": "Player 1",
      "turn": 1
    },
    {
      "items": [
        "A03",
        "A83",
        "B38",
        "C00",
        "C32",
        "C38",
        "C56",
        "C62",
        "C98"
      ],
      "weight": 2245,
      "utility_player1": 3836,
      "utility_player2": 2162,
      "normalized_u1": 93.0164888457808,
      "normalized_u2": 54.26706827309237,
      "harmonic_mean": 68.54440847926121,
      "normalized_harmonic_mean": 76.09558383406247,
      "pareto_optimum": false,
      "by": "Player 1",
      "turn": 2
    },
    {
      "items": [
        "A03",
        "A83",
        "B38",
        "C00",
        "C32",
        "C38",
        "C56",
        "C62",
        "C98"
      ],
      "weight": 2245,
      "utility_player1": 3836,
      "utility_player2": 2162,
      "normalized_u1": 93.0164888457808,
      "normalized_u2": 54.26706827309237,
      "harmonic_mean": 68.54440847926121,
      "normalized_harmonic_mean": 76.09558383406247,
      "pareto_optimum": false,
      "by": "Player 1",
      "turn": 3
    }
  ],
  "refusals": [],
  "agreement": {
    "items": [
      "A03",
      "A83",
      "B38",
      "C00",
      "C32",
      "C38",
      "C56",
      "C62",
      "C98"
    ],
    "weight": 2245,
    "utility_player1": 3836,
    "utility_player2": 2162,
    "normalized_u1": 93.0164888457808,
    "normalized_u2": 54.26706827309237,
    "harmonic_mean": 68.54440847926121,
    "normalized_harmonic_mean": 76.09558383406247,
    "pareto_optimum": false,
    "by": "Player 2",
    "turn": 3
  },
  "max_weight": 2307,
  "scores": {
    "player1_score": 3836,
    "player2_score": 2162,
    "normalized_u1": 93.0164888457808,
    "normalized_u2": 54.26706827309237,
    "harmonic_mean": 68.54440847926121,
    "normalized_harmonic_mean": 76.09558383406247,
    "episode_score": 33.333333333333336,
    "pareto_optimum": false,
    "pareto_adherence_rate": 0.0
  },
  "max_u1": 4124,
  "max_u2": 3984,
  "max_harmonic": 90.07672328098869,
  "nb_proposals": 3,
  "player1_optimum": {
    "items": [
      "A03",
      "A83",
      "B38",
      "C00",
      "C10",
      "C32",
      "C38",
      "C62",
      "C76",
      "C98"
    ],
    "utility_player1": 4124,
    "utility_player2": 2524,
    "pareto_optimum": true
  },
  "player2_optimum": {
    "items": [
      "A03",
      "A07",
      "A83",
      "C00",
      "C03",
      "C10",
      "C32",
      "C76",
      "C81",
      "C98"
    ],
    "utility_player1": 2621,
    "utility_player2": 3984,
    "pareto_optimum": true
  },
  "global_optimum": {
    "items": [
      "A03",
      "A83",
      "B38",
      "C00",
      "C03",
      "C10",
      "C32",
      "C62",
      "C76",
      "C81",
      "C98"
    ],
    "utility_player1": 3668,
    "utility_player2": 3635,
    "harmonic_mean": 90.07672328098869,
    "pareto_optimum": true
  }
}