{
  "results_folder": "nemotron-nano-9b-v2-t1.0",
  "game_id": 2,
  "proposals": [
    {
      "items": [
        "A11",
        "A21",
        "B09",
        "B21",
        "B31",
        "B33",
        "B93",
        "C08",
        "C85"
      ],
      "weight": 3066,
      "utility_player1": 5571,
      "utility_player2": 3550,
      "normalized_u1": 99.02239601848561,
      "normalized_u2": 59.56375838926174,
      "harmonic_mean": 74.38412380447673,
      "normalized_harmonic_mean": 83.31493552067131,
      "pareto_optimum": true,
      "by": "Player 1",
      "turn": 1
    }
  ],
  "refusals": [],
  "agreement": {
    "items": [
      "A11",
      "A21",
      "B09",
      "B21",
      "B31",
      "B33",
      "B93",
      "C08",
      "C85"
    ],
    "weight": 3066,
    "utility_player1": 5571,
    "utility_player2": 3550,
    "normalized_u1": 99.02239601848561,
    "normalized_u2": 59.56375838926174,
    "harmonic_mean": 74.38412380447673,
    "normalized_harmonic_mean": 83.31493552067131,
    "pareto_optimum": true,
    "by": "Player 2",
    "turn": 1
  },
  "max_weight": 3203,
  "scores": {
    "player1_score": 5571,
    "player2_score": 3550,
    "normalized_u1": 99.02239601848561,
    "normalized_u2": 59.56375838926174,
    "harmonic_mean": 74.38412380447673,
    "normalized_harmonic_mean": 83.31493552067131,
    "episode_score": 100.0,
    "pareto_optimum": true,
    "pareto_adherence_rate": 1.0,
    "alternation_rate": null
  },
  "max_u1": 5626,
  "max_u2": 5960,
  "max_harmonic": 89.28065939152201,
  "nb_proposals": 1,
  "player1_optimum": {
    "items": [
      "A11",
      "A82",
      "B09",
      "B21",
      "B31",
      "B33",
      "C08",
      "C81"
    ],
    "utility_player1": 5626,
    "utility_player2": 2724,
    "pareto_optimum": true
  },
  "player2_optimum": {
    "items": [
      "A21",
      "A82",
      "B09",
      "B20",
      "B39",
      "B96",
      "C08",
      "C81",
      "C85"
    ],
    "utility_player1": 3395,
    "utility_player2": 5960,
    "pareto_optimum": true
  },
  "global_optimum": {
    "items": [
      "A11",
      "A21",
      "B09",
      "B20",
      "B21",
      "B31",
      "B39",
      "C08",
      "C81",
      "C85"
    ],
    "utility_player1": 5081,
    "utility_player2": 5261,
    "harmonic_mean": 89.28065939152201,
    "pareto_optimum": true
  }
}