{
  "results_folder": "claude-sonnet-4-20250514-t0.0",
  "game_id": 0,
  "proposals": [
    {
      "items": [
        "A08",
        "A25",
        "A28",
        "A39",
        "A46",
        "A65",
        "A71",
        "A75",
        "A87",
        "A88",
        "A94",
        "A96",
        "A97",
        "B15",
        "B16",
        "B19",
        "B34",
        "B43",
        "B64",
        "B69",
        "B81",
        "B95",
        "B96",
        "C10",
        "C17",
        "C51",
        "C53",
        "C60",
        "C72",
        "C79",
        "C82",
        "C83",
        "C84"
      ],
      "weight": 19016,
      "utility_player1": 0,
      "utility_player2": 0,
      "normalized_u1": 0,
      "normalized_u2": 0,
      "harmonic_mean": 180.42914979757086,
      "normalized_harmonic_mean": 0,
      "pareto_optimum": null,
      "by": "Player 1",
      "turn": 1
    },
    {
      "items": [
        "A08",
        "A25",
        "A28",
        "A39",
        "A46",
        "A65",
        "A71",
        "A75",
        "A87",
        "A88",
        "A94",
        "A96",
        "A97",
        "B15",
        "B16",
        "B19",
        "B34",
        "B43",
        "B64",
        "B69",
        "B81",
        "B95",
        "B96",
        "C10",
        "C17",
        "C51",
        "C53",
        "C60",
        "C72",
        "C79",
        "C82",
        "C83",
        "C84"
      ],
      "weight": 19016,
      "utility_player1": 0,
      "utility_player2": 0,
      "normalized_u1": 0,
      "normalized_u2": 0,
      "harmonic_mean": 180.42914979757086,
      "normalized_harmonic_mean": 0,
      "pareto_optimum": null,
      "by": "Player 2",
      "turn": 1
    },
    {
      "items": [
        "A65",
        "A75",
        "A87",
        "A88",
        "A94",
        "A96",
        "A97",
        "B43",
        "B64",
        "B81",
        "B95",
        "C10",
        "C60",
        "C83"
      ],
      "weight": 10054,
      "utility_player1": 11440,
      "utility_player2": 11440,
      "normalized_u1": 92.63157894736842,
      "normalized_u2": 92.63157894736842,
      "harmonic_mean": 92.63157894736842,
      "normalized_harmonic_mean": 92.63157894736842,
      "pareto_optimum": null,
      "by": "Player 2",
      "turn": 1
    }
  ],
  "refusals": [
    {
      "items": [
        "A08",
        "A25",
        "A28",
        "A39",
        "A46",
        "A65",
        "A71",
        "A75",
        "A87",
        "A88",
        "A94",
        "A96",
        "A97",
        "B15",
        "B16",
        "B19",
        "B34",
        "B43",
        "B64",
        "B69",
        "B81",
        "B95",
        "B96",
        "C10",
        "C17",
        "C51",
        "C53",
        "C60",
        "C72",
        "C79",
        "C82",
        "C83",
        "C84"
      ],
      "weight": 19016,
      "utility_player1": 0,
      "utility_player2": 0,
      "normalized_u1": 0,
      "normalized_u2": 0,
      "harmonic_mean": 180.42914979757086,
      "normalized_harmonic_mean": 0,
      "pareto_optimum": null,
      "by": "Player 2",
      "turn": 1
    },
    {
      "items": [
        "A08",
        "A25",
        "A28",
        "A39",
        "A46",
        "A65",
        "A71",
        "A75",
        "A87",
        "A88",
        "A94",
        "A96",
        "A97",
        "B15",
        "B16",
        "B19",
        "B34",
        "B43",
        "B64",
        "B69",
        "B81",
        "B95",
        "B96",
        "C10",
        "C17",
        "C51",
        "C53",
        "C60",
        "C72",
        "C79",
        "C82",
        "C83",
        "C84"
      ],
      "weight": 19016,
      "utility_player1": 0,
      "utility_player2": 0,
      "normalized_u1": 0,
      "normalized_u2": 0,
      "harmonic_mean": 180.42914979757086,
      "normalized_harmonic_mean": 0,
      "pareto_optimum": null,
      "by": "Player 2",
      "turn": 1
    }
  ],
  "agreement": {
    "items": [
      "A65",
      "A75",
      "A87",
      "A88",
      "A94",
      "A96",
      "A97",
      "B43",
      "B64",
      "B81",
      "B95",
      "C10",
      "C60",
      "C83"
    ],
    "weight": 10054,
    "utility_player1": 11440,
    "utility_player2": 11440,
    "normalized_u1": 92.63157894736842,
    "normalized_u2": 92.63157894736842,
    "harmonic_mean": 92.63157894736842,
    "normalized_harmonic_mean": 92.63157894736842,
    "pareto_optimum": null,
    "by": "Player 1",
    "turn": 2
  },
  "max_weight": 10073,
  "scores": {
    "player1_score": 11440,
    "player2_score": 11440,
    "normalized_u1": 92.63157894736842,
    "normalized_u2": 92.63157894736842,
    "harmonic_mean": 92.63157894736842,
    "normalized_harmonic_mean": 92.63157894736842,
    "episode_score": 50.0,
    "pareto_optimum": null,
    "pareto_adherence_rate": null,
    "alternation_rate": 0.5
  },
  "max_u1": 12350,
  "max_u2": 12350,
  "max_harmonic": 1,
  "nb_proposals": 3,
  "player1_optimum": {
    "items": [
      "A08",
      "A25",
      "A28",
      "A39",
      "A65",
      "A71",
      "A75",
      "A87",
      "A97",
      "B16",
      "B19",
      "B23",
      "B34",
      "B37",
      "B69",
      "B96",
      "C17",
      "C51",
      "C53",
      "C72",
      "C79",
      "C82",
      "C84"
    ],
    "utility_player1": 12350,
    "utility_player2": 12350,
    "pareto_optimum": null
  },
  "player2_optimum": {
    "items": [
      "A08",
      "A25",
      "A28",
      "A39",
      "A65",
      "A71",
      "A75",
      "A87",
      "A97",
      "B16",
      "B19",
      "B23",
      "B34",
      "B37",
      "B69",
      "B96",
      "C17",
      "C51",
      "C53",
      "C72",
      "C79",
      "C82",
      "C84"
    ],
    "utility_player1": 12350,
    "utility_player2": 12350,
    "pareto_optimum": null
  },
  "global_optimum": null
}