{
  "results_folder": "nemotron-nano-9b-v2-t1.0",
  "game_id": 1,
  "proposals": [
    {
      "items": [
        "A08",
        "A40",
        "A52",
        "A77",
        "A81",
        "A95",
        "B54",
        "B55",
        "B56",
        "B59",
        "B75",
        "B79",
        "B96",
        "C03",
        "C16",
        "C24",
        "C28",
        "C31",
        "C32",
        "C50",
        "C52",
        "C61"
      ],
      "weight": 7694,
      "utility_player1": 12764,
      "utility_player2": 12764,
      "normalized_u1": 86.9304638016754,
      "normalized_u2": 86.9304638016754,
      "harmonic_mean": 86.9304638016754,
      "normalized_harmonic_mean": 86.9304638016754,
      "pareto_optimum": null,
      "by": "Player 1",
      "turn": 1
    },
    {
      "items": [
        "A08",
        "A40",
        "A52",
        "A77",
        "A81",
        "A95",
        "B54",
        "B55",
        "B56",
        "B59",
        "B75",
        "B79",
        "B96",
        "C03",
        "C16",
        "C24",
        "C28",
        "C31",
        "C32",
        "C50",
        "C52",
        "C61"
      ],
      "weight": 7694,
      "utility_player1": 12764,
      "utility_player2": 12764,
      "normalized_u1": 86.9304638016754,
      "normalized_u2": 86.9304638016754,
      "harmonic_mean": 86.9304638016754,
      "normalized_harmonic_mean": 86.9304638016754,
      "pareto_optimum": null,
      "by": "Player 1",
      "turn": 2
    },
    {
      "items": [
        "A08",
        "A40",
        "A52",
        "A77",
        "A81",
        "A95",
        "B54",
        "B55",
        "B56",
        "B59",
        "B75",
        "B79",
        "B96",
        "C03",
        "C16",
        "C24",
        "C28",
        "C31",
        "C32",
        "C50",
        "C52",
        "C61"
      ],
      "weight": 7694,
      "utility_player1": 12764,
      "utility_player2": 12764,
      "normalized_u1": 86.9304638016754,
      "normalized_u2": 86.9304638016754,
      "harmonic_mean": 86.9304638016754,
      "normalized_harmonic_mean": 86.9304638016754,
      "pareto_optimum": null,
      "by": "Player 1",
      "turn": 3
    }
  ],
  "refusals": [],
  "agreement": null,
  "max_weight": 8170,
  "scores": {
    "pareto_adherence_rate": null,
    "alternation_rate": 0.0,
    "avg_normalized_substitutions": 0.0
  },
  "max_u1": 14683,
  "max_u2": 14683,
  "max_harmonic": 1,
  "nb_proposals": 3,
  "normalized_substitutions_per_proposal": [
    0.0,
    0.0
  ],
  "player1_optimum": {
    "items": [
      "A40",
      "A52",
      "A77",
      "A81",
      "A91",
      "A95",
      "B24",
      "B38",
      "B54",
      "B55",
      "B56",
      "B59",
      "B79",
      "B96",
      "C03",
      "C05",
      "C16",
      "C24",
      "C28",
      "C31",
      "C50",
      "C52"
    ],
    "utility_player1": 14683,
    "utility_player2": 14683,
    "pareto_optimum": null
  },
  "player2_optimum": {
    "items": [
      "A40",
      "A52",
      "A77",
      "A81",
      "A91",
      "A95",
      "B24",
      "B38",
      "B54",
      "B55",
      "B56",
      "B59",
      "B79",
      "B96",
      "C03",
      "C05",
      "C16",
      "C24",
      "C28",
      "C31",
      "C50",
      "C52"
    ],
    "utility_player1": 14683,
    "utility_player2": 14683,
    "pareto_optimum": null
  }
}