{
  "results_folder": "nemotron-nano-9b-v2-no-reasoning-t1.0",
  "game_id": 0,
  "proposals": [
    {
      "items": [
        "A03",
        "A04",
        "A87",
        "C00",
        "C17"
      ],
      "weight": 481,
      "utility_player1": 1804,
      "utility_player2": 3202,
      "normalized_u1": 31.319444444444443,
      "normalized_u2": 50.2038256506742,
      "harmonic_mean": 38.57440768826601,
      "normalized_harmonic_mean": 44.450247611480236,
      "pareto_optimum": false,
      "by": "Player 1",
      "turn": 1
    },
    {
      "items": [
        "A03",
        "A04",
        "A87",
        "B86",
        "C00"
      ],
      "weight": 575,
      "utility_player1": 2334,
      "utility_player2": 2855,
      "normalized_u1": 40.520833333333336,
      "normalized_u2": 44.76324866729382,
      "harmonic_mean": 42.53652255276969,
      "normalized_harmonic_mean": 49.01589093167277,
      "pareto_optimum": false,
      "by": "Player 2",
      "turn": 1
    },
    {
      "items": [
        "A03",
        "A04",
        "A87",
        "B86",
        "C00"
      ],
      "weight": 575,
      "utility_player1": 2334,
      "utility_player2": 2855,
      "normalized_u1": 40.520833333333336,
      "normalized_u2": 44.76324866729382,
      "harmonic_mean": 42.53652255276969,
      "normalized_harmonic_mean": 49.01589093167277,
      "pareto_optimum": false,
      "by": "Player 1",
      "turn": 2
    }
  ],
  "refusals": [],
  "agreement": {
    "items": [
      "A03",
      "A04",
      "A87",
      "B86",
      "C00"
    ],
    "weight": 575,
    "utility_player1": 2334,
    "utility_player2": 2855,
    "normalized_u1": 40.520833333333336,
    "normalized_u2": 44.76324866729382,
    "harmonic_mean": 42.53652255276969,
    "normalized_harmonic_mean": 49.01589093167277,
    "pareto_optimum": false,
    "by": "Player 2",
    "turn": 2
  },
  "max_weight": 3624,
  "scores": {
    "player1_score": 2334,
    "player2_score": 2855,
    "normalized_u1": 40.520833333333336,
    "normalized_u2": 44.76324866729382,
    "harmonic_mean": 42.53652255276969,
    "normalized_harmonic_mean": 49.01589093167277,
    "episode_score": 50.0,
    "pareto_optimum": false,
    "pareto_adherence_rate": 0.0
  },
  "max_u1": 5760,
  "max_u2": 6378,
  "max_harmonic": 86.7810861829785,
  "nb_proposals": 3,
  "player1_optimum": {
    "items": [
      "A03",
      "A10",
      "A71",
      "A87",
      "B41",
      "B86",
      "C00",
      "C01",
      "C54"
    ],
    "utility_player1": 5760,
    "utility_player2": 3617,
    "pareto_optimum": true
  },
  "player2_optimum": {
    "items": [
      "A03",
      "A04",
      "A77",
      "A87",
      "B32",
      "B33",
      "B41",
      "B86",
      "C00",
      "C17"
    ],
    "utility_player1": 3993,
    "utility_player2": 6378,
    "pareto_optimum": true
  },
  "global_optimum": {
    "items": [
      "A03",
      "A04",
      "A87",
      "B32",
      "B33",
      "B41",
      "B86",
      "C00",
      "C01",
      "C17"
    ],
    "utility_player1": 4708,
    "utility_player2": 5899,
    "harmonic_mean": 86.7810861829785,
    "pareto_optimum": true
  }
}