{
  "results_folder": "claude-sonnet-4-20250514-t1.0",
  "game_id": 4,
  "proposals": [
    {
      "items": [
        "A36",
        "B16",
        "B73",
        "B93",
        "C11",
        "C13",
        "C89"
      ],
      "weight": 1296,
      "utility_player1": 4672,
      "utility_player2": 4672,
      "normalized_u1": 73.5979836168872,
      "normalized_u2": 73.5979836168872,
      "harmonic_mean": 73.5979836168872,
      "normalized_harmonic_mean": 73.5979836168872,
      "pareto_optimum": false,
      "by": "Player 1",
      "turn": 1
    },
    {
      "items": [
        "A36",
        "A63",
        "B16",
        "B73",
        "B93",
        "C11",
        "C13",
        "C45",
        "C89"
      ],
      "weight": 2262,
      "utility_player1": 5615,
      "utility_player2": 5615,
      "normalized_u1": 88.45305608065533,
      "normalized_u2": 88.45305608065533,
      "harmonic_mean": 88.45305608065533,
      "normalized_harmonic_mean": 88.45305608065533,
      "pareto_optimum": false,
      "by": "Player 2",
      "turn": 1
    },
    {
      "items": [
        "A36",
        "A63",
        "B16",
        "B73",
        "B93",
        "C11",
        "C13",
        "C34",
        "C45",
        "C89"
      ],
      "weight": 2949,
      "utility_player1": 6283,
      "utility_player2": 6283,
      "normalized_u1": 98.97605545053561,
      "normalized_u2": 98.97605545053561,
      "harmonic_mean": 98.97605545053563,
      "normalized_harmonic_mean": 98.97605545053561,
      "pareto_optimum": false,
      "by": "Player 1",
      "turn": 2
    }
  ],
  "refusals": [],
  "agreement": {
    "items": [
      "A36",
      "A63",
      "B16",
      "B73",
      "B93",
      "C11",
      "C13",
      "C34",
      "C45",
      "C89"
    ],
    "weight": 2949,
    "utility_player1": 6283,
    "utility_player2": 6283,
    "normalized_u1": 98.97605545053561,
    "normalized_u2": 98.97605545053561,
    "harmonic_mean": 98.97605545053563,
    "normalized_harmonic_mean": 98.97605545053561,
    "pareto_optimum": false,
    "by": "Player 2",
    "turn": 2
  },
  "max_weight": 3145,
  "scores": {
    "player1_score": 6283,
    "player2_score": 6283,
    "normalized_u1": 98.97605545053561,
    "normalized_u2": 98.97605545053561,
    "harmonic_mean": 98.97605545053563,
    "normalized_harmonic_mean": 98.97605545053561,
    "episode_score": 50.0,
    "pareto_optimum": false,
    "pareto_adherence_rate": 0.0,
    "alternation_rate": 1.0
  },
  "max_u1": 6348,
  "max_u2": 6348,
  "max_harmonic": 1,
  "nb_proposals": 3,
  "player1_optimum": {
    "items": [
      "A36",
      "A63",
      "B16",
      "B73",
      "B93",
      "B98",
      "C11",
      "C13",
      "C34",
      "C45",
      "C89"
    ],
    "utility_player1": 6348,
    "utility_player2": 6348,
    "pareto_optimum": true
  },
  "player2_optimum": {
    "items": [
      "A36",
      "A63",
      "B16",
      "B73",
      "B93",
      "B98",
      "C11",
      "C13",
      "C34",
      "C45",
      "C89"
    ],
    "utility_player1": 6348,
    "utility_player2": 6348,
    "pareto_optimum": true
  },
  "global_optimum": null
}