{
  "results_folder": "nemotron-nano-9b-v2-no-reasoning-t1.0",
  "game_id": 5,
  "proposals": [
    {
      "items": [
        "A60",
        "A82",
        "B09",
        "B20",
        "B21",
        "B31",
        "B39",
        "B93",
        "B96"
      ],
      "weight": 2194,
      "utility_player1": 3821,
      "utility_player2": 2148,
      "normalized_u1": 92.65276430649855,
      "normalized_u2": 53.915662650602414,
      "harmonic_mean": 68.16522886551908,
      "normalized_harmonic_mean": 75.67463200552037,
      "pareto_optimum": false,
      "by": "Player 1",
      "turn": 1
    },
    {
      "items": [
        "A82",
        "B20",
        "B21",
        "B31",
        "B39",
        "B93",
        "B96"
      ],
      "weight": 1663,
      "utility_player1": 3224,
      "utility_player2": 1519,
      "normalized_u1": 78.17652764306499,
      "normalized_u2": 38.127510040160644,
      "harmonic_mean": 51.256627061121456,
      "normalized_harmonic_mean": 56.90329887026376,
      "pareto_optimum": false,
      "by": "Player 1",
      "turn": 1
    }
  ],
  "refusals": [],
  "agreement": null,
  "max_weight": 2307,
  "scores": {
    "pareto_adherence_rate": 0.0,
    "alternation_rate": 0.0,
    "avg_normalized_substitutions": 0.2222222222222222
  },
  "max_u1": 4124,
  "max_u2": 3984,
  "max_harmonic": 90.07672328098869,
  "nb_proposals": 2,
  "normalized_substitutions_per_proposal": [
    0.2222222222222222
  ],
  "player1_optimum": {
    "items": [
      "A21",
      "A82",
      "B09",
      "B20",
      "B21",
      "B31",
      "B33",
      "B39",
      "B93",
      "B96"
    ],
    "utility_player1": 4124,
    "utility_player2": 2524,
    "pareto_optimum": true
  },
  "player2_optimum": {
    "items": [
      "A21",
      "A60",
      "B20",
      "B21",
      "B31",
      "B33",
      "B39",
      "B96",
      "C08",
      "C81"
    ],
    "utility_player1": 2621,
    "utility_player2": 3984,
    "pareto_optimum": true
  }
}