{
  "results_folder": "nemotron-nano-9b-v2-t1.0",
  "game_id": 5,
  "proposals": [
    {
      "items": [
        "A04",
        "A45",
        "A61",
        "A89",
        "B21",
        "B85",
        "C04",
        "C64"
      ],
      "weight": 3278,
      "utility_player1": 3620,
      "utility_player2": 1574,
      "normalized_u1": 94.78921183555904,
      "normalized_u2": 40.51480051480051,
      "harmonic_mean": 56.766476348513656,
      "normalized_harmonic_mean": 71.49824495460074,
      "pareto_optimum": false,
      "by": "Player 1",
      "turn": 1
    },
    {
      "items": [
        "A04",
        "A45",
        "A61",
        "A89",
        "B21",
        "B85",
        "C04",
        "C64"
      ],
      "weight": 3278,
      "utility_player1": 3620,
      "utility_player2": 1574,
      "normalized_u1": 94.78921183555904,
      "normalized_u2": 40.51480051480051,
      "harmonic_mean": 56.766476348513656,
      "normalized_harmonic_mean": 71.49824495460074,
      "pareto_optimum": false,
      "by": "Player 1",
      "turn": 2
    },
    {
      "items": [
        "A04",
        "A45",
        "A61",
        "A89",
        "B21",
        "B85",
        "C04",
        "C64"
      ],
      "weight": 3278,
      "utility_player1": 3620,
      "utility_player2": 1574,
      "normalized_u1": 94.78921183555904,
      "normalized_u2": 40.51480051480051,
      "harmonic_mean": 56.766476348513656,
      "normalized_harmonic_mean": 71.49824495460074,
      "pareto_optimum": false,
      "by": "Player 1",
      "turn": 3
    }
  ],
  "refusals": [],
  "agreement": null,
  "max_weight": 3386,
  "scores": {
    "pareto_adherence_rate": 0.0,
    "alternation_rate": 0.0
  },
  "max_u1": 3819,
  "max_u2": 3885,
  "max_harmonic": 79.3956220667496,
  "nb_proposals": 3,
  "player1_optimum": {
    "items": [
      "A45",
      "A61",
      "A89",
      "B21",
      "B85",
      "C04",
      "C49",
      "C64"
    ],
    "utility_player1": 3819,
    "utility_player2": 1389,
    "pareto_optimum": true
  },
  "player2_optimum": {
    "items": [
      "A03",
      "A04",
      "A41",
      "A48",
      "A61",
      "B21",
      "B53",
      "B85",
      "C33"
    ],
    "utility_player1": 2104,
    "utility_player2": 3885,
    "pareto_optimum": true
  },
  "global_optimum": {
    "items": [
      "A03",
      "A04",
      "A48",
      "A61",
      "B21",
      "B53",
      "B85",
      "C04",
      "C49"
    ],
    "utility_player1": 2974,
    "utility_player2": 3146,
    "harmonic_mean": 79.3956220667496,
    "pareto_optimum": true
  }
}