{
  "results_folder": "claude-sonnet-4-20250514-t1.0",
  "game_id": 2,
  "proposals": [
    {
      "items": [
        "A42",
        "A69",
        "A87",
        "A90",
        "B07",
        "B49",
        "B85",
        "C12",
        "C51",
        "C60"
      ],
      "weight": 7079,
      "utility_player1": 8039,
      "utility_player2": 8039,
      "normalized_u1": 69.72246313963574,
      "normalized_u2": 69.72246313963574,
      "harmonic_mean": 69.72246313963574,
      "normalized_harmonic_mean": 69.72246313963574,
      "pareto_optimum": null,
      "by": "Player 1",
      "turn": 1
    },
    {
      "items": [
        "A42",
        "A59",
        "A69",
        "A84",
        "A87",
        "A99",
        "B17",
        "B36",
        "B85",
        "C60"
      ],
      "weight": 8224,
      "utility_player1": 9184,
      "utility_player2": 9184,
      "normalized_u1": 79.65307892454466,
      "normalized_u2": 79.65307892454466,
      "harmonic_mean": 79.65307892454466,
      "normalized_harmonic_mean": 79.65307892454466,
      "pareto_optimum": null,
      "by": "Player 2",
      "turn": 1
    }
  ],
  "refusals": [],
  "agreement": {
    "items": [
      "A42",
      "A59",
      "A69",
      "A84",
      "A87",
      "A99",
      "B17",
      "B36",
      "B85",
      "C60"
    ],
    "weight": 8224,
    "utility_player1": 9184,
    "utility_player2": 9184,
    "normalized_u1": 79.65307892454466,
    "normalized_u2": 79.65307892454466,
    "harmonic_mean": 79.65307892454466,
    "normalized_harmonic_mean": 79.65307892454466,
    "pareto_optimum": null,
    "by": "Player 1",
    "turn": 2
  },
  "max_weight": 9322,
  "scores": {
    "player1_score": 9184,
    "player2_score": 9184,
    "normalized_u1": 79.65307892454466,
    "normalized_u2": 79.65307892454466,
    "harmonic_mean": 79.65307892454466,
    "normalized_harmonic_mean": 79.65307892454466,
    "episode_score": 50.0,
    "pareto_optimum": null,
    "pareto_adherence_rate": null,
    "alternation_rate": 1.0
  },
  "max_u1": 11530,
  "max_u2": 11530,
  "max_harmonic": 1,
  "nb_proposals": 2,
  "player1_optimum": {
    "items": [
      "A23",
      "A34",
      "A48",
      "A50",
      "A65",
      "A74",
      "A90",
      "B27",
      "B44",
      "B49",
      "B54",
      "C12",
      "C13",
      "C22",
      "C23",
      "C33",
      "C51",
      "C61",
      "C72",
      "C77",
      "C90",
      "C98",
      "C99"
    ],
    "utility_player1": 11530,
    "utility_player2": 11530,
    "pareto_optimum": null
  },
  "player2_optimum": {
    "items": [
      "A23",
      "A34",
      "A48",
      "A50",
      "A65",
      "A74",
      "A90",
      "B27",
      "B44",
      "B49",
      "B54",
      "C12",
      "C13",
      "C22",
      "C23",
      "C33",
      "C51",
      "C61",
      "C72",
      "C77",
      "C90",
      "C98",
      "C99"
    ],
    "utility_player1": 11530,
    "utility_player2": 11530,
    "pareto_optimum": null
  },
  "global_optimum": null
}