{
  "results_folder": "gpt-5-2025-08-07-no-reasoning-t1.0",
  "game_id": 4,
  "proposals": [
    {
      "items": [
        "A23",
        "A34",
        "A50",
        "A59",
        "A65",
        "A69",
        "A74",
        "A90",
        "B17",
        "B27",
        "B36",
        "B44",
        "B49",
        "B54",
        "B85",
        "C12",
        "C13",
        "C22",
        "C23",
        "C51",
        "C60",
        "C61",
        "C77",
        "C90",
        "C98"
      ],
      "weight": 6833,
      "utility_player1": 9308,
      "utility_player2": 9308,
      "normalized_u1": 99.49759486905398,
      "normalized_u2": 99.49759486905398,
      "harmonic_mean": 99.497594869054,
      "normalized_harmonic_mean": 99.49759486905398,
      "pareto_optimum": null,
      "by": "Player 1",
      "turn": 1
    }
  ],
  "refusals": [
    {
      "items": [],
      "weight": 0,
      "utility_player1": 0,
      "utility_player2": 0,
      "normalized_u1": 0.0,
      "normalized_u2": 0.0,
      "harmonic_mean": NaN,
      "normalized_harmonic_mean": 0.0,
      "pareto_optimum": null,
      "by": "Player 2",
      "turn": 1
    }
  ],
  "agreement": {
    "items": [
      "A23",
      "A34",
      "A50",
      "A59",
      "A65",
      "A69",
      "A74",
      "A90",
      "B17",
      "B27",
      "B36",
      "B44",
      "B49",
      "B54",
      "B85",
      "C12",
      "C13",
      "C22",
      "C23",
      "C51",
      "C60",
      "C61",
      "C77",
      "C90",
      "C98"
    ],
    "weight": 6833,
    "utility_player1": 9308,
    "utility_player2": 9308,
    "normalized_u1": 99.49759486905398,
    "normalized_u2": 99.49759486905398,
    "harmonic_mean": 99.497594869054,
    "normalized_harmonic_mean": 99.49759486905398,
    "pareto_optimum": null,
    "by": "Player 2",
    "turn": 1
  },
  "max_weight": 6880,
  "scores": {
    "player1_score": 9308,
    "player2_score": 9308,
    "normalized_u1": 99.49759486905398,
    "normalized_u2": 99.49759486905398,
    "harmonic_mean": 99.497594869054,
    "normalized_harmonic_mean": 99.49759486905398,
    "episode_score": 100.0,
    "pareto_optimum": null,
    "pareto_adherence_rate": null
  },
  "max_u1": 9355,
  "max_u2": 9355,
  "max_harmonic": 1,
  "nb_proposals": 1,
  "player1_optimum": {
    "items": [
      "A23",
      "A34",
      "A50",
      "A59",
      "A65",
      "A69",
      "A74",
      "A87",
      "A90",
      "B07",
      "B17",
      "B27",
      "B44",
      "B49",
      "B54",
      "B85",
      "C12",
      "C13",
      "C33",
      "C60",
      "C61",
      "C77",
      "C90",
      "C98",
      "C99"
    ],
    "utility_player1": 9355,
    "utility_player2": 9355,
    "pareto_optimum": null
  },
  "player2_optimum": {
    "items": [
      "A23",
      "A34",
      "A50",
      "A59",
      "A65",
      "A69",
      "A74",
      "A87",
      "A90",
      "B07",
      "B17",
      "B27",
      "B44",
      "B49",
      "B54",
      "B85",
      "C12",
      "C13",
      "C33",
      "C60",
      "C61",
      "C77",
      "C90",
      "C98",
      "C99"
    ],
    "utility_player1": 9355,
    "utility_player2": 9355,
    "pareto_optimum": null
  },
  "global_optimum": null
}