{
  "results_folder": "deepseek-r1-distill-llama-70b-t1.0",
  "game_id": 5,
  "proposals": [
    {
      "items": [
        "A36",
        "A87",
        "B33",
        "B73",
        "B98",
        "C11",
        "C13",
        "C34",
        "C45"
      ],
      "weight": 3163,
      "utility_player1": 5340,
      "utility_player2": 5340,
      "normalized_u1": 99.47839046199702,
      "normalized_u2": 99.47839046199702,
      "harmonic_mean": 99.47839046199702,
      "normalized_harmonic_mean": 99.47839046199702,
      "pareto_optimum": false,
      "by": "Player 1",
      "turn": 1
    }
  ],
  "refusals": [],
  "agreement": {
    "items": [
      "A36",
      "A87",
      "B33",
      "B73",
      "B98",
      "C11",
      "C13",
      "C34",
      "C45"
    ],
    "weight": 3163,
    "utility_player1": 5340,
    "utility_player2": 5340,
    "normalized_u1": 99.47839046199702,
    "normalized_u2": 99.47839046199702,
    "harmonic_mean": 99.47839046199702,
    "normalized_harmonic_mean": 99.47839046199702,
    "pareto_optimum": false,
    "by": "Player 2",
    "turn": 1
  },
  "max_weight": 3170,
  "scores": {
    "player1_score": 5340,
    "player2_score": 5340,
    "normalized_u1": 99.47839046199702,
    "normalized_u2": 99.47839046199702,
    "harmonic_mean": 99.47839046199702,
    "normalized_harmonic_mean": 99.47839046199702,
    "episode_score": 100.0,
    "pareto_optimum": false,
    "pareto_adherence_rate": 0.0,
    "alternation_rate": null
  },
  "max_u1": 5368,
  "max_u2": 5368,
  "max_harmonic": 1,
  "nb_proposals": 1,
  "player1_optimum": {
    "items": [
      "A36",
      "A87",
      "B16",
      "B33",
      "B73",
      "B98",
      "C11",
      "C13",
      "C34",
      "C89"
    ],
    "utility_player1": 5368,
    "utility_player2": 5368,
    "pareto_optimum": true
  },
  "player2_optimum": {
    "items": [
      "A36",
      "A87",
      "B16",
      "B33",
      "B73",
      "B98",
      "C11",
      "C13",
      "C34",
      "C89"
    ],
    "utility_player1": 5368,
    "utility_player2": 5368,
    "pareto_optimum": true
  },
  "global_optimum": null
}