{
  "results_folder": "deepseek-r1-distill-llama-70b-t1.0",
  "game_id": 2,
  "proposals": [
    {
      "items": [
        "A40",
        "A81",
        "A91",
        "A95",
        "B11",
        "B38",
        "B51",
        "B54",
        "B55",
        "B56",
        "B59",
        "B75",
        "B96",
        "C05",
        "C16",
        "C24",
        "C28",
        "C31",
        "C50",
        "C52"
      ],
      "weight": 7650,
      "utility_player1": 13161,
      "utility_player2": 13161,
      "normalized_u1": 96.03765323992994,
      "normalized_u2": 96.03765323992994,
      "harmonic_mean": 96.03765323992995,
      "normalized_harmonic_mean": 96.03765323992994,
      "pareto_optimum": null,
      "by": "Player 1",
      "turn": 1
    },
    {
      "items": [
        "A40",
        "A81",
        "A91",
        "A95",
        "B11",
        "B38",
        "B51",
        "B54",
        "B55",
        "B56",
        "B59",
        "B75",
        "B96",
        "C05",
        "C16",
        "C24",
        "C28",
        "C31",
        "C50",
        "C52"
      ],
      "weight": 7650,
      "utility_player1": 13161,
      "utility_player2": 13161,
      "normalized_u1": 96.03765323992994,
      "normalized_u2": 96.03765323992994,
      "harmonic_mean": 96.03765323992995,
      "normalized_harmonic_mean": 96.03765323992994,
      "pareto_optimum": null,
      "by": "Player 1",
      "turn": 2
    },
    {
      "items": [
        "A40",
        "A81",
        "A91",
        "A95",
        "B11",
        "B38",
        "B54",
        "B55",
        "B56",
        "B59",
        "B96",
        "C05",
        "C16",
        "C24",
        "C28",
        "C31",
        "C50",
        "C52"
      ],
      "weight": 7484,
      "utility_player1": 12805,
      "utility_player2": 12805,
      "normalized_u1": 93.43987157034442,
      "normalized_u2": 93.43987157034442,
      "harmonic_mean": 93.43987157034442,
      "normalized_harmonic_mean": 93.43987157034442,
      "pareto_optimum": null,
      "by": "Player 1",
      "turn": 3
    },
    {
      "items": [
        "A40",
        "A81",
        "A95",
        "B11",
        "B38",
        "B54",
        "B55",
        "B56",
        "B59",
        "C05",
        "C16",
        "C24",
        "C28",
        "C31",
        "C50",
        "C52"
      ],
      "weight": 6879,
      "utility_player1": 11742,
      "utility_player2": 11742,
      "normalized_u1": 85.68301225919438,
      "normalized_u2": 85.68301225919438,
      "harmonic_mean": 85.68301225919438,
      "normalized_harmonic_mean": 85.68301225919438,
      "pareto_optimum": null,
      "by": "Player 1",
      "turn": 4
    },
    {
      "items": [
        "A40",
        "A81",
        "A95",
        "B11",
        "B38",
        "B54",
        "B55",
        "B56",
        "B59",
        "C05",
        "C16",
        "C24",
        "C28",
        "C31",
        "C50",
        "C52"
      ],
      "weight": 6879,
      "utility_player1": 11742,
      "utility_player2": 11742,
      "normalized_u1": 85.68301225919438,
      "normalized_u2": 85.68301225919438,
      "harmonic_mean": 85.68301225919438,
      "normalized_harmonic_mean": 85.68301225919438,
      "pareto_optimum": null,
      "by": "Player 1",
      "turn": 5
    },
    {
      "items": [
        "A40",
        "A77",
        "B24",
        "B38",
        "B54",
        "B55",
        "B56",
        "B59",
        "C05",
        "C50"
      ],
      "weight": 3310,
      "utility_player1": 7168,
      "utility_player2": 7168,
      "normalized_u1": 52.30589608873322,
      "normalized_u2": 52.30589608873322,
      "harmonic_mean": 52.30589608873322,
      "normalized_harmonic_mean": 52.30589608873322,
      "pareto_optimum": null,
      "by": "Player 1",
      "turn": 6
    },
    {
      "items": [
        "A40",
        "A77",
        "B24",
        "B38",
        "B54",
        "B55",
        "B56",
        "B59",
        "C05",
        "C24",
        "C50",
        "C52"
      ],
      "weight": 4277,
      "utility_player1": 8419,
      "utility_player2": 8419,
      "normalized_u1": 61.43461762988909,
      "normalized_u2": 61.43461762988909,
      "harmonic_mean": 61.43461762988909,
      "normalized_harmonic_mean": 61.43461762988909,
      "pareto_optimum": null,
      "by": "Player 2",
      "turn": 6
    },
    {
      "items": [
        "A40",
        "A95",
        "B11",
        "B24",
        "B38",
        "B54",
        "B55",
        "B56",
        "B59",
        "B60",
        "C05",
        "C50"
      ],
      "weight": 3792,
      "utility_player1": 8332,
      "utility_player2": 8332,
      "normalized_u1": 60.79976649153532,
      "normalized_u2": 60.79976649153532,
      "harmonic_mean": 60.79976649153532,
      "normalized_harmonic_mean": 60.79976649153532,
      "pareto_optimum": null,
      "by": "Player 1",
      "turn": 7
    },
    {
      "items": [
        "A40",
        "A95",
        "B38",
        "B54",
        "B56",
        "B59",
        "C03",
        "C05",
        "C24",
        "C28",
        "C31",
        "C50",
        "C52"
      ],
      "weight": 5578,
      "utility_player1": 10102,
      "utility_player2": 10102,
      "normalized_u1": 73.71570344424985,
      "normalized_u2": 73.71570344424985,
      "harmonic_mean": 73.71570344424985,
      "normalized_harmonic_mean": 73.71570344424985,
      "pareto_optimum": null,
      "by": "Player 2",
      "turn": 7
    }
  ],
  "refusals": [
    {
      "items": [
        "A40",
        "A81",
        "A91",
        "A95",
        "B11",
        "B38",
        "B54",
        "B55",
        "B56",
        "B59",
        "B96",
        "C05",
        "C16",
        "C24",
        "C28",
        "C31",
        "C50",
        "C52"
      ],
      "weight": 7484,
      "utility_player1": 12805,
      "utility_player2": 12805,
      "normalized_u1": 93.43987157034442,
      "normalized_u2": 93.43987157034442,
      "harmonic_mean": 93.43987157034442,
      "normalized_harmonic_mean": 93.43987157034442,
      "pareto_optimum": null,
      "by": "Player 2",
      "turn": 3
    },
    {
      "items": [
        "A40",
        "A81",
        "A95",
        "B11",
        "B38",
        "B54",
        "B55",
        "B56",
        "B59",
        "C05",
        "C16",
        "C24",
        "C28",
        "C31",
        "C50",
        "C52"
      ],
      "weight": 6879,
      "utility_player1": 11742,
      "utility_player2": 11742,
      "normalized_u1": 85.68301225919438,
      "normalized_u2": 85.68301225919438,
      "harmonic_mean": 85.68301225919438,
      "normalized_harmonic_mean": 85.68301225919438,
      "pareto_optimum": null,
      "by": "Player 2",
      "turn": 4
    },
    {
      "items": [
        "A40",
        "A81",
        "A95",
        "B11",
        "B38",
        "B54",
        "B55",
        "B56",
        "B59",
        "C05",
        "C16",
        "C24",
        "C28",
        "C31",
        "C50",
        "C52"
      ],
      "weight": 6879,
      "utility_player1": 11742,
      "utility_player2": 11742,
      "normalized_u1": 85.68301225919438,
      "normalized_u2": 85.68301225919438,
      "harmonic_mean": 85.68301225919438,
      "normalized_harmonic_mean": 85.68301225919438,
      "pareto_optimum": null,
      "by": "Player 2",
      "turn": 5
    }
  ],
  "agreement": {
    "items": [
      "A40",
      "A95",
      "B38",
      "B54",
      "B56",
      "B59",
      "C03",
      "C05",
      "C24",
      "C28",
      "C31",
      "C50",
      "C52"
    ],
    "weight": 5578,
    "utility_player1": 10102,
    "utility_player2": 10102,
    "normalized_u1": 73.71570344424985,
    "normalized_u2": 73.71570344424985,
    "harmonic_mean": 73.71570344424985,
    "normalized_harmonic_mean": 73.71570344424985,
    "pareto_optimum": null,
    "by": "Player 1",
    "turn": 8
  },
  "max_weight": 7868,
  "scores": {
    "player1_score": 10102,