{
  "results_folder": "nemotron-nano-9b-v2-t1.0",
  "game_id": 0,
  "proposals": [
    {
      "items": [
        "A08",
        "A16",
        "A30",
        "A58",
        "A66",
        "A84",
        "B09",
        "B46",
        "B60",
        "B75",
        "B85",
        "B94",
        "C12",
        "C15",
        "C24",
        "C34",
        "C65"
      ],
      "weight": 5489,
      "utility_player1": 10187,
      "utility_player2": 10187,
      "normalized_u1": 69.79309399835572,
      "normalized_u2": 69.79309399835572,
      "harmonic_mean": 69.79309399835572,
      "normalized_harmonic_mean": 69.79309399835572,
      "pareto_optimum": null,
      "by": "Player 1",
      "turn": 1
    },
    {
      "items": [
        "A08",
        "A16",
        "A30",
        "A58",
        "A66",
        "A84",
        "B09",
        "B46",
        "B60",
        "B75",
        "B94",
        "C12",
        "C15",
        "C24",
        "C34",
        "C65"
      ],
      "weight": 5095,
      "utility_player1": 9787,
      "utility_player2": 9787,
      "normalized_u1": 67.05261715538504,
      "normalized_u2": 67.05261715538504,
      "harmonic_mean": 67.05261715538504,
      "normalized_harmonic_mean": 67.05261715538504,
      "pareto_optimum": null,
      "by": "Player 1",
      "turn": 2
    },
    {
      "items": [
        "A08",
        "A16",
        "A30",
        "A58",
        "A66",
        "A84",
        "B09",
        "B46",
        "B60",
        "B75",
        "B94",
        "C12",
        "C15",
        "C24",
        "C34",
        "C65"
      ],
      "weight": 5095,
      "utility_player1": 9787,
      "utility_player2": 9787,
      "normalized_u1": 67.05261715538504,
      "normalized_u2": 67.05261715538504,
      "harmonic_mean": 67.05261715538504,
      "normalized_harmonic_mean": 67.05261715538504,
      "pareto_optimum": null,
      "by": "Player 1",
      "turn": 3
    }
  ],
  "agreement": null,
  "max_weight": 7605,
  "scores": {},
  "max_u1": 14596,
  "max_u2": 14596,
  "max_harmonic": 1,
  "player1_optimum": {
    "items": [
      "A05",
      "A08",
      "A16",
      "A27",
      "A30",
      "A58",
      "A66",
      "A84",
      "B09",
      "B10",
      "B12",
      "B46",
      "B60",
      "B67",
      "B69",
      "B85",
      "B94",
      "C12",
      "C15",
      "C34",
      "C35",
      "C70"
    ],
    "utility_player1": 14596,
    "utility_player2": 14596,
    "pareto_optimum": null
  },
  "player2_optimum": {
    "items": [
      "A05",
      "A08",
      "A16",
      "A27",
      "A30",
      "A58",
      "A66",
      "A84",
      "B09",
      "B10",
      "B12",
      "B46",
      "B60",
      "B67",
      "B69",
      "B85",
      "B94",
      "C12",
      "C15",
      "C34",
      "C35",
      "C70"
    ],
    "utility_player1": 14596,
    "utility_player2": 14596,
    "pareto_optimum": null
  },
  "global_optimum": null
}