{
  "results_folder": "nemotron-nano-9b-v2-t1.0",
  "game_id": 4,
  "proposals": [
    {
      "items": [
        "A40",
        "A91",
        "A95",
        "B38",
        "B54",
        "B56",
        "B59",
        "B75",
        "C05",
        "C16",
        "C24",
        "C31",
        "C61"
      ],
      "weight": 5744,
      "utility_player1": 8895,
      "utility_player2": 8895,
      "normalized_u1": 63.12539919097296,
      "normalized_u2": 63.12539919097296,
      "harmonic_mean": 63.12539919097296,
      "normalized_harmonic_mean": 63.12539919097296,
      "pareto_optimum": null,
      "by": "Player 1",
      "turn": 1
    },
    {
      "items": [
        "B54",
        "B55",
        "B56",
        "B59",
        "C52"
      ],
      "weight": 3958,
      "utility_player1": 3654,
      "utility_player2": 3654,
      "normalized_u1": 25.93144560357675,
      "normalized_u2": 25.93144560357675,
      "harmonic_mean": 25.93144560357675,
      "normalized_harmonic_mean": 25.93144560357675,
      "pareto_optimum": null,
      "by": "Player 2",
      "turn": 2
    },
    {
      "items": [
        "B55",
        "B56",
        "B59",
        "C52",
        "C54"
      ],
      "weight": 3357,
      "utility_player1": 2816,
      "utility_player2": 2816,
      "normalized_u1": 19.984387197501952,
      "normalized_u2": 19.984387197501952,
      "harmonic_mean": 19.984387197501952,
      "normalized_harmonic_mean": 19.984387197501952,
      "pareto_optimum": null,
      "by": "Player 2",
      "turn": 2
    }
  ],
  "refusals": [],
  "agreement": null,
  "max_weight": 9612,
  "scores": {
    "pareto_adherence_rate": null,
    "alternation_rate": 0.5,
    "avg_normalized_substitutions": 0.6615384615384616
  },
  "max_u1": 14091,
  "max_u2": 14091,
  "max_harmonic": 1,
  "nb_proposals": 3,
  "normalized_substitutions_per_proposal": [
    0.9230769230769231,
    0.4
  ],
  "player1_optimum": {
    "items": [
      "A40",
      "A77",
      "A81",
      "A91",
      "A93",
      "A95",
      "B38",
      "B54",
      "B56",
      "B59",
      "B75",
      "B86",
      "B96",
      "C03",
      "C05",
      "C16",
      "C24",
      "C28",
      "C31",
      "C50",
      "C54",
      "C61"
    ],
    "utility_player1": 14091,
    "utility_player2": 14091,
    "pareto_optimum": null
  },
  "player2_optimum": {
    "items": [
      "A40",
      "A77",
      "A81",
      "A91",
      "A93",
      "A95",
      "B38",
      "B54",
      "B56",
      "B59",
      "B75",
      "B86",
      "B96",
      "C03",
      "C05",
      "C16",
      "C24",
      "C28",
      "C31",
      "C50",
      "C54",
      "C61"
    ],
    "utility_player1": 14091,
    "utility_player2": 14091,
    "pareto_optimum": null
  }
}