{
  "results_folder": "gpt-5-2025-08-07-no-reasoning-t1.0",
  "game_id": 3,
  "proposals": [
    {
      "items": [
        "A08",
        "A16",
        "A27",
        "A30",
        "A58",
        "A66",
        "A84",
        "A89",
        "B09",
        "B12",
        "B45",
        "B46",
        "B60",
        "B67",
        "B94",
        "C12",
        "C15",
        "C34",
        "C70",
        "C81"
      ],
      "weight": 8689,
      "utility_player1": 14325,
      "utility_player2": 14325,
      "normalized_u1": 93.58463448095642,
      "normalized_u2": 93.58463448095642,
      "harmonic_mean": 93.58463448095642,
      "normalized_harmonic_mean": 93.58463448095642,
      "pareto_optimum": null,
      "by": "Player 1",
      "turn": 1
    },
    {
      "items": [
        "A08",
        "A16",
        "A27",
        "A30",
        "A66",
        "A84",
        "A89",
        "B09",
        "B10",
        "B12",
        "B45",
        "B46",
        "B60",
        "B67",
        "B94",
        "C12",
        "C15",
        "C34",
        "C70",
        "C81"
      ],
      "weight": 8553,
      "utility_player1": 14491,
      "utility_player2": 14491,
      "normalized_u1": 94.66910563794343,
      "normalized_u2": 94.66910563794343,
      "harmonic_mean": 94.66910563794343,
      "normalized_harmonic_mean": 94.66910563794343,
      "pareto_optimum": null,
      "by": "Player 2",
      "turn": 1
    }
  ],
  "refusals": [],
  "agreement": {
    "items": [
      "A08",
      "A16",
      "A27",
      "A30",
      "A66",
      "A84",
      "A89",
      "B09",
      "B10",
      "B12",
      "B45",
      "B46",
      "B60",
      "B67",
      "B94",
      "C12",
      "C15",
      "C34",
      "C70",
      "C81"
    ],
    "weight": 8553,
    "utility_player1": 14491,
    "utility_player2": 14491,
    "normalized_u1": 94.66910563794343,
    "normalized_u2": 94.66910563794343,
    "harmonic_mean": 94.66910563794343,
    "normalized_harmonic_mean": 94.66910563794343,
    "pareto_optimum": null,
    "by": "Player 1",
    "turn": 2
  },
  "max_weight": 8770,
  "scores": {
    "player1_score": 14491,
    "player2_score": 14491,
    "normalized_u1": 94.66910563794343,
    "normalized_u2": 94.66910563794343,
    "harmonic_mean": 94.66910563794343,
    "normalized_harmonic_mean": 94.66910563794343,
    "episode_score": 50.0,
    "pareto_optimum": null,
    "pareto_adherence_rate": null,
    "alternation_rate": 1.0
  },
  "max_u1": 15307,
  "max_u2": 15307,
  "max_harmonic": 1,
  "nb_proposals": 2,
  "player1_optimum": {
    "items": [
      "A08",
      "A16",
      "A27",
      "A30",
      "A58",
      "A66",
      "A84",
      "A89",
      "B00",
      "B09",
      "B10",
      "B12",
      "B45",
      "B46",
      "B60",
      "B67",
      "B94",
      "C15",
      "C34",
      "C35",
      "C70",
      "C81"
    ],
    "utility_player1": 15307,
    "utility_player2": 15307,
    "pareto_optimum": null
  },
  "player2_optimum": {
    "items": [
      "A08",
      "A16",
      "A27",
      "A30",
      "A58",
      "A66",
      "A84",
      "A89",
      "B00",
      "B09",
      "B10",
      "B12",
      "B45",
      "B46",
      "B60",
      "B67",
      "B94",
      "C15",
      "C34",
      "C35",
      "C70",
      "C81"
    ],
    "utility_player1": 15307,
    "utility_player2": 15307,
    "pareto_optimum": null
  },
  "global_optimum": null
}