{
  "results_folder": "claude-sonnet-4-20250514-t1.0",
  "game_id": 1,
  "proposals": [
    {
      "items": [
        "A23",
        "A34",
        "A42",
        "A48",
        "A50",
        "A59",
        "A62",
        "A65",
        "A69",
        "A74",
        "A84",
        "A87",
        "A90",
        "A99",
        "B07",
        "B17",
        "B27",
        "B36",
        "B44",
        "B49",
        "B85",
        "C12",
        "C13",
        "C23",
        "C33",
        "C51",
        "C60",
        "C61",
        "C72",
        "C77",
        "C90"
      ],
      "weight": 12735,
      "utility_player1": 0,
      "utility_player2": 0,
      "normalized_u1": 0,
      "normalized_u2": 0,
      "harmonic_mean": 150.35888601780073,
      "normalized_harmonic_mean": 0,
      "pareto_optimum": null,
      "by": "Player 1",
      "turn": 1
    },
    {
      "items": [
        "A23",
        "A34",
        "A42",
        "A50",
        "A62",
        "A69",
        "A84",
        "A90",
        "A99",
        "B07",
        "B27",
        "B36",
        "B44",
        "B49",
        "B85",
        "C12",
        "C13",
        "C23",
        "C33",
        "C51",
        "C60",
        "C61",
        "C72",
        "C77"
      ],
      "weight": 7650,
      "utility_player1": 9954,
      "utility_player2": 9954,
      "normalized_u1": 95.26270456503015,
      "normalized_u2": 95.26270456503015,
      "harmonic_mean": 95.26270456503015,
      "normalized_harmonic_mean": 95.26270456503015,
      "pareto_optimum": null,
      "by": "Player 1",
      "turn": 2
    },
    {
      "items": [
        "A23",
        "A34",
        "A42",
        "A50",
        "A62",
        "A69",
        "A84",
        "A90",
        "A99",
        "B07",
        "B27",
        "B44",
        "B49",
        "C12",
        "C23",
        "C33",
        "C51",
        "C60",
        "C61",
        "C72"
      ],
      "weight": 5112,
      "utility_player1": 7032,
      "utility_player2": 7032,
      "normalized_u1": 67.29830605799599,
      "normalized_u2": 67.29830605799599,
      "harmonic_mean": 67.29830605799599,
      "normalized_harmonic_mean": 67.29830605799599,
      "pareto_optimum": null,
      "by": "Player 1",
      "turn": 3
    },
    {
      "items": [
        "A23",
        "A34",
        "A42",
        "A50",
        "A62",
        "A65",
        "A69",
        "A84",
        "A90",
        "A99",
        "B07",
        "B27",
        "B44",
        "B49",
        "B54",
        "C12",
        "C23",
        "C33",
        "C51",
        "C60",
        "C61",
        "C72"
      ],
      "weight": 6813,
      "utility_player1": 8925,
      "utility_player2": 8925,
      "normalized_u1": 85.41487223657766,
      "normalized_u2": 85.41487223657766,
      "harmonic_mean": 85.41487223657766,
      "normalized_harmonic_mean": 85.41487223657766,
      "pareto_optimum": null,
      "by": "Player 2",
      "turn": 3
    }
  ],
  "refusals": [
    {
      "items": [
        "A23",
        "A34",
        "A42",
        "A50",
        "A62",
        "A69",
        "A84",
        "A90",
        "A99",
        "B07",
        "B27",
        "B36",
        "B44",
        "B49",
        "B85",
        "C12",
        "C13",
        "C23",
        "C33",
        "C51",
        "C60",
        "C61",
        "C72",
        "C77"
      ],
      "weight": 7650,
      "utility_player1": 9954,
      "utility_player2": 9954,
      "normalized_u1": 95.26270456503015,
      "normalized_u2": 95.26270456503015,
      "harmonic_mean": 95.26270456503015,
      "normalized_harmonic_mean": 95.26270456503015,
      "pareto_optimum": null,
      "by": "Player 2",
      "turn": 2
    },
    {
      "items": [
        "A23",
        "A34",
        "A42",
        "A50",
        "A62",
        "A69",
        "A84",
        "A90",
        "A99",
        "B07",
        "B27",
        "B36",
        "B44",
        "B49",
        "B85",
        "C12",
        "C13",
        "C23",
        "C33",
        "C51",
        "C60",
        "C61",
        "C72",
        "C77"
      ],
      "weight": 7650,
      "utility_player1": 9954,
      "utility_player2": 9954,
      "normalized_u1": 95.26270456503015,
      "normalized_u2": 95.26270456503015,
      "harmonic_mean": 95.26270456503015,
      "normalized_harmonic_mean": 95.26270456503015,
      "pareto_optimum": null,
      "by": "Player 2",
      "turn": 2
    }
  ],
  "agreement": {
    "items": [
      "A23",
      "A34",
      "A42",
      "A50",
      "A62",
      "A65",
      "A69",
      "A84",
      "A90",
      "A99",
      "B07",
      "B27",
      "B44",
      "B49",
      "B54",
      "C12",
      "C23",
      "C33",
      "C51",
      "C60",
      "C61",
      "C72"
    ],
    "weight": 6813,
    "utility_player1": 8925,
    "utility_player2": 8925,
    "normalized_u1": 85.41487223657766,
    "normalized_u2": 85.41487223657766,
    "harmonic_mean": 85.41487223657766,
    "normalized_harmonic_mean": 85.41487223657766,
    "pareto_optimum": null,
    "by": "Player 1",
    "turn": 4
  },
  "max_weight": 8145,
  "scores": {
    "player1_score": 8925,
    "player2_score": 8925,
    "normalized_u1": 85.41487223657766,
    "normalized_u2": 85.41487223657766,
    "harmonic_mean": 85.41487223657766,
    "normalized_harmonic_mean": 85.41487223657766,
    "episode_score": 25.0,
    "pareto_optimum": null,
    "pareto_adherence_rate": null,
    "alternation_rate": 0.3333333333333333
  },
  "max_u1": 10449,
  "max_u2": 10449,
  "max_harmonic": 1,
  "nb_proposals": 4,
  "player1_optimum": {
    "items": [
      "A23",
      "A34",
      "A42",
      "A50",
      "A62",
      "A65",
      "A69",
      "A84",
      "A90",
      "B07",
      "B27",
      "B36",
      "B49",
      "B85",
      "C12",
      "C13",
      "C23",
      "C33",
      "C51",
      "C60",
      "C61",
      "C72",
      "C77",
      "C90"
    ],
    "utility_player1": 10449,
    "utility_player2": 10449,
    "pareto_optimum": null
  },
  "player2_optimum": {
    "items": [
      "A23",
      "A34",
      "A42",
      "A50",
      "A62",
      "A65",
      "A69",
      "A84",
      "A90",
      "B07",
      "B27",
      "B36",
      "B49",
      "B85",
      "C12",
      "C13",
      "C23",
      "C33",
      "C51",
      "C60",
      "C61",
      "C72",
      "C77",
      "C90"
    ],
    "utility_player1": 10449,
    "utility_player2": 10449,
    "pareto_optimum": null
  },
  "global_optimum": null
}