{
  "results_folder": "gpt-5-mini-2025-08-07-no-reasoning-t1.0",
  "game_id": 5,
  "proposals": [
    {
      "items": [
        "A23",
        "A34",
        "A48",
        "A50",
        "A59",
        "A65",
        "A69",
        "A74",
        "A84",
        "A87",
        "A99",
        "B17",
        "B27",
        "B36",
        "B44",
        "B49",
        "B54",
        "C12",
        "C22",
        "C23",
        "C33",
        "C60",
        "C61",
        "C72",
        "C77",
        "C98"
      ],
      "weight": 7060,
      "utility_player1": 9608,
      "utility_player2": 9608,
      "normalized_u1": 97.06030912213355,
      "normalized_u2": 97.06030912213355,
      "harmonic_mean": 97.06030912213355,
      "normalized_harmonic_mean": 97.06030912213355,
      "pareto_optimum": null,
      "by": "Player 1",
      "turn": 1
    },
    {
      "items": [
        "A23",
        "A34",
        "A48",
        "A50",
        "A59",
        "A65",
        "A69",
        "A74",
        "A84",
        "A87",
        "A99",
        "B17",
        "B27",
        "B36",
        "B44",
        "B49",
        "B54",
        "C12",
        "C22",
        "C23",
        "C33",
        "C60",
        "C61",
        "C72",
        "C77",
        "C98"
      ],
      "weight": 7060,
      "utility_player1": 9608,
      "utility_player2": 9608,
      "normalized_u1": 97.06030912213355,
      "normalized_u2": 97.06030912213355,
      "harmonic_mean": 97.06030912213355,
      "normalized_harmonic_mean": 97.06030912213355,
      "pareto_optimum": null,
      "by": "Player 1",
      "turn": 2
    },
    {
      "items": [
        "A23",
        "A34",
        "A48",
        "A50",
        "A59",
        "A65",
        "A69",
        "A74",
        "A84",
        "A87",
        "A99",
        "B07",
        "B17",
        "B27",
        "B36",
        "B49",
        "B54",
        "C12",
        "C22",
        "C23",
        "C33",
        "C60",
        "C61",
        "C72",
        "C77",
        "C98"
      ],
      "weight": 7309,
      "utility_player1": 9857,
      "utility_player2": 9857,
      "normalized_u1": 99.57571471865845,
      "normalized_u2": 99.57571471865845,
      "harmonic_mean": 99.57571471865845,
      "normalized_harmonic_mean": 99.57571471865845,
      "pareto_optimum": null,
      "by": "Player 2",
      "turn": 2
    }
  ],
  "refusals": [],
  "agreement": {
    "items": [
      "A23",
      "A34",
      "A48",
      "A50",
      "A59",
      "A65",
      "A69",
      "A74",
      "A84",
      "A87",
      "A99",
      "B07",
      "B17",
      "B27",
      "B36",
      "B49",
      "B54",
      "C12",
      "C22",
      "C23",
      "C33",
      "C60",
      "C61",
      "C72",
      "C77",
      "C98"
    ],
    "weight": 7309,
    "utility_player1": 9857,
    "utility_player2": 9857,
    "normalized_u1": 99.57571471865845,
    "normalized_u2": 99.57571471865845,
    "harmonic_mean": 99.57571471865845,
    "normalized_harmonic_mean": 99.57571471865845,
    "pareto_optimum": null,
    "by": "Player 1",
    "turn": 3
  },
  "max_weight": 7351,
  "scores": {
    "player1_score": 9857,
    "player2_score": 9857,
    "normalized_u1": 99.57571471865845,
    "normalized_u2": 99.57571471865845,
    "harmonic_mean": 99.57571471865845,
    "normalized_harmonic_mean": 99.57571471865845,
    "episode_score": 33.333333333333336,
    "pareto_optimum": null,
    "pareto_adherence_rate": null,
    "alternation_rate": 0.5,
    "avg_normalized_substitutions": 0.038461538461538464
  },
  "max_u1": 9899,
  "max_u2": 9899,
  "max_harmonic": 1,
  "nb_proposals": 3,
  "normalized_substitutions_per_proposal": [
    0.0,
    0.07692307692307693
  ],
  "player1_optimum": {
    "items": [
      "A23",
      "A34",
      "A42",
      "A48",
      "A50",
      "A59",
      "A62",
      "A65",
      "A69",
      "A74",
      "A84",
      "A87",
      "A99",
      "B17",
      "B27",
      "B36",
      "B44",
      "B49",
      "B54",
      "C12",
      "C22",
      "C23",
      "C60",
      "C61",
      "C77",
      "C98"
    ],
    "utility_player1": 9899,
    "utility_player2": 9899,
    "pareto_optimum": null
  },
  "player2_optimum": {
    "items": [
      "A23",
      "A34",
      "A42",
      "A48",
      "A50",
      "A59",
      "A62",
      "A65",
      "A69",
      "A74",
      "A84",
      "A87",
      "A99",
      "B17",
      "B27",
      "B36",
      "B44",
      "B49",
      "B54",
      "C12",
      "C22",
      "C23",
      "C60",
      "C61",
      "C77",
      "C98"
    ],
    "utility_player1": 9899,
    "utility_player2": 9899,
    "pareto_optimum": null
  }
}