{
  "results_folder": "claude-sonnet-4-20250514-t1.0",
  "game_id": 4,
  "proposals": [
    {
      "items": [
        "A07",
        "B38",
        "C00",
        "C08",
        "C10",
        "C38",
        "C56",
        "C62",
        "C81",
        "C98"
      ],
      "weight": 2783,
      "utility_player1": 5518,
      "utility_player2": 5025,
      "normalized_u1": 100.0,
      "normalized_u2": 74.27937915742794,
      "harmonic_mean": 85.24173027989822,
      "normalized_harmonic_mean": 91.91053450942735,
      "pareto_optimum": true,
      "by": "Player 1",
      "turn": 1
    },
    {
      "items": [
        "A83",
        "B38",
        "C00",
        "C08",
        "C10",
        "C38",
        "C62",
        "C76",
        "C81",
        "C98"
      ],
      "weight": 2375,
      "utility_player1": 4070,
      "utility_player2": 6374,
      "normalized_u1": 73.75860819137368,
      "normalized_u2": 94.22025129342202,
      "harmonic_mean": 82.74320495042188,
      "normalized_harmonic_mean": 89.21653947010249,
      "pareto_optimum": false,
      "by": "Player 2",
      "turn": 1
    },
    {
      "items": [
        "A03",
        "A07",
        "B38",
        "C00",
        "C10",
        "C38",
        "C62",
        "C81",
        "C98"
      ],
      "weight": 2779,
      "utility_player1": 5351,
      "utility_player2": 4259,
      "normalized_u1": 96.97354113809351,
      "normalized_u2": 62.956393200295636,
      "harmonic_mean": 76.34723807235886,
      "normalized_harmonic_mean": 82.32019031650027,
      "pareto_optimum": false,
      "by": "Player 1",
      "turn": 2
    },
    {
      "items": [
        "A03",
        "A07",
        "B38",
        "C00",
        "C08",
        "C10",
        "C38",
        "C62",
        "C81",
        "C98"
      ],
      "weight": 2904,
      "utility_player1": 5472,
      "utility_player2": 5081,
      "normalized_u1": 99.16636462486407,
      "normalized_u2": 75.10716925351072,
      "harmonic_mean": 85.47603031144183,
      "normalized_harmonic_mean": 92.16316477706783,
      "pareto_optimum": true,
      "by": "Player 2",
      "turn": 2
    }
  ],
  "refusals": [
    {
      "items": [
        "A07",
        "B38",
        "C00",
        "C08",
        "C10",
        "C38",
        "C56",
        "C62",
        "C81",
        "C98"
      ],
      "weight": 2783,
      "utility_player1": 5518,
      "utility_player2": 5025,
      "normalized_u1": 100.0,
      "normalized_u2": 74.27937915742794,
      "harmonic_mean": 85.24173027989822,
      "normalized_harmonic_mean": 91.91053450942735,
      "pareto_optimum": true,
      "by": "Player 2",
      "turn": 1
    },
    {
      "items": [
        "A83",
        "B38",
        "C00",
        "C08",
        "C10",
        "C38",
        "C62",
        "C76",
        "C81",
        "C98"
      ],
      "weight": 2375,
      "utility_player1": 4070,
      "utility_player2": 6374,
      "normalized_u1": 73.75860819137368,
      "normalized_u2": 94.22025129342202,
      "harmonic_mean": 82.74320495042188,
      "normalized_harmonic_mean": 89.21653947010249,
      "pareto_optimum": false,
      "by": "Player 1",
      "turn": 2
    },
    {
      "items": [
        "A03",
        "A07",
        "B38",
        "C00",
        "C10",
        "C38",
        "C62",
        "C81",
        "C98"
      ],
      "weight": 2779,
      "utility_player1": 5351,
      "utility_player2": 4259,
      "normalized_u1": 96.97354113809351,
      "normalized_u2": 62.956393200295636,
      "harmonic_mean": 76.34723807235886,
      "normalized_harmonic_mean": 82.32019031650027,
      "pareto_optimum": false,
      "by": "Player 2",
      "turn": 2
    }
  ],
  "agreement": {
    "items": [
      "A03",
      "A07",
      "B38",
      "C00",
      "C08",
      "C10",
      "C38",
      "C62",
      "C81",
      "C98"
    ],
    "weight": 2904,
    "utility_player1": 5472,
    "utility_player2": 5081,
    "normalized_u1": 99.16636462486407,
    "normalized_u2": 75.10716925351072,
    "harmonic_mean": 85.47603031144183,
    "normalized_harmonic_mean": 92.16316477706783,
    "pareto_optimum": true,
    "by": "Player 1",
    "turn": 3
  },
  "max_weight": 2984,
  "scores": {
    "player1_score": 5472,
    "player2_score": 5081,
    "normalized_u1": 99.16636462486407,
    "normalized_u2": 75.10716925351072,
    "harmonic_mean": 85.47603031144183,
    "normalized_harmonic_mean": 92.16316477706783,
    "episode_score": 33.333333333333336,
    "pareto_optimum": true,
    "pareto_adherence_rate": 0.5
  },
  "max_u1": 5518,
  "max_u2": 6765,
  "max_harmonic": 92.74424388333297,
  "nb_proposals": 4,
  "player1_optimum": {
    "items": [
      "A07",
      "B38",
      "C00",
      "C08",
      "C10",
      "C38",
      "C56",
      "C62",
      "C81",
      "C98"
    ],
    "utility_player1": 5518,
    "utility_player2": 5025,
    "pareto_optimum": true
  },
  "player2_optimum": {
    "items": [
      "A83",
      "B38",
      "C03",
      "C08",
      "C10",
      "C38",
      "C62",
      "C76",
      "C81",
      "C98"
    ],
    "utility_player1": 3679,
    "utility_player2": 6765,
    "pareto_optimum": true
  },
  "global_optimum": {
    "items": [
      "A07",
      "A83",
      "B38",
      "C00",
      "C08",
      "C10",
      "C38",
      "C62",
      "C76",
      "C81",
      "C98"
    ],
    "utility_player1": 4853,
    "utility_player2": 6636,
    "harmonic_mean": 92.74424388333297,
    "pareto_optimum": true
  }
}