{
  "results_folder": "claude-sonnet-4-20250514-t1.0",
  "game_id": 3,
  "proposals": [
    {
      "items": [
        "A23",
        "A34",
        "A42",
        "A48",
        "A50",
        "A59",
        "A62",
        "A65",
        "A69",
        "A74",
        "A84",
        "A87",
        "A90",
        "A99",
        "B07",
        "B17",
        "B27",
        "B36",
        "B44",
        "B49",
        "B54",
        "B85",
        "C12",
        "C13",
        "C22",
        "C23",
        "C33",
        "C51",
        "C60",
        "C61",
        "C72",
        "C77",
        "C90",
        "C98",
        "C99"
      ],
      "weight": 13876,
      "utility_player1": 0,
      "utility_player2": 0,
      "normalized_u1": 0,
      "normalized_u2": 0,
      "harmonic_mean": 180.804921280367,
      "normalized_harmonic_mean": 0,
      "pareto_optimum": null,
      "by": "Player 1",
      "turn": 1
    },
    {
      "items": [
        "A23",
        "A34",
        "A42",
        "A48",
        "A50",
        "A59",
        "A62",
        "A69",
        "A74",
        "A84",
        "A87",
        "A90",
        "A99",
        "B07",
        "B17",
        "B27",
        "B36",
        "B44",
        "B49",
        "B85",
        "C12",
        "C22",
        "C23",
        "C33",
        "C51",
        "C60",
        "C61",
        "C77",
        "C90",
        "C98",
        "C99"
      ],
      "weight": 10078,
      "utility_player1": 0,
      "utility_player2": 0,
      "normalized_u1": 0,
      "normalized_u2": 0,
      "harmonic_mean": 137.07642581586904,
      "normalized_harmonic_mean": 0,
      "pareto_optimum": null,
      "by": "Player 1",
      "turn": 2
    },
    {
      "items": [
        "A65",
        "A74",
        "B36",
        "B54",
        "C13",
        "C72"
      ],
      "weight": 5475,
      "utility_player1": 6069,
      "utility_player2": 6069,
      "normalized_u1": 63.27807319361902,
      "normalized_u2": 63.27807319361902,
      "harmonic_mean": 63.27807319361902,
      "normalized_harmonic_mean": 63.27807319361902,
      "pareto_optimum": null,
      "by": "Player 2",
      "turn": 2
    },
    {
      "items": [
        "A23",
        "A34",
        "A48",
        "A50",
        "A59",
        "A65",
        "A74",
        "A84",
        "A99",
        "B07",
        "B17",
        "B27",
        "B36",
        "B44",
        "B54",
        "C12",
        "C13",
        "C51",
        "C61",
        "C72"
      ],
      "weight": 6722,
      "utility_player1": 8702,
      "utility_player2": 8702,
      "normalized_u1": 90.73089354603275,
      "normalized_u2": 90.73089354603275,
      "harmonic_mean": 90.73089354603273,
      "normalized_harmonic_mean": 90.73089354603275,
      "pareto_optimum": null,
      "by": "Player 1",
      "turn": 3
    },
    {
      "items": [
        "A23",
        "A34",
        "A48",
        "A50",
        "A59",
        "A65",
        "A74",
        "A84",
        "A90",
        "A99",
        "B07",
        "B17",
        "B27",
        "B36",
        "B44",
        "B54",
        "C12",
        "C13",
        "C51",
        "C61",
        "C72"
      ],
      "weight": 7250,
      "utility_player1": 0,
      "utility_player2": 0,
      "normalized_u1": 0,
      "normalized_u2": 0,
      "harmonic_mean": 97.2682723386508,
      "normalized_harmonic_mean": 0,
      "pareto_optimum": null,
      "by": "Player 2",
      "turn": 3
    }
  ],
  "refusals": [
    {
      "items": [
        "A23",
        "A34",
        "A42",
        "A48",
        "A50",
        "A59",
        "A62",
        "A69",
        "A74",
        "A84",
        "A87",
        "A90",
        "A99",
        "B07",
        "B17",
        "B27",
        "B36",
        "B44",
        "B49",
        "B85",
        "C12",
        "C22",
        "C23",
        "C33",
        "C51",
        "C60",
        "C61",
        "C77",
        "C90",
        "C98",
        "C99"
      ],
      "weight": 10078,
      "utility_player1": 0,
      "utility_player2": 0,
      "normalized_u1": 0,
      "normalized_u2": 0,
      "harmonic_mean": 137.07642581586904,
      "normalized_harmonic_mean": 0,
      "pareto_optimum": null,
      "by": "Player 2",
      "turn": 2
    }
  ],
  "agreement": {
    "items": [
      "A23",
      "A34",
      "A48",
      "A50",
      "A59",
      "A65",
      "A74",
      "A84",
      "A90",
      "A99",
      "B07",
      "B17",
      "B27",
      "B36",
      "B44",
      "B54",
      "C12",
      "C13",
      "C51",
      "C61",
      "C72"
    ],
    "weight": 7250,
    "utility_player1": 0,
    "utility_player2": 0,
    "normalized_u1": 0,
    "normalized_u2": 0,
    "harmonic_mean": 97.2682723386508,
    "normalized_harmonic_mean": 0,
    "pareto_optimum": null,
    "by": "Player 1",
    "turn": 4
  },
  "max_weight": 6938,
  "scores": {
    "player1_score": 0,
    "player2_score": 0,
    "normalized_u1": 0,
    "normalized_u2": 0,
    "harmonic_mean": 97.2682723386508,
    "normalized_harmonic_mean": 0,
    "episode_score": 25.0,
    "pareto_optimum": null,
    "pareto_adherence_rate": null
  },
  "max_u1": 9591,
  "max_u2": 9591,
  "max_harmonic": 1,
  "nb_proposals": 5,
  "player1_optimum": {
    "items": [
      "A23",
      "A34",
      "A42",
      "A48",
      "A50",
      "A59",
      "A62",
      "A69",
      "A84",
      "A90",
      "A99",
      "B07",
      "B17",
      "B27",
      "B44",
      "B49",
      "B85",
      "C12",
      "C22",
      "C23",
      "C33",
      "C51",
      "C60",
      "C61",
      "C77",
      "C98",
      "C99"
    ],
    "utility_player1": 9591,
    "utility_player2": 9591,
    "pareto_optimum": null
  },
  "player2_optimum": {
    "items": [
      "A23",
      "A34",
      "A42",
      "A48",
      "A50",
      "A59",
      "A62",
      "A69",
      "A84",
      "A90",
      "A99",
      "B07",
      "B17",
      "B27",
      "B44",
      "B49",
      "B85",
      "C12",
      "C22",
      "C23",
      "C33",
      "C51",
      "C60",
      "C61",
      "C77",
      "C98",
      "C99"
    ],
    "utility_player1": 9591,
    "utility_player2": 9591,
    "pareto_optimum": null
  },
  "global_optimum": null
}