{
  "results_folder": "llama-3.3-70b-instruct-t1.0",
  "game_id": 1,
  "proposals": [
    {
      "items": [
        "A40",
        "B38",
        "B56",
        "C16",
        "C28"
      ],
      "weight": 1347,
      "utility_player1": 4118,
      "utility_player2": 4118,
      "normalized_u1": 28.046039637676223,
      "normalized_u2": 28.046039637676223,
      "harmonic_mean": 28.046039637676223,
      "normalized_harmonic_mean": 28.046039637676223,
      "pareto_optimum": null,
      "by": "Player 1",
      "turn": 1
    },
    {
      "items": [
        "A81",
        "B24",
        "B56",
        "C16",
        "C28"
      ],
      "weight": 885,
      "utility_player1": 3488,
      "utility_player2": 3488,
      "normalized_u1": 23.75536334536539,
      "normalized_u2": 23.75536334536539,
      "harmonic_mean": 23.75536334536539,
      "normalized_harmonic_mean": 23.75536334536539,
      "pareto_optimum": null,
      "by": "Player 2",
      "turn": 1
    },
    {
      "items": [
        "A81",
        "B24",
        "B56",
        "C05",
        "C16"
      ],
      "weight": 1350,
      "utility_player1": 3571,
      "utility_player2": 3571,
      "normalized_u1": 24.320642920384117,
      "normalized_u2": 24.320642920384117,
      "harmonic_mean": 24.320642920384117,
      "normalized_harmonic_mean": 24.320642920384117,
      "pareto_optimum": null,
      "by": "Player 1",
      "turn": 2
    },
    {
      "items": [
        "A40",
        "A81",
        "B56",
        "C05",
        "C16"
      ],
      "weight": 1106,
      "utility_player1": 4038,
      "utility_player2": 4038,
      "normalized_u1": 27.501191854525644,
      "normalized_u2": 27.501191854525644,
      "harmonic_mean": 27.501191854525644,
      "normalized_harmonic_mean": 27.501191854525644,
      "pareto_optimum": null,
      "by": "Player 2",
      "turn": 2
    }
  ],
  "refusals": [
    {
      "items": [
        "A40",
        "B38",
        "B56",
        "C16",
        "C28"
      ],
      "weight": 1347,
      "utility_player1": 4118,
      "utility_player2": 4118,
      "normalized_u1": 28.046039637676223,
      "normalized_u2": 28.046039637676223,
      "harmonic_mean": 28.046039637676223,
      "normalized_harmonic_mean": 28.046039637676223,
      "pareto_optimum": null,
      "by": "Player 2",
      "turn": 1
    }
  ],
  "agreement": {
    "items": [
      "A40",
      "A81",
      "B56",
      "C05",
      "C16"
    ],
    "weight": 1106,
    "utility_player1": 4038,
    "utility_player2": 4038,
    "normalized_u1": 27.501191854525644,
    "normalized_u2": 27.501191854525644,
    "harmonic_mean": 27.501191854525644,
    "normalized_harmonic_mean": 27.501191854525644,
    "pareto_optimum": null,
    "by": "Player 1",
    "turn": 3
  },
  "max_weight": 8170,
  "scores": {
    "player1_score": 4038,
    "player2_score": 4038,
    "normalized_u1": 27.501191854525644,
    "normalized_u2": 27.501191854525644,
    "harmonic_mean": 27.501191854525644,
    "normalized_harmonic_mean": 27.501191854525644,
    "episode_score": 33.333333333333336,
    "pareto_optimum": null,
    "pareto_adherence_rate": null,
    "alternation_rate": 1.0
  },
  "max_u1": 14683,
  "max_u2": 14683,
  "max_harmonic": 1,
  "nb_proposals": 4,
  "player1_optimum": {
    "items": [
      "A40",
      "A52",
      "A77",
      "A81",
      "A91",
      "A95",
      "B24",
      "B38",
      "B54",
      "B55",
      "B56",
      "B59",
      "B79",
      "B96",
      "C03",
      "C05",
      "C16",
      "C24",
      "C28",
      "C31",
      "C50",
      "C52"
    ],
    "utility_player1": 14683,
    "utility_player2": 14683,
    "pareto_optimum": null
  },
  "player2_optimum": {
    "items": [
      "A40",
      "A52",
      "A77",
      "A81",
      "A91",
      "A95",
      "B24",
      "B38",
      "B54",
      "B55",
      "B56",
      "B59",
      "B79",
      "B96",
      "C03",
      "C05",
      "C16",
      "C24",
      "C28",
      "C31",
      "C50",
      "C52"
    ],
    "utility_player1": 14683,
    "utility_player2": 14683,
    "pareto_optimum": null
  },
  "global_optimum": null
}