{
  "results_folder": "nemotron-nano-9b-v2-t1.0",
  "game_id": 1,
  "proposals": [
    {
      "items": [
        "A03",
        "A07",
        "B38",
        "C00",
        "C10",
        "C38",
        "C56",
        "C62",
        "C81",
        "C98"
      ],
      "weight": 3015,
      "utility_player1": 6219,
      "utility_player2": 4324,
      "normalized_u1": 95.04814305364512,
      "normalized_u2": 79.66101694915254,
      "harmonic_mean": 86.67698630868185,
      "normalized_harmonic_mean": 98.08652579365061,
      "pareto_optimum": true,
      "by": "Player 1",
      "turn": 1
    },
    {
      "items": [
        "A03",
        "A07",
        "B38",
        "C00",
        "C10",
        "C38",
        "C56",
        "C62",
        "C81",
        "C98"
      ],
      "weight": 3015,
      "utility_player1": 6219,
      "utility_player2": 4324,
      "normalized_u1": 95.04814305364512,
      "normalized_u2": 79.66101694915254,
      "harmonic_mean": 86.67698630868185,
      "normalized_harmonic_mean": 98.08652579365061,
      "pareto_optimum": true,
      "by": "Player 1",
      "turn": 2
    },
    {
      "items": [
        "A03",
        "A07",
        "B38",
        "C00",
        "C10",
        "C38",
        "C56",
        "C62",
        "C81",
        "C98"
      ],
      "weight": 3015,
      "utility_player1": 6219,
      "utility_player2": 4324,
      "normalized_u1": 95.04814305364512,
      "normalized_u2": 79.66101694915254,
      "harmonic_mean": 86.67698630868185,
      "normalized_harmonic_mean": 98.08652579365061,
      "pareto_optimum": true,
      "by": "Player 1",
      "turn": 4
    },
    {
      "items": [
        "A83",
        "C08",
        "C10",
        "C32",
        "C62",
        "C76",
        "C98"
      ],
      "weight": 3349,
      "utility_player1": 2363,
      "utility_player2": 4595,
      "normalized_u1": 36.114931988384534,
      "normalized_u2": 84.65364775239499,
      "harmonic_mean": 50.630068478218114,
      "normalized_harmonic_mean": 57.29464912447716,
      "pareto_optimum": false,
      "by": "Player 2",
      "turn": 6
    }
  ],
  "refusals": [],
  "agreement": {
    "items": [
      "A83",
      "C08",
      "C10",
      "C32",
      "C62",
      "C76",
      "C98"
    ],
    "weight": 3349,
    "utility_player1": 2363,
    "utility_player2": 4595,
    "normalized_u1": 36.114931988384534,
    "normalized_u2": 84.65364775239499,
    "harmonic_mean": 50.630068478218114,
    "normalized_harmonic_mean": 57.29464912447716,
    "pareto_optimum": false,
    "by": "Player 2",
    "turn": 6
  },
  "max_weight": 3357,
  "scores": {
    "player1_score": 2363,
    "player2_score": 4595,
    "normalized_u1": 36.114931988384534,
    "normalized_u2": 84.65364775239499,
    "harmonic_mean": 50.630068478218114,
    "normalized_harmonic_mean": 57.29464912447716,
    "episode_score": 14.285714285714286,
    "pareto_optimum": false,
    "pareto_adherence_rate": 0.75,
    "alternation_rate": 0.3333333333333333,
    "avg_normalized_substitutions": 0.3666666666666667
  },
  "max_u1": 6543,
  "max_u2": 5428,
  "max_harmonic": 88.3678829557369,
  "nb_proposals": 4,
  "normalized_substitutions_per_proposal": [
    0.0,
    0.0,
    1.1
  ],
  "player1_optimum": {
    "items": [
      "A03",
      "A07",
      "B38",
      "C00",
      "C10",
      "C32",
      "C38",
      "C56",
      "C62",
      "C98"
    ],
    "utility_player1": 6543,
    "utility_player2": 3879,
    "pareto_optimum": true
  },
  "player2_optimum": {
    "items": [
      "A03",
      "A07",
      "C00",
      "C08",
      "C10",
      "C38",
      "C62",
      "C76",
      "C81",
      "C98"
    ],
    "utility_player1": 4942,
    "utility_player2": 5428,
    "pareto_optimum": true
  }
}