{
  "results_folder": "nemotron-nano-9b-v2-t1.0",
  "game_id": 1,
  "proposals": [
    {
      "items": [
        "A36",
        "B16",
        "B73",
        "B93",
        "C11",
        "C13",
        "C34",
        "C45"
      ],
      "weight": 4028,
      "utility_player1": 5773,
      "utility_player2": 5773,
      "normalized_u1": 97.13949183913849,
      "normalized_u2": 97.13949183913849,
      "harmonic_mean": 97.13949183913849,
      "normalized_harmonic_mean": 97.13949183913849,
      "pareto_optimum": false,
      "by": "Player 1",
      "turn": 1
    },
    {
      "items": [
        "A36",
        "B16",
        "B73",
        "B93",
        "C11",
        "C13",
        "C34",
        "C45"
      ],
      "weight": 4028,
      "utility_player1": 5773,
      "utility_player2": 5773,
      "normalized_u1": 97.13949183913849,
      "normalized_u2": 97.13949183913849,
      "harmonic_mean": 97.13949183913849,
      "normalized_harmonic_mean": 97.13949183913849,
      "pareto_optimum": false,
      "by": "Player 1",
      "turn": 2
    },
    {
      "items": [
        "A36",
        "B16",
        "B73",
        "B93",
        "C11",
        "C13",
        "C34",
        "C45"
      ],
      "weight": 4028,
      "utility_player1": 5773,
      "utility_player2": 5773,
      "normalized_u1": 97.13949183913849,
      "normalized_u2": 97.13949183913849,
      "harmonic_mean": 97.13949183913849,
      "normalized_harmonic_mean": 97.13949183913849,
      "pareto_optimum": false,
      "by": "Player 1",
      "turn": 3
    }
  ],
  "refusals": [],
  "agreement": {
    "items": [
      "A36",
      "B16",
      "B73",
      "B93",
      "C11",
      "C13",
      "C34",
      "C45"
    ],
    "weight": 4028,
    "utility_player1": 5773,
    "utility_player2": 5773,
    "normalized_u1": 97.13949183913849,
    "normalized_u2": 97.13949183913849,
    "harmonic_mean": 97.13949183913849,
    "normalized_harmonic_mean": 97.13949183913849,
    "pareto_optimum": false,
    "by": "Player 2",
    "turn": 3
  },
  "max_weight": 4564,
  "scores": {
    "player1_score": 5773,
    "player2_score": 5773,
    "normalized_u1": 97.13949183913849,
    "normalized_u2": 97.13949183913849,
    "harmonic_mean": 97.13949183913849,
    "normalized_harmonic_mean": 97.13949183913849,
    "episode_score": 33.333333333333336,
    "pareto_optimum": false,
    "pareto_adherence_rate": 0.0,
    "alternation_rate": 0.0,
    "avg_normalized_substitutions": 0.0
  },
  "max_u1": 5943,
  "max_u2": 5943,
  "max_harmonic": 1,
  "nb_proposals": 3,
  "normalized_substitutions_per_proposal": [
    0.0,
    0.0
  ],
  "player1_optimum": {
    "items": [
      "A36",
      "B05",
      "B16",
      "B33",
      "B73",
      "B93",
      "C11",
      "C13",
      "C34"
    ],
    "utility_player1": 5943,
    "utility_player2": 5943,
    "pareto_optimum": true
  },
  "player2_optimum": {
    "items": [
      "A36",
      "B05",
      "B16",
      "B33",
      "B73",
      "B93",
      "C11",
      "C13",
      "C34"
    ],
    "utility_player1": 5943,
    "utility_player2": 5943,
    "pareto_optimum": true
  }
}