{
  "results_folder": "nemotron-nano-9b-v2-t1.0",
  "game_id": 4,
  "proposals": [
    {
      "items": [
        "A05",
        "A08",
        "A16",
        "A23",
        "A27",
        "A30",
        "A58",
        "A66",
        "B09",
        "B10",
        "B45",
        "B60",
        "B67",
        "B69",
        "B75",
        "B85",
        "C12",
        "C24",
        "C34",
        "C35",
        "C65",
        "C81"
      ],
      "weight": 9562,
      "utility_player1": 12108,
      "utility_player2": 12108,
      "normalized_u1": 85.92718756653183,
      "normalized_u2": 85.92718756653183,
      "harmonic_mean": 85.92718756653183,
      "normalized_harmonic_mean": 85.92718756653183,
      "pareto_optimum": null,
      "by": "Player 1",
      "turn": 1
    },
    {
      "items": [
        "A05",
        "A08",
        "A16",
        "A23",
        "A27",
        "A30",
        "A58",
        "A66",
        "B09",
        "B10",
        "B45",
        "B60",
        "B67",
        "B69",
        "B75",
        "B85",
        "C12",
        "C24",
        "C34",
        "C35",
        "C65",
        "C81"
      ],
      "weight": 9562,
      "utility_player1": 12108,
      "utility_player2": 12108,
      "normalized_u1": 85.92718756653183,
      "normalized_u2": 85.92718756653183,
      "harmonic_mean": 85.92718756653183,
      "normalized_harmonic_mean": 85.92718756653183,
      "pareto_optimum": null,
      "by": "Player 1",
      "turn": 2
    },
    {
      "items": [
        "A05",
        "A08",
        "A16",
        "A23",
        "A27",
        "A30",
        "A58",
        "A66",
        "B09",
        "B10",
        "B45",
        "B60",
        "B67",
        "B69",
        "B75",
        "B85",
        "C12",
        "C24",
        "C34",
        "C35",
        "C65",
        "C81"
      ],
      "weight": 9562,
      "utility_player1": 12108,
      "utility_player2": 12108,
      "normalized_u1": 85.92718756653183,
      "normalized_u2": 85.92718756653183,
      "harmonic_mean": 85.92718756653183,
      "normalized_harmonic_mean": 85.92718756653183,
      "pareto_optimum": null,
      "by": "Player 1",
      "turn": 3
    }
  ],
  "refusals": [],
  "agreement": null,
  "max_weight": 9612,
  "scores": {
    "pareto_adherence_rate": null,
    "alternation_rate": 0.0,
    "avg_normalized_substitutions": 0.0
  },
  "max_u1": 14091,
  "max_u2": 14091,
  "max_harmonic": 1,
  "nb_proposals": 3,
  "normalized_substitutions_per_proposal": [
    0.0,
    0.0
  ],
  "player1_optimum": {
    "items": [
      "A08",
      "A16",
      "A27",
      "A30",
      "A58",
      "A66",
      "B09",
      "B10",
      "B12",
      "B45",
      "B46",
      "B60",
      "B67",
      "B69",
      "B75",
      "B94",
      "C06",
      "C12",
      "C15",
      "C24",
      "C70",
      "C81"
    ],
    "utility_player1": 14091,
    "utility_player2": 14091,
    "pareto_optimum": null
  },
  "player2_optimum": {
    "items": [
      "A08",
      "A16",
      "A27",
      "A30",
      "A58",
      "A66",
      "B09",
      "B10",
      "B12",
      "B45",
      "B46",
      "B60",
      "B67",
      "B69",
      "B75",
      "B94",
      "C06",
      "C12",
      "C15",
      "C24",
      "C70",
      "C81"
    ],
    "utility_player1": 14091,
    "utility_player2": 14091,
    "pareto_optimum": null
  }
}