{
  "results_folder": "nemotron-nano-9b-v2-t1.0",
  "game_id": 0,
  "proposals": [
    {
      "items": [
        "A03",
        "A07",
        "C03",
        "C08",
        "C32",
        "C56",
        "C62",
        "C76"
      ],
      "weight": 3220,
      "utility_player1": 4437,
      "utility_player2": 3504,
      "normalized_u1": 74.68439656623464,
      "normalized_u2": 60.664819944598335,
      "harmonic_mean": 66.94852895582113,
      "normalized_harmonic_mean": 76.33066404437469,
      "pareto_optimum": false,
      "by": "Player 1",
      "turn": 1
    },
    {
      "items": [
        "A03",
        "A07",
        "C03",
        "C08",
        "C32",
        "C56",
        "C62",
        "C76"
      ],
      "weight": 3220,
      "utility_player1": 4437,
      "utility_player2": 3504,
      "normalized_u1": 74.68439656623464,
      "normalized_u2": 60.664819944598335,
      "harmonic_mean": 66.94852895582113,
      "normalized_harmonic_mean": 76.33066404437469,
      "pareto_optimum": false,
      "by": "Player 1",
      "turn": 2
    }
  ],
  "refusals": [],
  "agreement": {
    "items": [
      "A03",
      "A07",
      "C03",
      "C08",
      "C32",
      "C56",
      "C62",
      "C76"
    ],
    "weight": 3220,
    "utility_player1": 4437,
    "utility_player2": 3504,
    "normalized_u1": 74.68439656623464,
    "normalized_u2": 60.664819944598335,
    "harmonic_mean": 66.94852895582113,
    "normalized_harmonic_mean": 76.33066404437469,
    "pareto_optimum": false,
    "by": "Player 2",
    "turn": 2
  },
  "max_weight": 3683,
  "scores": {
    "player1_score": 4437,
    "player2_score": 3504,
    "normalized_u1": 74.68439656623464,
    "normalized_u2": 60.664819944598335,
    "harmonic_mean": 66.94852895582113,
    "normalized_harmonic_mean": 76.33066404437469,
    "episode_score": 50.0,
    "pareto_optimum": false,
    "pareto_adherence_rate": 0.0,
    "alternation_rate": 0.0
  },
  "max_u1": 5941,
  "max_u2": 5776,
  "max_harmonic": 87.70856351636183,
  "nb_proposals": 2,
  "player1_optimum": {
    "items": [
      "A03",
      "A07",
      "B38",
      "C00",
      "C08",
      "C32",
      "C38",
      "C56",
      "C62"
    ],
    "utility_player1": 5941,
    "utility_player2": 3250,
    "pareto_optimum": true
  },
  "player2_optimum": {
    "items": [
      "A07",
      "A83",
      "B38",
      "C03",
      "C08",
      "C38",
      "C62",
      "C76",
      "C98"
    ],
    "utility_player1": 3517,
    "utility_player2": 5776,
    "pareto_optimum": true
  },
  "global_optimum": {
    "items": [
      "A03",
      "A07",
      "A83",
      "B38",
      "C00",
      "C03",
      "C08",
      "C38",
      "C56",
      "C76"
    ],
    "utility_player1": 5217,
    "utility_player2": 5060,
    "harmonic_mean": 87.70856351636183,
    "pareto_optimum": true
  }
}