{
  "results_folder": "claude-sonnet-4-20250514-no-reasoning-t1.0",
  "game_id": 0,
  "proposals": [
    {
      "items": [
        "A34",
        "A62",
        "A69",
        "A74",
        "A90",
        "B17",
        "B44",
        "C13",
        "C72"
      ],
      "weight": 8099,
      "utility_player1": 8990,
      "utility_player2": 8990,
      "normalized_u1": 72.79352226720648,
      "normalized_u2": 72.79352226720648,
      "harmonic_mean": 72.79352226720648,
      "normalized_harmonic_mean": 72.79352226720648,
      "pareto_optimum": null,
      "by": "Player 1",
      "turn": 2
    },
    {
      "items": [
        "A34",
        "A62",
        "A69",
        "A74",
        "A90",
        "B17",
        "B44",
        "C13",
        "C72"
      ],
      "weight": 8099,
      "utility_player1": 8990,
      "utility_player2": 8990,
      "normalized_u1": 72.79352226720648,
      "normalized_u2": 72.79352226720648,
      "harmonic_mean": 72.79352226720648,
      "normalized_harmonic_mean": 72.79352226720648,
      "pareto_optimum": null,
      "by": "Player 1",
      "turn": 3
    }
  ],
  "refusals": [],
  "agreement": null,
  "max_weight": 10073,
  "scores": {
    "pareto_adherence_rate": null
  },
  "max_u1": 12350,
  "max_u2": 12350,
  "max_harmonic": 1,
  "nb_proposals": 2,
  "player1_optimum": {
    "items": [
      "A23",
      "A48",
      "A59",
      "A65",
      "A84",
      "A87",
      "A99",
      "B07",
      "B27",
      "B36",
      "B49",
      "B54",
      "B85",
      "C12",
      "C22",
      "C33",
      "C51",
      "C60",
      "C61",
      "C77",
      "C90",
      "C98",
      "C99"
    ],
    "utility_player1": 12350,
    "utility_player2": 12350,
    "pareto_optimum": null
  },
  "player2_optimum": {
    "items": [
      "A23",
      "A48",
      "A59",
      "A65",
      "A84",
      "A87",
      "A99",
      "B07",
      "B27",
      "B36",
      "B49",
      "B54",
      "B85",
      "C12",
      "C22",
      "C33",
      "C51",
      "C60",
      "C61",
      "C77",
      "C90",
      "C98",
      "C99"
    ],
    "utility_player1": 12350,
    "utility_player2": 12350,
    "pareto_optimum": null
  },
  "global_optimum": null
}