{
  "results_folder": "gpt-5-mini-2025-08-07-no-reasoning-t1.0",
  "game_id": 4,
  "proposals": [
    {
      "items": [
        "A05",
        "A08",
        "A16",
        "A27",
        "A30",
        "A58",
        "A66",
        "B09",
        "B10",
        "B12",
        "B45",
        "B46",
        "B60",
        "B67",
        "B69",
        "B75",
        "C06",
        "C12",
        "C15",
        "C35",
        "C70",
        "C81"
      ],
      "weight": 9607,
      "utility_player1": 13868,
      "utility_player2": 13868,
      "normalized_u1": 98.41742956497055,
      "normalized_u2": 98.41742956497055,
      "harmonic_mean": 98.41742956497055,
      "normalized_harmonic_mean": 98.41742956497055,
      "pareto_optimum": null,
      "by": "Player 1",
      "turn": 1
    }
  ],
  "refusals": [],
  "agreement": {
    "items": [
      "A05",
      "A08",
      "A16",
      "A27",
      "A30",
      "A58",
      "A66",
      "B09",
      "B10",
      "B12",
      "B45",
      "B46",
      "B60",
      "B67",
      "B69",
      "B75",
      "C06",
      "C12",
      "C15",
      "C35",
      "C70",
      "C81"
    ],
    "weight": 9607,
    "utility_player1": 13868,
    "utility_player2": 13868,
    "normalized_u1": 98.41742956497055,
    "normalized_u2": 98.41742956497055,
    "harmonic_mean": 98.41742956497055,
    "normalized_harmonic_mean": 98.41742956497055,
    "pareto_optimum": null,
    "by": "Player 2",
    "turn": 1
  },
  "max_weight": 9612,
  "scores": {
    "player1_score": 13868,
    "player2_score": 13868,
    "normalized_u1": 98.41742956497055,
    "normalized_u2": 98.41742956497055,
    "harmonic_mean": 98.41742956497055,
    "normalized_harmonic_mean": 98.41742956497055,
    "episode_score": 100.0,
    "pareto_optimum": null,
    "pareto_adherence_rate": null,
    "alternation_rate": null
  },
  "max_u1": 14091,
  "max_u2": 14091,
  "max_harmonic": 1,
  "nb_proposals": 1,
  "player1_optimum": {
    "items": [
      "A08",
      "A16",
      "A27",
      "A30",
      "A58",
      "A66",
      "B09",
      "B10",
      "B12",
      "B45",
      "B46",
      "B60",
      "B67",
      "B69",
      "B75",
      "B94",
      "C06",
      "C12",
      "C15",
      "C24",
      "C70",
      "C81"
    ],
    "utility_player1": 14091,
    "utility_player2": 14091,
    "pareto_optimum": null
  },
  "player2_optimum": {
    "items": [
      "A08",
      "A16",
      "A27",
      "A30",
      "A58",
      "A66",
      "B09",
      "B10",
      "B12",
      "B45",
      "B46",
      "B60",
      "B67",
      "B69",
      "B75",
      "B94",
      "C06",
      "C12",
      "C15",
      "C24",
      "C70",
      "C81"
    ],
    "utility_player1": 14091,
    "utility_player2": 14091,
    "pareto_optimum": null
  },
  "global_optimum": null
}