{
  "results_folder": "nemotron-nano-9b-v2-t1.0",
  "game_id": 3,
  "proposals": [
    {
      "items": [
        "A11",
        "A21",
        "B21",
        "B31",
        "B33",
        "B93",
        "C08"
      ],
      "weight": 3617,
      "utility_player1": 4782,
      "utility_player2": 2267,
      "normalized_u1": 84.47270800211977,
      "normalized_u2": 36.879778753863675,
      "harmonic_mean": 51.343567241802745,
      "normalized_harmonic_mean": 57.46591529146574,
      "pareto_optimum": false,
      "by": "Player 1",
      "turn": 1
    },
    {
      "items": [
        "A11",
        "A21",
        "B21",
        "B31",
        "B33",
        "B93",
        "C08"
      ],
      "weight": 3617,
      "utility_player1": 4782,
      "utility_player2": 2267,
      "normalized_u1": 84.47270800211977,
      "normalized_u2": 36.879778753863675,
      "harmonic_mean": 51.343567241802745,
      "normalized_harmonic_mean": 57.46591529146574,
      "pareto_optimum": false,
      "by": "Player 1",
      "turn": 2
    },
    {
      "items": [
        "A11",
        "A21",
        "B21",
        "B31",
        "B33",
        "B93",
        "C08"
      ],
      "weight": 3617,
      "utility_player1": 4782,
      "utility_player2": 2267,
      "normalized_u1": 84.47270800211977,
      "normalized_u2": 36.879778753863675,
      "harmonic_mean": 51.343567241802745,
      "normalized_harmonic_mean": 57.46591529146574,
      "pareto_optimum": false,
      "by": "Player 1",
      "turn": 3
    }
  ],
  "refusals": [],
  "agreement": null,
  "max_weight": 3629,
  "scores": {
    "pareto_adherence_rate": 0.0,
    "alternation_rate": 0.0
  },
  "max_u1": 5661,
  "max_u2": 6147,
  "max_harmonic": 89.34612279538123,
  "nb_proposals": 3,
  "player1_optimum": {
    "items": [
      "A11",
      "A21",
      "A60",
      "A82",
      "B09",
      "B20",
      "B21",
      "B33",
      "C08",
      "C85"
    ],
    "utility_player1": 5661,
    "utility_player2": 4436,
    "pareto_optimum": true
  },
  "player2_optimum": {
    "items": [
      "A11",
      "A21",
      "A60",
      "A82",
      "B20",
      "B39",
      "B96",
      "C08",
      "C81",
      "C85"
    ],
    "utility_player1": 4079,
    "utility_player2": 6147,
    "pareto_optimum": true
  },
  "global_optimum": {
    "items": [
      "A11",
      "A21",
      "A60",
      "A82",
      "B09",
      "B20",
      "B31",
      "C08",
      "C81",
      "C85"
    ],
    "utility_player1": 5200,
    "utility_player2": 5346,
    "harmonic_mean": 89.34612279538123,
    "pareto_optimum": true
  }
}