{
  "results_folder": "deepseek-r1-distill-llama-70b-t1.0",
  "game_id": 5,
  "proposals": [
    {
      "items": [
        "A08",
        "A25",
        "A28",
        "A39",
        "A46",
        "A65",
        "A71",
        "A75",
        "A97",
        "B15",
        "B34",
        "B37",
        "B64",
        "B69",
        "B81",
        "B95",
        "B96",
        "C10",
        "C17",
        "C51",
        "C53",
        "C79",
        "C82"
      ],
      "weight": 7345,
      "utility_player1": 9599,
      "utility_player2": 9599,
      "normalized_u1": 96.96939084756036,
      "normalized_u2": 96.96939084756036,
      "harmonic_mean": 96.96939084756038,
      "normalized_harmonic_mean": 96.96939084756036,
      "pareto_optimum": null,
      "by": "Player 1",
      "turn": 1
    },
    {
      "items": [
        "A08",
        "A25",
        "A28",
        "A39",
        "A46",
        "A65",
        "A71",
        "A75",
        "A88",
        "A97",
        "B15",
        "B23",
        "B34",
        "B37",
        "B64",
        "B69",
        "B81",
        "B95",
        "B96",
        "C10",
        "C51",
        "C53",
        "C79",
        "C82"
      ],
      "weight": 7187,
      "utility_player1": 9539,
      "utility_player2": 9539,
      "normalized_u1": 96.36326901707243,
      "normalized_u2": 96.36326901707243,
      "harmonic_mean": 96.36326901707244,
      "normalized_harmonic_mean": 96.36326901707243,
      "pareto_optimum": null,
      "by": "Player 1",
      "turn": 2
    },
    {
      "items": [
        "A08",
        "A25",
        "A28",
        "A39",
        "A46",
        "A65",
        "A71",
        "A87",
        "A96",
        "A97",
        "B15",
        "B19",
        "B23",
        "B34",
        "B37",
        "B64",
        "B69",
        "B81",
        "B96",
        "C51",
        "C53",
        "C60",
        "C79",
        "C82"
      ],
      "weight": 7340,
      "utility_player1": 9692,
      "utility_player2": 9692,
      "normalized_u1": 97.90887968481665,
      "normalized_u2": 97.90887968481665,
      "harmonic_mean": 97.90887968481665,
      "normalized_harmonic_mean": 97.90887968481665,
      "pareto_optimum": null,
      "by": "Player 1",
      "turn": 3
    }
  ],
  "refusals": [],
  "agreement": null,
  "max_weight": 7351,
  "scores": {
    "pareto_adherence_rate": null,
    "alternation_rate": 0.0
  },
  "max_u1": 9899,
  "max_u2": 9899,
  "max_harmonic": 1,
  "nb_proposals": 3,
  "player1_optimum": {
    "items": [
      "A08",
      "A25",
      "A28",
      "A39",
      "A46",
      "A71",
      "A75",
      "A88",
      "A94",
      "A96",
      "A97",
      "B15",
      "B19",
      "B23",
      "B34",
      "B37",
      "B43",
      "B69",
      "B81",
      "B96",
      "C51",
      "C53",
      "C60",
      "C79",
      "C82",
      "C83"
    ],
    "utility_player1": 9899,
    "utility_player2": 9899,
    "pareto_optimum": null
  },
  "player2_optimum": {
    "items": [
      "A08",
      "A25",
      "A28",
      "A39",
      "A46",
      "A71",
      "A75",
      "A88",
      "A94",
      "A96",
      "A97",
      "B15",
      "B19",
      "B23",
      "B34",
      "B37",
      "B43",
      "B69",
      "B81",
      "B96",
      "C51",
      "C53",
      "C60",
      "C79",
      "C82",
      "C83"
    ],
    "utility_player1": 9899,
    "utility_player2": 9899,
    "pareto_optimum": null
  },
  "global_optimum": null
}