{
  "results_folder": "gpt-5-mini-2025-08-07-t1.0",
  "game_id": 2,
  "proposals": [
    {
      "items": [
        "A08",
        "A25",
        "A28",
        "A39",
        "A46",
        "A65",
        "A71",
        "A87",
        "A88",
        "A94",
        "B15",
        "B43",
        "B64",
        "B69",
        "B95",
        "B96",
        "C10",
        "C53",
        "C72",
        "C79",
        "C82",
        "C84"
      ],
      "weight": 9294,
      "utility_player1": 11406,
      "utility_player2": 11406,
      "normalized_u1": 98.92454466608847,
      "normalized_u2": 98.92454466608847,
      "harmonic_mean": 98.92454466608847,
      "normalized_harmonic_mean": 98.92454466608847,
      "pareto_optimum": null,
      "by": "Player 1",
      "turn": 1
    },
    {
      "items": [
        "A08",
        "A25",
        "A28",
        "A39",
        "A46",
        "A65",
        "A71",
        "A88",
        "A94",
        "B15",
        "B43",
        "B64",
        "B69",
        "B81",
        "B95",
        "B96",
        "C10",
        "C17",
        "C53",
        "C72",
        "C79",
        "C82",
        "C84"
      ],
      "weight": 9317,
      "utility_player1": 11525,
      "utility_player2": 11525,
      "normalized_u1": 99.95663486556808,
      "normalized_u2": 99.95663486556808,
      "harmonic_mean": 99.95663486556808,
      "normalized_harmonic_mean": 99.95663486556808,
      "pareto_optimum": null,
      "by": "Player 2",
      "turn": 1
    }
  ],
  "refusals": [
    {
      "items": [
        "A08",
        "A25",
        "A28",
        "A39",
        "A46",
        "A65",
        "A71",
        "A87",
        "A88",
        "A94",
        "B15",
        "B43",
        "B64",
        "B69",
        "B95",
        "B96",
        "C10",
        "C53",
        "C72",
        "C79",
        "C82",
        "C84"
      ],
      "weight": 9294,
      "utility_player1": 11406,
      "utility_player2": 11406,
      "normalized_u1": 98.92454466608847,
      "normalized_u2": 98.92454466608847,
      "harmonic_mean": 98.92454466608847,
      "normalized_harmonic_mean": 98.92454466608847,
      "pareto_optimum": null,
      "by": "Player 2",
      "turn": 1
    }
  ],
  "agreement": {
    "items": [
      "A08",
      "A25",
      "A28",
      "A39",
      "A46",
      "A65",
      "A71",
      "A88",
      "A94",
      "B15",
      "B43",
      "B64",
      "B69",
      "B81",
      "B95",
      "B96",
      "C10",
      "C17",
      "C53",
      "C72",
      "C79",
      "C82",
      "C84"
    ],
    "weight": 9317,
    "utility_player1": 11525,
    "utility_player2": 11525,
    "normalized_u1": 99.95663486556808,
    "normalized_u2": 99.95663486556808,
    "harmonic_mean": 99.95663486556808,
    "normalized_harmonic_mean": 99.95663486556808,
    "pareto_optimum": null,
    "by": "Player 1",
    "turn": 2
  },
  "max_weight": 9322,
  "scores": {
    "player1_score": 11525,
    "player2_score": 11525,
    "normalized_u1": 99.95663486556808,
    "normalized_u2": 99.95663486556808,
    "harmonic_mean": 99.95663486556808,
    "normalized_harmonic_mean": 99.95663486556808,
    "episode_score": 50.0,
    "pareto_optimum": null,
    "pareto_adherence_rate": null,
    "alternation_rate": 1.0
  },
  "max_u1": 11530,
  "max_u2": 11530,
  "max_harmonic": 1,
  "nb_proposals": 2,
  "player1_optimum": {
    "items": [
      "A08",
      "A25",
      "A28",
      "A39",
      "A46",
      "A65",
      "A71",
      "A88",
      "A94",
      "A97",
      "B15",
      "B16",
      "B43",
      "B64",
      "B69",
      "B95",
      "B96",
      "C10",
      "C17",
      "C53",
      "C72",
      "C79",
      "C82"
    ],
    "utility_player1": 11530,
    "utility_player2": 11530,
    "pareto_optimum": null
  },
  "player2_optimum": {
    "items": [
      "A08",
      "A25",
      "A28",
      "A39",
      "A46",
      "A65",
      "A71",
      "A88",
      "A94",
      "A97",
      "B15",
      "B16",
      "B43",
      "B64",
      "B69",
      "B95",
      "B96",
      "C10",
      "C17",
      "C53",
      "C72",
      "C79",
      "C82"
    ],
    "utility_player1": 11530,
    "utility_player2": 11530,
    "pareto_optimum": null
  },
  "global_optimum": null
}