{
  "results_folder": "gpt-5-2025-08-07-no-reasoning-t1.0",
  "game_id": 5,
  "proposals": [
    {
      "items": [
        "A23",
        "A34",
        "A48",
        "A50",
        "A59",
        "A65",
        "A69",
        "A74",
        "A84",
        "A87",
        "A99",
        "B17",
        "B27",
        "B36",
        "B44",
        "B49",
        "B54",
        "C12",
        "C13",
        "C22",
        "C23",
        "C33",
        "C60",
        "C61",
        "C77",
        "C98"
      ],
      "weight": 7148,
      "utility_player1": 9696,
      "utility_player2": 9696,
      "normalized_u1": 97.94928780684917,
      "normalized_u2": 97.94928780684917,
      "harmonic_mean": 97.94928780684917,
      "normalized_harmonic_mean": 97.94928780684917,
      "pareto_optimum": null,
      "by": "Player 1",
      "turn": 1
    },
    {
      "items": [
        "A42",
        "A50",
        "A62",
        "A65",
        "A84",
        "A90",
        "B07",
        "B49",
        "B85",
        "C22",
        "C23",
        "C51",
        "C90",
        "C99"
      ],
      "weight": 7327,
      "utility_player1": 8699,
      "utility_player2": 8699,
      "normalized_u1": 87.87756339024145,
      "normalized_u2": 87.87756339024145,
      "harmonic_mean": 87.87756339024145,
      "normalized_harmonic_mean": 87.87756339024145,
      "pareto_optimum": null,
      "by": "Player 2",
      "turn": 1
    },
    {
      "items": [
        "A23",
        "A34",
        "A42",
        "A48",
        "A50",
        "A59",
        "A65",
        "A69",
        "A74",
        "A84",
        "A87",
        "A99",
        "B17",
        "B27",
        "B36",
        "B49",
        "C12",
        "C22",
        "C23",
        "C33",
        "C60",
        "C61",
        "C77",
        "C90",
        "C98"
      ],
      "weight": 7167,
      "utility_player1": 9617,
      "utility_player2": 9617,
      "normalized_u1": 97.15122739670674,
      "normalized_u2": 97.15122739670674,
      "harmonic_mean": 97.15122739670676,
      "normalized_harmonic_mean": 97.15122739670674,
      "pareto_optimum": null,
      "by": "Player 1",
      "turn": 2
    },
    {
      "items": [
        "A23",
        "A34",
        "A42",
        "A48",
        "A50",
        "A65",
        "A69",
        "A74",
        "A84",
        "A87",
        "A99",
        "B17",
        "B27",
        "B36",
        "B49",
        "B85",
        "C12",
        "C22",
        "C23",
        "C60",
        "C61",
        "C77",
        "C90",
        "C98"
      ],
      "weight": 7175,
      "utility_player1": 9527,
      "utility_player2": 9527,
      "normalized_u1": 96.24204465097485,
      "normalized_u2": 96.24204465097485,
      "harmonic_mean": 96.24204465097483,
      "normalized_harmonic_mean": 96.24204465097485,
      "pareto_optimum": null,
      "by": "Player 2",
      "turn": 2
    }
  ],
  "refusals": [
    {
      "items": [
        "A23",
        "A34",
        "A48",
        "A50",
        "A59",
        "A65",
        "A69",
        "A74",
        "A84",
        "A87",
        "A99",
        "B17",
        "B27",
        "B36",
        "B44",
        "B49",
        "B54",
        "C12",
        "C13",
        "C22",
        "C23",
        "C33",
        "C60",
        "C61",
        "C77",
        "C98"
      ],
      "weight": 7148,
      "utility_player1": 9696,
      "utility_player2": 9696,
      "normalized_u1": 97.94928780684917,
      "normalized_u2": 97.94928780684917,
      "harmonic_mean": 97.94928780684917,
      "normalized_harmonic_mean": 97.94928780684917,
      "pareto_optimum": null,
      "by": "Player 2",
      "turn": 1
    },
    {
      "items": [
        "A42",
        "A50",
        "A62",
        "A65",
        "A84",
        "A90",
        "B07",
        "B49",
        "B85",
        "C22",
        "C23",
        "C51",
        "C90",
        "C99"
      ],
      "weight": 7327,
      "utility_player1": 8699,
      "utility_player2": 8699,
      "normalized_u1": 87.87756339024145,
      "normalized_u2": 87.87756339024145,
      "harmonic_mean": 87.87756339024145,
      "normalized_harmonic_mean": 87.87756339024145,
      "pareto_optimum": null,
      "by": "Player 1",
      "turn": 2
    },
    {
      "items": [
        "A23",
        "A34",
        "A42",
        "A48",
        "A50",
        "A59",
        "A65",
        "A69",
        "A74",
        "A84",
        "A87",
        "A99",
        "B17",
        "B27",
        "B36",
        "B49",
        "C12",
        "C22",
        "C23",
        "C33",
        "C60",
        "C61",
        "C77",
        "C90",
        "C98"
      ],
      "weight": 7167,
      "utility_player1": 9617,
      "utility_player2": 9617,
      "normalized_u1": 97.15122739670674,
      "normalized_u2": 97.15122739670674,
      "harmonic_mean": 97.15122739670676,
      "normalized_harmonic_mean": 97.15122739670674,
      "pareto_optimum": null,
      "by": "Player 2",
      "turn": 2
    }
  ],
  "agreement": {
    "items": [
      "A23",
      "A34",
      "A42",
      "A48",
      "A50",
      "A65",
      "A69",
      "A74",
      "A84",
      "A87",
      "A99",
      "B17",
      "B27",
      "B36",
      "B49",
      "B85",
      "C12",
      "C22",
      "C23",
      "C60",
      "C61",
      "C77",
      "C90",
      "C98"
    ],
    "weight": 7175,
    "utility_player1": 9527,
    "utility_player2": 9527,
    "normalized_u1": 96.24204465097485,
    "normalized_u2": 96.24204465097485,
    "harmonic_mean": 96.24204465097483,
    "normalized_harmonic_mean": 96.24204465097485,
    "pareto_optimum": null,
    "by": "Player 1",
    "turn": 3
  },
  "max_weight": 7351,
  "scores": {
    "player1_score": 9527,
    "player2_score": 9527,
    "normalized_u1": 96.24204465097485,
    "normalized_u2": 96.24204465097485,
    "harmonic_mean": 96.24204465097483,
    "normalized_harmonic_mean": 96.24204465097485,
    "episode_score": 33.333333333333336,
    "pareto_optimum": null,
    "pareto_adherence_rate": null,
    "alternation_rate": 1.0,
    "avg_normalized_substitutions": 0.9465934065934066
  },
  "max_u1": 9899,
  "max_u2": 9899,
  "max_harmonic": 1,
  "nb_proposals": 4,
  "normalized_substitutions_per_proposal": [
    1.0769230769230769,
    1.6428571428571428,
    0.12
  ],
  "player1_optimum": {
    "items": [
      "A23",
      "A34",
      "A42",
      "A48",
      "A50",
      "A59",
      "A62",
      "A65",
      "A69",
      "A74",
      "A84",
      "A87",
      "A99",
      "B17",
      "B27",
      "B36",
      "B44",
      "B49",
      "B54",
      "C12",
      "C22",
      "C23",
      "C60",
      "C61",
      "C77",
      "C98"
    ],
    "utility_player1": 9899,
    "utility_player2": 9899,
    "pareto_optimum": null
  },
  "player2_optimum": {
    "items": [
      "A23",
      "A34",
      "A42",
      "A48",
      "A50",
      "A59",
      "A62",
      "A65",
      "A69",
      "A74",
      "A84",
      "A87",
      "A99",
      "B17",
      "B27",
      "B36",
      "B44",
      "B49",
      "B54",
      "C12",
      "C22",
      "C23",
      "C60",
      "C61",
      "C77",
      "C98"
    ],
    "utility_player1": 9899,
    "utility_player2": 9899,
    "pareto_optimum": null
  }
}