{
  "results_folder": "nemotron-nano-9b-v2-no-reasoning-t1.0",
  "game_id": 3,
  "proposals": [
    {
      "items": [
        "A43",
        "A62",
        "B36",
        "C10",
        "C43"
      ],
      "weight": 1041,
      "utility_player1": 2295,
      "utility_player2": 2295,
      "normalized_u1": 37.2444011684518,
      "normalized_u2": 37.2444011684518,
      "harmonic_mean": 37.2444011684518,
      "normalized_harmonic_mean": 37.2444011684518,
      "pareto_optimum": false,
      "by": "Player 1",
      "turn": 1
    },
    {
      "items": [
        "A43",
        "A67",
        "B19",
        "C10",
        "C61"
      ],
      "weight": 1821,
      "utility_player1": 3400,
      "utility_player2": 3400,
      "normalized_u1": 55.1768906199286,
      "normalized_u2": 55.1768906199286,
      "harmonic_mean": 55.1768906199286,
      "normalized_harmonic_mean": 55.1768906199286,
      "pareto_optimum": false,
      "by": "Player 2",
      "turn": 1
    },
    {
      "items": [
        "A43",
        "A67",
        "B19",
        "C10",
        "C61"
      ],
      "weight": 1821,
      "utility_player1": 3400,
      "utility_player2": 3400,
      "normalized_u1": 55.1768906199286,
      "normalized_u2": 55.1768906199286,
      "harmonic_mean": 55.1768906199286,
      "normalized_harmonic_mean": 55.1768906199286,
      "pareto_optimum": false,
      "by": "Player 2",
      "turn": 1
    },
    {
      "items": [
        "A43",
        "A67",
        "B36",
        "C10",
        "C67"
      ],
      "weight": 1890,
      "utility_player1": 3320,
      "utility_player2": 3320,
      "normalized_u1": 53.878610840636156,
      "normalized_u2": 53.878610840636156,
      "harmonic_mean": 53.87861084063616,
      "normalized_harmonic_mean": 53.878610840636156,
      "pareto_optimum": false,
      "by": "Player 2",
      "turn": 1
    }
  ],
  "refusals": [],
  "agreement": null,
  "max_weight": 3712,
  "scores": {
    "pareto_adherence_rate": 0.0
  },
  "max_u1": 6162,
  "max_u2": 6162,
  "max_harmonic": 1,
  "nb_proposals": 4,
  "player1_optimum": {
    "items": [
      "A43",
      "A67",
      "B36",
      "B42",
      "C10",
      "C42",
      "C55",
      "C61",
      "C67"
    ],
    "utility_player1": 6162,
    "utility_player2": 6162,
    "pareto_optimum": true
  },
  "player2_optimum": {
    "items": [
      "A43",
      "A67",
      "B36",
      "B42",
      "C10",
      "C42",
      "C55",
      "C61",
      "C67"
    ],
    "utility_player1": 6162,
    "utility_player2": 6162,
    "pareto_optimum": true
  },
  "global_optimum": null
}