{
  "results_folder": "deepseek-r1-distill-llama-70b-t1.0",
  "game_id": 1,
  "proposals": [
    {
      "items": [
        "A19",
        "A30",
        "A39",
        "A56",
        "A75",
        "B26",
        "B91",
        "C24",
        "C73"
      ],
      "weight": 4075,
      "utility_player1": 4615,
      "utility_player2": 4615,
      "normalized_u1": 96.2059620596206,
      "normalized_u2": 96.2059620596206,
      "harmonic_mean": 96.2059620596206,
      "normalized_harmonic_mean": 96.2059620596206,
      "pareto_optimum": null,
      "by": "Player 1",
      "turn": 1
    },
    {
      "items": [
        "A19",
        "A30",
        "A39",
        "A56",
        "A75",
        "B26",
        "B91",
        "C24",
        "C73"
      ],
      "weight": 4075,
      "utility_player1": 4615,
      "utility_player2": 4615,
      "normalized_u1": 96.2059620596206,
      "normalized_u2": 96.2059620596206,
      "harmonic_mean": 96.2059620596206,
      "normalized_harmonic_mean": 96.2059620596206,
      "pareto_optimum": null,
      "by": "Player 1",
      "turn": 2
    },
    {
      "items": [
        "A19",
        "A30",
        "A39",
        "A56",
        "A75",
        "B26",
        "B91",
        "C24",
        "C73"
      ],
      "weight": 4075,
      "utility_player1": 4615,
      "utility_player2": 4615,
      "normalized_u1": 96.2059620596206,
      "normalized_u2": 96.2059620596206,
      "harmonic_mean": 96.2059620596206,
      "normalized_harmonic_mean": 96.2059620596206,
      "pareto_optimum": null,
      "by": "Player 1",
      "turn": 3
    }
  ],
  "agreement": null,
  "max_weight": 4100,
  "scores": {},
  "max_u1": 4797,
  "max_u2": 4797,
  "max_harmonic": 1,
  "player1_optimum": {
    "items": [
      "A19",
      "A30",
      "A39",
      "A47",
      "B11",
      "B26",
      "B91",
      "C24"
    ],
    "utility_player1": 4797,
    "utility_player2": 4797,
    "pareto_optimum": null
  },
  "player2_optimum": {
    "items": [
      "A19",
      "A30",
      "A39",
      "A47",
      "B11",
      "B26",
      "B91",
      "C24"
    ],
    "utility_player1": 4797,
    "utility_player2": 4797,
    "pareto_optimum": null
  },
  "global_optimum": null
}