{
  "results_folder": "deepseek-r1-distill-llama-70b-t1.0",
  "game_id": 3,
  "proposals": [
    {
      "items": [
        "A28",
        "A39",
        "A46",
        "A65",
        "A71",
        "A87",
        "A88",
        "A96",
        "A97",
        "B15",
        "B16",
        "B23",
        "B34",
        "B37",
        "B64",
        "B69",
        "B81",
        "B96",
        "C17",
        "C51",
        "C53",
        "C79",
        "C82",
        "C83",
        "C84"
      ],
      "weight": 6755,
      "utility_player1": 9230,
      "utility_player2": 9230,
      "normalized_u1": 96.23605463455323,
      "normalized_u2": 96.23605463455323,
      "harmonic_mean": 96.23605463455323,
      "normalized_harmonic_mean": 96.23605463455323,
      "pareto_optimum": null,
      "by": "Player 1",
      "turn": 1
    },
    {
      "items": [
        "A28",
        "A39",
        "A46",
        "A65",
        "A71",
        "A87",
        "A88",
        "A96",
        "A97",
        "B15",
        "B16",
        "B23",
        "B34",
        "B37",
        "B64",
        "B69",
        "B81",
        "B96",
        "C17",
        "C51",
        "C53",
        "C79",
        "C82",
        "C83",
        "C84"
      ],
      "weight": 6755,
      "utility_player1": 9230,
      "utility_player2": 9230,
      "normalized_u1": 96.23605463455323,
      "normalized_u2": 96.23605463455323,
      "harmonic_mean": 96.23605463455323,
      "normalized_harmonic_mean": 96.23605463455323,
      "pareto_optimum": null,
      "by": "Player 1",
      "turn": 2
    },
    {
      "items": [
        "A28",
        "A39",
        "A46",
        "A65",
        "A71",
        "A87",
        "A88",
        "A96",
        "A97",
        "B15",
        "B16",
        "B23",
        "B34",
        "B37",
        "B64",
        "B69",
        "B81",
        "B96",
        "C17",
        "C51",
        "C53",
        "C79",
        "C82",
        "C83",
        "C84"
      ],
      "weight": 6755,
      "utility_player1": 9230,
      "utility_player2": 9230,
      "normalized_u1": 96.23605463455323,
      "normalized_u2": 96.23605463455323,
      "harmonic_mean": 96.23605463455323,
      "normalized_harmonic_mean": 96.23605463455323,
      "pareto_optimum": null,
      "by": "Player 1",
      "turn": 3
    }
  ],
  "refusals": [],
  "agreement": null,
  "max_weight": 6938,
  "scores": {
    "pareto_adherence_rate": null,
    "alternation_rate": 0.0,
    "avg_normalized_substitutions": 0.0
  },
  "max_u1": 9591,
  "max_u2": 9591,
  "max_harmonic": 1,
  "nb_proposals": 3,
  "normalized_substitutions_per_proposal": [
    0.0,
    0.0
  ],
  "player1_optimum": {
    "items": [
      "A28",
      "A39",
      "A46",
      "A65",
      "A71",
      "A75",
      "A87",
      "A88",
      "A96",
      "A97",
      "B15",
      "B16",
      "B23",
      "B37",
      "B43",
      "B64",
      "B69",
      "B81",
      "B96",
      "C17",
      "C51",
      "C53",
      "C60",
      "C79",
      "C82",
      "C83",
      "C84"
    ],
    "utility_player1": 9591,
    "utility_player2": 9591,
    "pareto_optimum": null
  },
  "player2_optimum": {
    "items": [
      "A28",
      "A39",
      "A46",
      "A65",
      "A71",
      "A75",
      "A87",
      "A88",
      "A96",
      "A97",
      "B15",
      "B16",
      "B23",
      "B37",
      "B43",
      "B64",
      "B69",
      "B81",
      "B96",
      "C17",
      "C51",
      "C53",
      "C60",
      "C79",
      "C82",
      "C83",
      "C84"
    ],
    "utility_player1": 9591,
    "utility_player2": 9591,
    "pareto_optimum": null
  }
}