{
  "results_folder": "gpt-5-mini-2025-08-07-no-reasoning-t1.0",
  "game_id": 0,
  "proposals": [
    {
      "items": [
        "A34",
        "A50",
        "A69",
        "A74",
        "A84",
        "A87",
        "A90",
        "A99",
        "B17",
        "B27",
        "B36",
        "B44",
        "B85",
        "C33",
        "C60",
        "C61",
        "C77",
        "C90",
        "C98",
        "C99"
      ],
      "weight": 10055,
      "utility_player1": 12035,
      "utility_player2": 12035,
      "normalized_u1": 97.4493927125506,
      "normalized_u2": 97.4493927125506,
      "harmonic_mean": 97.4493927125506,
      "normalized_harmonic_mean": 97.4493927125506,
      "pareto_optimum": null,
      "by": "Player 1",
      "turn": 1
    },
    {
      "items": [
        "A34",
        "A42",
        "A62",
        "A69",
        "A74",
        "A90",
        "B17",
        "B44",
        "B85",
        "C12",
        "C13",
        "C22",
        "C60",
        "C99"
      ],
      "weight": 9972,
      "utility_player1": 11358,
      "utility_player2": 11358,
      "normalized_u1": 91.96761133603239,
      "normalized_u2": 91.96761133603239,
      "harmonic_mean": 91.9676113360324,
      "normalized_harmonic_mean": 91.96761133603239,
      "pareto_optimum": null,
      "by": "Player 2",
      "turn": 1
    }
  ],
  "refusals": [],
  "agreement": {
    "items": [
      "A34",
      "A42",
      "A62",
      "A69",
      "A74",
      "A90",
      "B17",
      "B44",
      "B85",
      "C12",
      "C13",
      "C22",
      "C60",
      "C99"
    ],
    "weight": 9972,
    "utility_player1": 11358,
    "utility_player2": 11358,
    "normalized_u1": 91.96761133603239,
    "normalized_u2": 91.96761133603239,
    "harmonic_mean": 91.9676113360324,
    "normalized_harmonic_mean": 91.96761133603239,
    "pareto_optimum": null,
    "by": "Player 1",
    "turn": 2
  },
  "max_weight": 10073,
  "scores": {
    "player1_score": 11358,
    "player2_score": 11358,
    "normalized_u1": 91.96761133603239,
    "normalized_u2": 91.96761133603239,
    "harmonic_mean": 91.9676113360324,
    "normalized_harmonic_mean": 91.96761133603239,
    "episode_score": 50.0,
    "pareto_optimum": null,
    "pareto_adherence_rate": null
  },
  "max_u1": 12350,
  "max_u2": 12350,
  "max_harmonic": 1,
  "nb_proposals": 2,
  "player1_optimum": {
    "items": [
      "A23",
      "A48",
      "A59",
      "A65",
      "A84",
      "A87",
      "A99",
      "B07",
      "B27",
      "B36",
      "B49",
      "B54",
      "B85",
      "C12",
      "C22",
      "C33",
      "C51",
      "C60",
      "C61",
      "C77",
      "C90",
      "C98",
      "C99"
    ],
    "utility_player1": 12350,
    "utility_player2": 12350,
    "pareto_optimum": null
  },
  "player2_optimum": {
    "items": [
      "A23",
      "A48",
      "A59",
      "A65",
      "A84",
      "A87",
      "A99",
      "B07",
      "B27",
      "B36",
      "B49",
      "B54",
      "B85",
      "C12",
      "C22",
      "C33",
      "C51",
      "C60",
      "C61",
      "C77",
      "C90",
      "C98",
      "C99"
    ],
    "utility_player1": 12350,
    "utility_player2": 12350,
    "pareto_optimum": null
  },
  "global_optimum": null
}