{
  "results_folder": "nemotron-nano-9b-v2-t1.0",
  "game_id": 2,
  "proposals": [
    {
      "items": [
        "A08",
        "A16",
        "A23",
        "A27",
        "A30",
        "A58",
        "A66",
        "B00",
        "B10",
        "B12",
        "B21",
        "B46",
        "B67",
        "B85",
        "B94",
        "C15",
        "C34",
        "C65"
      ],
      "weight": 7748,
      "utility_player1": 11040,
      "utility_player2": 11040,
      "normalized_u1": 80.56042031523643,
      "normalized_u2": 80.56042031523643,
      "harmonic_mean": 80.56042031523643,
      "normalized_harmonic_mean": 80.56042031523643,
      "pareto_optimum": null,
      "by": "Player 1",
      "turn": 1
    },
    {
      "items": [
        "A08",
        "A16",
        "A23",
        "A27",
        "A30",
        "A58",
        "A66",
        "B00",
        "B10",
        "B12",
        "B21",
        "B46",
        "B67",
        "B85",
        "B94",
        "C15",
        "C34",
        "C65"
      ],
      "weight": 7748,
      "utility_player1": 11040,
      "utility_player2": 11040,
      "normalized_u1": 80.56042031523643,
      "normalized_u2": 80.56042031523643,
      "harmonic_mean": 80.56042031523643,
      "normalized_harmonic_mean": 80.56042031523643,
      "pareto_optimum": null,
      "by": "Player 1",
      "turn": 2
    },
    {
      "items": [
        "A08",
        "A16",
        "A23",
        "A27",
        "A30",
        "A58",
        "A66",
        "B00",
        "B10",
        "B12",
        "B21",
        "B46",
        "B67",
        "B85",
        "B94",
        "C15",
        "C34",
        "C65"
      ],
      "weight": 7748,
      "utility_player1": 11040,
      "utility_player2": 11040,
      "normalized_u1": 80.56042031523643,
      "normalized_u2": 80.56042031523643,
      "harmonic_mean": 80.56042031523643,
      "normalized_harmonic_mean": 80.56042031523643,
      "pareto_optimum": null,
      "by": "Player 1",
      "turn": 3
    }
  ],
  "agreement": null,
  "max_weight": 7868,
  "scores": {},
  "max_u1": 13704,
  "max_u2": 13704,
  "max_harmonic": 1,
  "player1_optimum": {
    "items": [
      "A08",
      "A16",
      "A30",
      "A58",
      "A66",
      "A84",
      "A89",
      "B00",
      "B09",
      "B10",
      "B12",
      "B46",
      "B60",
      "B67",
      "B75",
      "B85",
      "B94",
      "C12",
      "C15",
      "C24",
      "C81"
    ],
    "utility_player1": 13704,
    "utility_player2": 13704,
    "pareto_optimum": null
  },
  "player2_optimum": {
    "items": [
      "A08",
      "A16",
      "A30",
      "A58",
      "A66",
      "A84",
      "A89",
      "B00",
      "B09",
      "B10",
      "B12",
      "B46",
      "B60",
      "B67",
      "B75",
      "B85",
      "B94",
      "C12",
      "C15",
      "C24",
      "C81"
    ],
    "utility_player1": 13704,
    "utility_player2": 13704,
    "pareto_optimum": null
  },
  "global_optimum": null
}