{
  "results_folder": "gpt-5-2025-08-07-t1.0",
  "game_id": 5,
  "proposals": [
    {
      "items": [
        "A23",
        "A34",
        "A48",
        "A50",
        "A59",
        "A65",
        "A69",
        "A74",
        "A84",
        "A87",
        "A99",
        "B17",
        "B27",
        "B36",
        "B44",
        "B49",
        "B54",
        "C12",
        "C22",
        "C23",
        "C60",
        "C61",
        "C72",
        "C77",
        "C90",
        "C98"
      ],
      "weight": 7279,
      "utility_player1": 9827,
      "utility_player2": 9827,
      "normalized_u1": 99.27265380341449,
      "normalized_u2": 99.27265380341449,
      "harmonic_mean": 99.27265380341449,
      "normalized_harmonic_mean": 99.27265380341449,
      "pareto_optimum": null,
      "by": "Player 1",
      "turn": 1
    },
    {
      "items": [
        "A23",
        "A34",
        "A48",
        "A50",
        "A59",
        "A65",
        "A69",
        "A74",
        "A84",
        "A87",
        "A90",
        "A99",
        "B17",
        "B27",
        "B36",
        "B49",
        "B54",
        "C12",
        "C22",
        "C23",
        "C51",
        "C60",
        "C61",
        "C72",
        "C77",
        "C98"
      ],
      "weight": 7330,
      "utility_player1": 9878,
      "utility_player2": 9878,
      "normalized_u1": 99.78785735932922,
      "normalized_u2": 99.78785735932922,
      "harmonic_mean": 99.78785735932924,
      "normalized_harmonic_mean": 99.78785735932922,
      "pareto_optimum": null,
      "by": "Player 2",
      "turn": 1
    }
  ],
  "refusals": [
    {
      "items": [
        "A23",
        "A34",
        "A48",
        "A50",
        "A59",
        "A65",
        "A69",
        "A74",
        "A84",
        "A87",
        "A99",
        "B17",
        "B27",
        "B36",
        "B44",
        "B49",
        "B54",
        "C12",
        "C22",
        "C23",
        "C60",
        "C61",
        "C72",
        "C77",
        "C90",
        "C98"
      ],
      "weight": 7279,
      "utility_player1": 9827,
      "utility_player2": 9827,
      "normalized_u1": 99.27265380341449,
      "normalized_u2": 99.27265380341449,
      "harmonic_mean": 99.27265380341449,
      "normalized_harmonic_mean": 99.27265380341449,
      "pareto_optimum": null,
      "by": "Player 2",
      "turn": 1
    }
  ],
  "agreement": {
    "items": [
      "A23",
      "A34",
      "A48",
      "A50",
      "A59",
      "A65",
      "A69",
      "A74",
      "A84",
      "A87",
      "A90",
      "A99",
      "B17",
      "B27",
      "B36",
      "B49",
      "B54",
      "C12",
      "C22",
      "C23",
      "C51",
      "C60",
      "C61",
      "C72",
      "C77",
      "C98"
    ],
    "weight": 7330,
    "utility_player1": 9878,
    "utility_player2": 9878,
    "normalized_u1": 99.78785735932922,
    "normalized_u2": 99.78785735932922,
    "harmonic_mean": 99.78785735932924,
    "normalized_harmonic_mean": 99.78785735932922,
    "pareto_optimum": null,
    "by": "Player 1",
    "turn": 2
  },
  "max_weight": 7351,
  "scores": {
    "player1_score": 9878,
    "player2_score": 9878,
    "normalized_u1": 99.78785735932922,
    "normalized_u2": 99.78785735932922,
    "harmonic_mean": 99.78785735932924,
    "normalized_harmonic_mean": 99.78785735932922,
    "episode_score": 50.0,
    "pareto_optimum": null,
    "pareto_adherence_rate": null
  },
  "max_u1": 9899,
  "max_u2": 9899,
  "max_harmonic": 1,
  "nb_proposals": 2,
  "player1_optimum": {
    "items": [
      "A23",
      "A34",
      "A42",
      "A48",
      "A50",
      "A59",
      "A62",
      "A65",
      "A69",
      "A74",
      "A84",
      "A87",
      "A99",
      "B17",
      "B27",
      "B36",
      "B44",
      "B49",
      "B54",
      "C12",
      "C22",
      "C23",
      "C60",
      "C61",
      "C77",
      "C98"
    ],
    "utility_player1": 9899,
    "utility_player2": 9899,
    "pareto_optimum": null
  },
  "player2_optimum": {
    "items": [
      "A23",
      "A34",
      "A42",
      "A48",
      "A50",
      "A59",
      "A62",
      "A65",
      "A69",
      "A74",
      "A84",
      "A87",
      "A99",
      "B17",
      "B27",
      "B36",
      "B44",
      "B49",
      "B54",
      "C12",
      "C22",
      "C23",
      "C60",
      "C61",
      "C77",
      "C98"
    ],
    "utility_player1": 9899,
    "utility_player2": 9899,
    "pareto_optimum": null
  },
  "global_optimum": null
}