{
  "results_folder": "claude-sonnet-4-20250514-no-reasoning-t1.0",
  "game_id": 4,
  "proposals": [
    {
      "items": [
        "A36",
        "B05",
        "B16",
        "B73",
        "B93",
        "C11",
        "C13",
        "C34"
      ],
      "weight": 2816,
      "utility_player1": 5459,
      "utility_player2": 5459,
      "normalized_u1": 85.99558916194077,
      "normalized_u2": 85.99558916194077,
      "harmonic_mean": 85.99558916194077,
      "normalized_harmonic_mean": 85.99558916194077,
      "pareto_optimum": false,
      "by": "Player 1",
      "turn": 1
    },
    {
      "items": [
        "A36",
        "B05",
        "B16",
        "B73",
        "B93",
        "C11",
        "C13",
        "C34"
      ],
      "weight": 2816,
      "utility_player1": 5459,
      "utility_player2": 5459,
      "normalized_u1": 85.99558916194077,
      "normalized_u2": 85.99558916194077,
      "harmonic_mean": 85.99558916194077,
      "normalized_harmonic_mean": 85.99558916194077,
      "pareto_optimum": false,
      "by": "Player 1",
      "turn": 2
    },
    {
      "items": [
        "A36",
        "B16",
        "B73",
        "B93",
        "C11",
        "C13",
        "C34"
      ],
      "weight": 1968,
      "utility_player1": 4951,
      "utility_player2": 4951,
      "normalized_u1": 77.99306868304978,
      "normalized_u2": 77.99306868304978,
      "harmonic_mean": 77.99306868304978,
      "normalized_harmonic_mean": 77.99306868304978,
      "pareto_optimum": false,
      "by": "Player 1",
      "turn": 3
    }
  ],
  "refusals": [],
  "agreement": null,
  "max_weight": 3145,
  "scores": {
    "pareto_adherence_rate": 0.0,
    "alternation_rate": 0.0
  },
  "max_u1": 6348,
  "max_u2": 6348,
  "max_harmonic": 1,
  "nb_proposals": 3,
  "player1_optimum": {
    "items": [
      "A36",
      "A63",
      "B16",
      "B73",
      "B93",
      "B98",
      "C11",
      "C13",
      "C34",
      "C45",
      "C89"
    ],
    "utility_player1": 6348,
    "utility_player2": 6348,
    "pareto_optimum": true
  },
  "player2_optimum": {
    "items": [
      "A36",
      "A63",
      "B16",
      "B73",
      "B93",
      "B98",
      "C11",
      "C13",
      "C34",
      "C45",
      "C89"
    ],
    "utility_player1": 6348,
    "utility_player2": 6348,
    "pareto_optimum": true
  },
  "global_optimum": null
}