{
  "results_folder": "claude-sonnet-4-20250514-no-reasoning-t1.0",
  "game_id": 5,
  "proposals": [
    {
      "items": [
        "A45",
        "A61",
        "A89",
        "B85",
        "C04",
        "C64"
      ],
      "weight": 2380,
      "utility_player1": 2958,
      "utility_player2": 912,
      "normalized_u1": 77.4548311076198,
      "normalized_u2": 23.474903474903474,
      "harmonic_mean": 36.029911134457066,
      "normalized_harmonic_mean": 45.38022399291229,
      "pareto_optimum": false,
      "by": "Player 1",
      "turn": 1
    },
    {
      "items": [
        "A45",
        "A61",
        "A89",
        "B85",
        "C04",
        "C64"
      ],
      "weight": 2380,
      "utility_player1": 2958,
      "utility_player2": 912,
      "normalized_u1": 77.4548311076198,
      "normalized_u2": 23.474903474903474,
      "harmonic_mean": 36.029911134457066,
      "normalized_harmonic_mean": 45.38022399291229,
      "pareto_optimum": false,
      "by": "Player 1",
      "turn": 2
    },
    {
      "items": [
        "A45",
        "A61",
        "A89",
        "B85",
        "C04",
        "C64"
      ],
      "weight": 2380,
      "utility_player1": 2958,
      "utility_player2": 912,
      "normalized_u1": 77.4548311076198,
      "normalized_u2": 23.474903474903474,
      "harmonic_mean": 36.029911134457066,
      "normalized_harmonic_mean": 45.38022399291229,
      "pareto_optimum": false,
      "by": "Player 1",
      "turn": 3
    }
  ],
  "refusals": [],
  "agreement": null,
  "max_weight": 3386,
  "scores": {
    "pareto_adherence_rate": 0.0,
    "alternation_rate": 0.0
  },
  "max_u1": 3819,
  "max_u2": 3885,
  "max_harmonic": 79.3956220667496,
  "nb_proposals": 3,
  "player1_optimum": {
    "items": [
      "A45",
      "A61",
      "A89",
      "B21",
      "B85",
      "C04",
      "C49",
      "C64"
    ],
    "utility_player1": 3819,
    "utility_player2": 1389,
    "pareto_optimum": true
  },
  "player2_optimum": {
    "items": [
      "A03",
      "A04",
      "A41",
      "A48",
      "A61",
      "B21",
      "B53",
      "B85",
      "C33"
    ],
    "utility_player1": 2104,
    "utility_player2": 3885,
    "pareto_optimum": true
  },
  "global_optimum": {
    "items": [
      "A03",
      "A04",
      "A48",
      "A61",
      "B21",
      "B53",
      "B85",
      "C04",
      "C49"
    ],
    "utility_player1": 2974,
    "utility_player2": 3146,
    "harmonic_mean": 79.3956220667496,
    "pareto_optimum": true
  }
}