{
  "results_folder": "gpt-5-mini-2025-08-07-no-reasoning-t1.0",
  "game_id": 1,
  "proposals": [
    {
      "items": [
        "A23",
        "A34",
        "A42",
        "A50",
        "A62",
        "A69",
        "A84",
        "A90",
        "A99",
        "B07",
        "B27",
        "B36",
        "B44",
        "B49",
        "B85",
        "C12",
        "C13",
        "C23",
        "C33",
        "C51",
        "C60",
        "C61",
        "C72",
        "C77"
      ],
      "weight": 7650,
      "utility_player1": 9954,
      "utility_player2": 9954,
      "normalized_u1": 95.26270456503015,
      "normalized_u2": 95.26270456503015,
      "harmonic_mean": 95.26270456503015,
      "normalized_harmonic_mean": 95.26270456503015,
      "pareto_optimum": null,
      "by": "Player 1",
      "turn": 1
    },
    {
      "items": [
        "A23",
        "A48",
        "A59",
        "A62",
        "A65",
        "A74",
        "A87",
        "B17",
        "B54",
        "C33",
        "C60",
        "C90",
        "C98",
        "C99"
      ],
      "weight": 8138,
      "utility_player1": 9482,
      "utility_player2": 9482,
      "normalized_u1": 90.74552588764475,
      "normalized_u2": 90.74552588764475,
      "harmonic_mean": 90.74552588764475,
      "normalized_harmonic_mean": 90.74552588764475,
      "pareto_optimum": null,
      "by": "Player 2",
      "turn": 1
    },
    {
      "items": [
        "A23",
        "A48",
        "A59",
        "A62",
        "A65",
        "A74",
        "B54",
        "C22",
        "C23",
        "C33",
        "C51",
        "C60",
        "C90",
        "C98",
        "C99"
      ],
      "weight": 8102,
      "utility_player1": 9542,
      "utility_player2": 9542,
      "normalized_u1": 91.31974351612594,
      "normalized_u2": 91.31974351612594,
      "harmonic_mean": 91.31974351612594,
      "normalized_harmonic_mean": 91.31974351612594,
      "pareto_optimum": null,
      "by": "Player 1",
      "turn": 2
    },
    {
      "items": [
        "A23",
        "A48",
        "A59",
        "A62",
        "A65",
        "A74",
        "B17",
        "B54",
        "C22",
        "C33",
        "C60",
        "C90",
        "C98",
        "C99"
      ],
      "weight": 8139,
      "utility_player1": 9483,
      "utility_player2": 9483,
      "normalized_u1": 90.75509618145277,
      "normalized_u2": 90.75509618145277,
      "harmonic_mean": 90.75509618145277,
      "normalized_harmonic_mean": 90.75509618145277,
      "pareto_optimum": null,
      "by": "Player 2",
      "turn": 2
    },
    {
      "items": [
        "A23",
        "A48",
        "A59",
        "A62",
        "A65",
        "A74",
        "B54",
        "C22",
        "C23",
        "C33",
        "C51",
        "C60",
        "C90",
        "C98",
        "C99"
      ],
      "weight": 8102,
      "utility_player1": 9542,
      "utility_player2": 9542,
      "normalized_u1": 91.31974351612594,
      "normalized_u2": 91.31974351612594,
      "harmonic_mean": 91.31974351612594,
      "normalized_harmonic_mean": 91.31974351612594,
      "pareto_optimum": null,
      "by": "Player 1",
      "turn": 3
    },
    {
      "items": [
        "A23",
        "A48",
        "A59",
        "A62",
        "A65",
        "A74",
        "B17",
        "B54",
        "C22",
        "C33",
        "C60",
        "C90",
        "C98",
        "C99"
      ],
      "weight": 8139,
      "utility_player1": 9483,
      "utility_player2": 9483,
      "normalized_u1": 90.75509618145277,
      "normalized_u2": 90.75509618145277,
      "harmonic_mean": 90.75509618145277,
      "normalized_harmonic_mean": 90.75509618145277,
      "pareto_optimum": null,
      "by": "Player 2",
      "turn": 3
    }
  ],
  "refusals": [
    {
      "items": [
        "A23",
        "A48",
        "A59",
        "A62",
        "A65",
        "A74",
        "A87",
        "B17",
        "B54",
        "C33",
        "C60",
        "C90",
        "C98",
        "C99"
      ],
      "weight": 8138,
      "utility_player1": 9482,
      "utility_player2": 9482,
      "normalized_u1": 90.74552588764475,
      "normalized_u2": 90.74552588764475,
      "harmonic_mean": 90.74552588764475,
      "normalized_harmonic_mean": 90.74552588764475,
      "pareto_optimum": null,
      "by": "Player 1",
      "turn": 2
    },
    {
      "items": [
        "A23",
        "A48",
        "A59",
        "A62",
        "A65",
        "A74",
        "B54",
        "C22",
        "C23",
        "C33",
        "C51",
        "C60",
        "C90",
        "C98",
        "C99"
      ],
      "weight": 8102,
      "utility_player1": 9542,
      "utility_player2": 9542,
      "normalized_u1": 91.31974351612594,
      "normalized_u2": 91.31974351612594,
      "harmonic_mean": 91.31974351612594,
      "normalized_harmonic_mean": 91.31974351612594,
      "pareto_optimum": null,
      "by": "Player 2",
      "turn": 2
    },
    {
      "items": [
        "A23",
        "A48",
        "A59",
        "A62",
        "A65",
        "A74",
        "B17",
        "B54",
        "C22",
        "C33",
        "C60",
        "C90",
        "C98",
        "C99"
      ],
      "weight": 8139,
      "utility_player1": 9483,
      "utility_player2": 9483,
      "normalized_u1": 90.75509618145277,
      "normalized_u2": 90.75509618145277,
      "harmonic_mean": 90.75509618145277,
      "normalized_harmonic_mean": 90.75509618145277,
      "pareto_optimum": null,
      "by": "Player 1",
      "turn": 3
    },
    {
      "items": [
        "A23",
        "A48",
        "A59",
        "A62",
        "A65",
        "A74",
        "B54",
        "C22",
        "C23",
        "C33",
        "C51",
        "C60",
        "C90",
        "C98",
        "C99"
      ],
      "weight": 8102,
      "utility_player1": 9542,
      "utility_player2": 9542,
      "normalized_u1": 91.31974351612594,
      "normalized_u2": 91.31974351612594,
      "harmonic_mean": 91.31974351612594,
      "normalized_harmonic_mean": 91.31974351612594,
      "pareto_optimum": null,
      "by": "Player 2",
      "turn": 3
    }
  ],
  "agreement": {
    "items": [
      "A23",
      "A48",
      "A59",
      "A62",
      "A65",
      "A74",
      "B17",
      "B54",
      "C22",
      "C33",
      "C60",
      "C90",
      "C98",
      "C99"
    ],
    "weight": 8139,
    "utility_player1": 9483,
    "utility_player2": 9483,
    "normalized_u1": 90.75509618145277,
    "normalized_u2": 90.75509618145277,
    "harmonic_mean": 90.75509618145277,
    "normalized_harmonic_mean": 90.75509618145277,
    "pareto_optimum": null,
    "by": "Player 1",
    "turn": 4
  },
  "max_weight": 8145,
  "scores": {
    "player1_score": 9483,
    "player2_score": 9483,
    "normalized_u1": 90.75509618145277,
    "normalized_u2": 90.75509618145277,
    "harmonic_mean": 90.75509618145277,
    "normalized_harmonic_mean": 90.75509618145277,
    "episode_score": 25.0,
    "pareto_optimum": null,
    "pareto_adherence_rate": null,
    "alternation_rate": 1.0
  },
  "max_u1": 10449,
  "max_u2": 10449,
  "max_harmonic": 1,
  "nb_proposals": 6,
  "player1_optimum": {
    "items": [
      "A23",
      "A34",
      "A42",
      "A50",
      "A62",
      "A65",
      "A69",
      "A84",
      "A90",
      "B07",
      "B27",
      "B36",
      "B49",
      "B85",
      "C12",
      "C13",
      "C23",
      "C33",
      "C51",
      "C60",
      "C61",
      "C72",
      "C77",
      "C90"
    ],
    "utility_player1": 10449,
    "utility_player2": 10449,
    "pareto_optimum": null
  },
  "player2_optimum": {
    "items": [
      "A23",
      "A34",
      "A42",
      "A50",
      "A62",
      "A65",
      "A69",
      "A84",
      "A90",
      "B07",
      "B27",
      "B36",
      "B49",
      "B85",
      "C12",
      "C13",
      "C23",
      "C33",
      "C51",
      "C60",
      "C61",
      "C72",
      "C77",
      "C90"
    ],
    "utility_player1": 10449,