{
  "results_folder": "gpt-5-mini-2025-08-07-no-reasoning-t1.0",
  "game_id": 5,
  "proposals": [
    {
      "items": [
        "A25",
        "A28",
        "A39",
        "A46",
        "A71",
        "A75",
        "A88",
        "A94",
        "A96",
        "A97",
        "B15",
        "B19",
        "B23",
        "B34",
        "B37",
        "B43",
        "B69",
        "B81",
        "B95",
        "B96",
        "C10",
        "C51",
        "C53",
        "C60",
        "C79",
        "C82"
      ],
      "weight": 7333,
      "utility_player1": 9881,
      "utility_player2": 9881,
      "normalized_u1": 99.81816345085363,
      "normalized_u2": 99.81816345085363,
      "harmonic_mean": 99.81816345085362,
      "normalized_harmonic_mean": 99.81816345085363,
      "pareto_optimum": null,
      "by": "Player 1",
      "turn": 1
    },
    {
      "items": [
        "A28",
        "A65",
        "A71",
        "A75",
        "A87",
        "A88",
        "A94",
        "A96",
        "A97",
        "B16",
        "B23",
        "B34",
        "B43",
        "B64",
        "B69",
        "B95",
        "B96",
        "C10",
        "C17",
        "C53",
        "C60",
        "C72",
        "C83",
        "C84"
      ],
      "weight": 13000,
      "utility_player1": 0,
      "utility_player2": 0,
      "normalized_u1": 0,
      "normalized_u2": 0,
      "harmonic_mean": 155.08637236084454,
      "normalized_harmonic_mean": 0,
      "pareto_optimum": null,
      "by": "Player 2",
      "turn": 1
    },
    {
      "items": [
        "A25",
        "A28",
        "A39",
        "A46",
        "A71",
        "A75",
        "A87",
        "A88",
        "A94",
        "A96",
        "A97",
        "B15",
        "B19",
        "B23",
        "B34",
        "B37",
        "B69",
        "B81",
        "B96",
        "C10",
        "C51",
        "C53",
        "C72",
        "C79",
        "C82"
      ],
      "weight": 7173,
      "utility_player1": 9623,
      "utility_player2": 9623,
      "normalized_u1": 97.21183957975553,
      "normalized_u2": 97.21183957975553,
      "harmonic_mean": 97.21183957975553,
      "normalized_harmonic_mean": 97.21183957975553,
      "pareto_optimum": null,
      "by": "Player 1",
      "turn": 2
    }
  ],
  "agreement": {
    "items": [
      "A25",
      "A28",
      "A39",
      "A46",
      "A71",
      "A75",
      "A87",
      "A88",
      "A94",
      "A96",
      "A97",
      "B15",
      "B19",
      "B23",
      "B34",
      "B37",
      "B69",
      "B81",
      "B96",
      "C10",
      "C51",
      "C53",
      "C72",
      "C79",
      "C82"
    ],
    "weight": 7173,
    "utility_player1": 9623,
    "utility_player2": 9623,
    "normalized_u1": 97.21183957975553,
    "normalized_u2": 97.21183957975553,
    "harmonic_mean": 97.21183957975553,
    "normalized_harmonic_mean": 97.21183957975553,
    "pareto_optimum": null,
    "by": "Player 2",
    "turn": 2
  },
  "max_weight": 7351,
  "scores": {
    "player1_score": 9623,
    "player2_score": 9623,
    "normalized_u1": 97.21183957975553,
    "normalized_u2": 97.21183957975553,
    "harmonic_mean": 97.21183957975553,
    "normalized_harmonic_mean": 97.21183957975553,
    "episode_score": 50.0,
    "pareto_optimum": null
  },
  "max_u1": 9899,
  "max_u2": 9899,
  "max_harmonic": 1,
  "player1_optimum": {
    "items": [
      "A08",
      "A25",
      "A28",
      "A39",
      "A46",
      "A71",
      "A75",
      "A88",
      "A94",
      "A96",
      "A97",
      "B15",
      "B19",
      "B23",
      "B34",
      "B37",
      "B43",
      "B69",
      "B81",
      "B96",
      "C51",
      "C53",
      "C60",
      "C79",
      "C82",
      "C83"
    ],
    "utility_player1": 9899,
    "utility_player2": 9899,
    "pareto_optimum": null
  },
  "player2_optimum": {
    "items": [
      "A08",
      "A25",
      "A28",
      "A39",
      "A46",
      "A71",
      "A75",
      "A88",
      "A94",
      "A96",
      "A97",
      "B15",
      "B19",
      "B23",
      "B34",
      "B37",
      "B43",
      "B69",
      "B81",
      "B96",
      "C51",
      "C53",
      "C60",
      "C79",
      "C82",
      "C83"
    ],
    "utility_player1": 9899,
    "utility_player2": 9899,
    "pareto_optimum": null
  },
  "global_optimum": null
}