{
  "results_folder": "gpt-5-mini-2025-08-07-no-reasoning-t1.0",
  "game_id": 0,
  "proposals": [
    {
      "items": [
        "A05",
        "A08",
        "A16",
        "A27",
        "A30",
        "A58",
        "A66",
        "A84",
        "B09",
        "B10",
        "B12",
        "B21",
        "B46",
        "B60",
        "B67",
        "B69",
        "B75",
        "B85",
        "B94",
        "C15",
        "C34",
        "C35",
        "C65",
        "C70"
      ],
      "weight": 7595,
      "utility_player1": 14422,
      "utility_player2": 14422,
      "normalized_u1": 98.80789257330775,
      "normalized_u2": 98.80789257330775,
      "harmonic_mean": 98.80789257330775,
      "normalized_harmonic_mean": 98.80789257330775,
      "pareto_optimum": null,
      "by": "Player 1",
      "turn": 1
    },
    {
      "items": [
        "A05",
        "A08",
        "A16",
        "A27",
        "A30",
        "A58",
        "A66",
        "A84",
        "B09",
        "B10",
        "B12",
        "B46",
        "B60",
        "B67",
        "B75",
        "B85",
        "B94",
        "C15",
        "C34",
        "C35",
        "C70"
      ],
      "weight": 6899,
      "utility_player1": 14066,
      "utility_player2": 14066,
      "normalized_u1": 96.36886818306385,
      "normalized_u2": 96.36886818306385,
      "harmonic_mean": 96.36886818306384,
      "normalized_harmonic_mean": 96.36886818306385,
      "pareto_optimum": null,
      "by": "Player 2",
      "turn": 1
    },
    {
      "items": [
        "A05",
        "A08",
        "A16",
        "A27",
        "A30",
        "A58",
        "A66",
        "A84",
        "B09",
        "B10",
        "B12",
        "B45",
        "B46",
        "B60",
        "B67",
        "B75",
        "B85",
        "B94",
        "C15",
        "C34",
        "C35",
        "C70"
      ],
      "weight": 7536,
      "utility_player1": 14527,
      "utility_player2": 14527,
      "normalized_u1": 99.52726774458756,
      "normalized_u2": 99.52726774458756,
      "harmonic_mean": 99.52726774458756,
      "normalized_harmonic_mean": 99.52726774458756,
      "pareto_optimum": null,
      "by": "Player 1",
      "turn": 2
    }
  ],
  "agreement": {
    "items": [
      "A05",
      "A08",
      "A16",
      "A27",
      "A30",
      "A58",
      "A66",
      "A84",
      "B09",
      "B10",
      "B12",
      "B45",
      "B46",
      "B60",
      "B67",
      "B75",
      "B85",
      "B94",
      "C15",
      "C34",
      "C35",
      "C70"
    ],
    "weight": 7536,
    "utility_player1": 14527,
    "utility_player2": 14527,
    "normalized_u1": 99.52726774458756,
    "normalized_u2": 99.52726774458756,
    "harmonic_mean": 99.52726774458756,
    "normalized_harmonic_mean": 99.52726774458756,
    "pareto_optimum": null,
    "by": "Player 2",
    "turn": 2
  },
  "max_weight": 7605,
  "scores": {
    "player1_score": 14527,
    "player2_score": 14527,
    "normalized_u1": 99.52726774458756,
    "normalized_u2": 99.52726774458756,
    "harmonic_mean": 99.52726774458756,
    "normalized_harmonic_mean": 99.52726774458756,
    "episode_score": 50.0,
    "pareto_optimum": null
  },
  "max_u1": 14596,
  "max_u2": 14596,
  "max_harmonic": 1,
  "player1_optimum": {
    "items": [
      "A05",
      "A08",
      "A16",
      "A27",
      "A30",
      "A58",
      "A66",
      "A84",
      "B09",
      "B10",
      "B12",
      "B46",
      "B60",
      "B67",
      "B69",
      "B85",
      "B94",
      "C12",
      "C15",
      "C34",
      "C35",
      "C70"
    ],
    "utility_player1": 14596,
    "utility_player2": 14596,
    "pareto_optimum": null
  },
  "player2_optimum": {
    "items": [
      "A05",
      "A08",
      "A16",
      "A27",
      "A30",
      "A58",
      "A66",
      "A84",
      "B09",
      "B10",
      "B12",
      "B46",
      "B60",
      "B67",
      "B69",
      "B85",
      "B94",
      "C12",
      "C15",
      "C34",
      "C35",
      "C70"
    ],
    "utility_player1": 14596,
    "utility_player2": 14596,
    "pareto_optimum": null
  },
  "global_optimum": null
}