{
  "results_folder": "deepseek-r1-distill-llama-70b-t1.0",
  "game_id": 3,
  "proposals": [
    {
      "items": [
        "A34",
        "A50",
        "A59",
        "A62",
        "A65",
        "A74",
        "A90",
        "B07",
        "B17",
        "B54",
        "C12",
        "C13",
        "C51",
        "C72",
        "C90"
      ],
      "weight": 6842,
      "utility_player1": 8327,
      "utility_player2": 8327,
      "normalized_u1": 86.82097800020853,
      "normalized_u2": 86.82097800020853,
      "harmonic_mean": 86.82097800020853,
      "normalized_harmonic_mean": 86.82097800020853,
      "pareto_optimum": null,
      "by": "Player 1",
      "turn": 1
    },
    {
      "items": [
        "A34",
        "A50",
        "A59",
        "A62",
        "A65",
        "A74",
        "A90",
        "B07",
        "B17",
        "B54",
        "C12",
        "C13",
        "C51",
        "C72",
        "C90"
      ],
      "weight": 6842,
      "utility_player1": 8327,
      "utility_player2": 8327,
      "normalized_u1": 86.82097800020853,
      "normalized_u2": 86.82097800020853,
      "harmonic_mean": 86.82097800020853,
      "normalized_harmonic_mean": 86.82097800020853,
      "pareto_optimum": null,
      "by": "Player 1",
      "turn": 2
    },
    {
      "items": [
        "A62",
        "A65",
        "A74",
        "A90",
        "B36",
        "B54",
        "B85",
        "C13",
        "C23",
        "C72",
        "C90",
        "C98"
      ],
      "weight": 9115,
      "utility_player1": 0,
      "utility_player2": 0,
      "normalized_u1": 0,
      "normalized_u2": 0,
      "harmonic_mean": 107.42362631633824,
      "normalized_harmonic_mean": 0,
      "pareto_optimum": null,
      "by": "Player 1",
      "turn": 3
    },
    {
      "items": [
        "A62",
        "A65",
        "A74",
        "A90",
        "B36",
        "B54",
        "B85",
        "C13",
        "C22",
        "C23",
        "C72",
        "C90",
        "C98"
      ],
      "weight": 9639,
      "utility_player1": 0,
      "utility_player2": 0,
      "normalized_u1": 0,
      "normalized_u2": 0,
      "harmonic_mean": 113.91929934313417,
      "normalized_harmonic_mean": 0,
      "pareto_optimum": null,
      "by": "Player 2",
      "turn": 3
    }
  ],
  "refusals": [
    {
      "items": [
        "A34",
        "A50",
        "A59",
        "A62",
        "A65",
        "A74",
        "A90",
        "B07",
        "B17",
        "B54",
        "C12",
        "C13",
        "C51",
        "C72",
        "C90"
      ],
      "weight": 6842,
      "utility_player1": 8327,
      "utility_player2": 8327,
      "normalized_u1": 86.82097800020853,
      "normalized_u2": 86.82097800020853,
      "harmonic_mean": 86.82097800020853,
      "normalized_harmonic_mean": 86.82097800020853,
      "pareto_optimum": null,
      "by": "Player 2",
      "turn": 2
    }
  ],
  "agreement": {
    "items": [
      "A62",
      "A65",
      "A74",
      "A90",
      "B36",
      "B54",
      "B85",
      "C13",
      "C22",
      "C23",
      "C72",
      "C90",
      "C98"
    ],
    "weight": 9639,
    "utility_player1": 0,
    "utility_player2": 0,
    "normalized_u1": 0,
    "normalized_u2": 0,
    "harmonic_mean": 113.91929934313417,
    "normalized_harmonic_mean": 0,
    "pareto_optimum": null,
    "by": "Player 1",
    "turn": 4
  },
  "max_weight": 6938,
  "scores": {
    "player1_score": 0,
    "player2_score": 0,
    "normalized_u1": 0,
    "normalized_u2": 0,
    "harmonic_mean": 113.91929934313417,
    "normalized_harmonic_mean": 0,
    "episode_score": 25.0,
    "pareto_optimum": null,
    "pareto_adherence_rate": null,
    "alternation_rate": 0.3333333333333333,
    "avg_normalized_substitutions": 0.2722222222222222
  },
  "max_u1": 9591,
  "max_u2": 9591,
  "max_harmonic": 1,
  "nb_proposals": 4,
  "normalized_substitutions_per_proposal": [
    0.0,
    0.7333333333333333,
    0.08333333333333333
  ],
  "player1_optimum": {
    "items": [
      "A23",
      "A34",
      "A42",
      "A48",
      "A50",
      "A59",
      "A62",
      "A69",
      "A84",
      "A90",
      "A99",
      "B07",
      "B17",
      "B27",
      "B44",
      "B49",
      "B85",
      "C12",
      "C22",
      "C23",
      "C33",
      "C51",
      "C60",
      "C61",
      "C77",
      "C98",
      "C99"
    ],
    "utility_player1": 9591,
    "utility_player2": 9591,
    "pareto_optimum": null
  },
  "player2_optimum": {
    "items": [
      "A23",
      "A34",
      "A42",
      "A48",
      "A50",
      "A59",
      "A62",
      "A69",
      "A84",
      "A90",
      "A99",
      "B07",
      "B17",
      "B27",
      "B44",
      "B49",
      "B85",
      "C12",
      "C22",
      "C23",
      "C33",
      "C51",
      "C60",
      "C61",
      "C77",
      "C98",
      "C99"
    ],
    "utility_player1": 9591,
    "utility_player2": 9591,
    "pareto_optimum": null
  }
}