{
  "results_folder": "nemotron-nano-9b-v2-t1.0",
  "game_id": 3,
  "proposals": [
    {
      "items": [
        "A56",
        "A93",
        "B05",
        "B49",
        "C15",
        "C28",
        "C48",
        "C60"
      ],
      "weight": 2961,
      "utility_player1": 5436,
      "utility_player2": 5436,
      "normalized_u1": 96.31467044649185,
      "normalized_u2": 96.31467044649185,
      "harmonic_mean": 96.31467044649186,
      "normalized_harmonic_mean": 96.31467044649185,
      "pareto_optimum": false,
      "by": "Player 1",
      "turn": 1
    },
    {
      "items": [
        "A56",
        "A93",
        "B05",
        "B49",
        "C15",
        "C28",
        "C48",
        "C60"
      ],
      "weight": 2961,
      "utility_player1": 5436,
      "utility_player2": 5436,
      "normalized_u1": 96.31467044649185,
      "normalized_u2": 96.31467044649185,
      "harmonic_mean": 96.31467044649186,
      "normalized_harmonic_mean": 96.31467044649185,
      "pareto_optimum": false,
      "by": "Player 1",
      "turn": 2
    }
  ],
  "refusals": [],
  "agreement": {
    "items": [
      "A56",
      "A93",
      "B05",
      "B49",
      "C15",
      "C28",
      "C48",
      "C60"
    ],
    "weight": 2961,
    "utility_player1": 5436,
    "utility_player2": 5436,
    "normalized_u1": 96.31467044649185,
    "normalized_u2": 96.31467044649185,
    "harmonic_mean": 96.31467044649186,
    "normalized_harmonic_mean": 96.31467044649185,
    "pareto_optimum": false,
    "by": "Player 2",
    "turn": 2
  },
  "max_weight": 3207,
  "scores": {
    "player1_score": 5436,
    "player2_score": 5436,
    "normalized_u1": 96.31467044649185,
    "normalized_u2": 96.31467044649185,
    "harmonic_mean": 96.31467044649186,
    "normalized_harmonic_mean": 96.31467044649185,
    "episode_score": 50.0,
    "pareto_optimum": false,
    "pareto_adherence_rate": 0.0,
    "alternation_rate": 0.0,
    "avg_normalized_substitutions": 0.0
  },
  "max_u1": 5644,
  "max_u2": 5644,
  "max_harmonic": 1,
  "nb_proposals": 2,
  "normalized_substitutions_per_proposal": [
    0.0
  ],
  "player1_optimum": {
    "items": [
      "A35",
      "A93",
      "B05",
      "B49",
      "B66",
      "C15",
      "C28",
      "C41",
      "C48",
      "C60"
    ],
    "utility_player1": 5644,
    "utility_player2": 5644,
    "pareto_optimum": true
  },
  "player2_optimum": {
    "items": [
      "A35",
      "A93",
      "B05",
      "B49",
      "B66",
      "C15",
      "C28",
      "C41",
      "C48",
      "C60"
    ],
    "utility_player1": 5644,
    "utility_player2": 5644,
    "pareto_optimum": true
  }
}