{
  "results_folder": "claude-sonnet-4-20250514-t1.0",
  "game_id": 0,
  "proposals": [
    {
      "items": [
        "A23",
        "A34",
        "A42",
        "A48",
        "A50",
        "A59",
        "A62",
        "A65",
        "A69",
        "A74",
        "A84",
        "A87",
        "A90",
        "A99",
        "B07",
        "B17",
        "B27",
        "B36",
        "B44",
        "B49",
        "B54",
        "B85",
        "C12",
        "C13",
        "C22",
        "C23",
        "C33",
        "C51",
        "C60",
        "C61",
        "C72",
        "C77",
        "C90",
        "C98",
        "C99"
      ],
      "weight": 20146,
      "utility_player1": 0,
      "utility_player2": 0,
      "normalized_u1": 0,
      "normalized_u2": 0,
      "harmonic_mean": 191.1821862348178,
      "normalized_harmonic_mean": 0,
      "pareto_optimum": null,
      "by": "Player 1",
      "turn": 1
    },
    {
      "items": [
        "A34",
        "A42",
        "A62",
        "A69",
        "A74",
        "A90",
        "B07",
        "B17",
        "B44",
        "C12",
        "C13",
        "C22",
        "C72"
      ],
      "weight": 11134,
      "utility_player1": 0,
      "utility_player2": 0,
      "normalized_u1": 0,
      "normalized_u2": 0,
      "harmonic_mean": 100.57489878542509,
      "normalized_harmonic_mean": 0,
      "pareto_optimum": null,
      "by": "Player 2",
      "turn": 1
    },
    {
      "items": [
        "A50",
        "A65",
        "A84",
        "A87",
        "A99",
        "B27",
        "B36",
        "B54",
        "B85",
        "C33",
        "C60",
        "C61",
        "C77",
        "C90",
        "C98",
        "C99"
      ],
      "weight": 5069,
      "utility_player1": 6653,
      "utility_player2": 6653,
      "normalized_u1": 53.87044534412956,
      "normalized_u2": 53.87044534412956,
      "harmonic_mean": 53.87044534412956,
      "normalized_harmonic_mean": 53.87044534412956,
      "pareto_optimum": null,
      "by": "Player 1",
      "turn": 2
    },
    {
      "items": [
        "A23",
        "A42",
        "A48",
        "A50",
        "A59",
        "A65",
        "A84",
        "A87",
        "A99",
        "B27",
        "B36",
        "B49",
        "B54",
        "B85",
        "C23",
        "C33",
        "C60",
        "C61",
        "C72",
        "C77",
        "C90",
        "C98",
        "C99"
      ],
      "weight": 9879,
      "utility_player1": 12156,
      "utility_player2": 12156,
      "normalized_u1": 98.42914979757084,
      "normalized_u2": 98.42914979757084,
      "harmonic_mean": 98.42914979757083,
      "normalized_harmonic_mean": 98.42914979757084,
      "pareto_optimum": null,
      "by": "Player 2",
      "turn": 2
    },
    {
      "items": [
        "A48",
        "A50",
        "A65",
        "A84",
        "A87",
        "A99",
        "B07",
        "B27",
        "B36",
        "B54",
        "B85",
        "C13",
        "C22",
        "C33",
        "C51",
        "C60",
        "C61",
        "C77",
        "C90",
        "C98",
        "C99"
      ],
      "weight": 8635,
      "utility_player1": 10714,
      "utility_player2": 10714,
      "normalized_u1": 86.75303643724696,
      "normalized_u2": 86.75303643724696,
      "harmonic_mean": 86.75303643724696,
      "normalized_harmonic_mean": 86.75303643724696,
      "pareto_optimum": null,
      "by": "Player 1",
      "turn": 3
    },
    {
      "items": [
        "A48",
        "A50",
        "A65",
        "A69",
        "A84",
        "A87",
        "A99",
        "B07",
        "B27",
        "B36",
        "B54",
        "B85",
        "C13",
        "C22",
        "C33",
        "C51",
        "C60",
        "C61",
        "C77",
        "C90",
        "C98",
        "C99"
      ],
      "weight": 9618,
      "utility_player1": 11796,
      "utility_player2": 11796,
      "normalized_u1": 95.51417004048584,
      "normalized_u2": 95.51417004048584,
      "harmonic_mean": 95.51417004048584,
      "normalized_harmonic_mean": 95.51417004048584,
      "pareto_optimum": null,
      "by": "Player 2",
      "turn": 3
    },
    {
      "items": [
        "A23",
        "A48",
        "A50",
        "A59",
        "A65",
        "A69",
        "A84",
        "A87",
        "A99",
        "B27",
        "B36",
        "B54",
        "B85",
        "C33",
        "C60",
        "C61",
        "C77",
        "C90",
        "C98",
        "C99"
      ],
      "weight": 7920,
      "utility_player1": 9900,
      "utility_player2": 9900,
      "normalized_u1": 80.16194331983806,
      "normalized_u2": 80.16194331983806,
      "harmonic_mean": 80.16194331983806,
      "normalized_harmonic_mean": 80.16194331983806,
      "pareto_optimum": null,
      "by": "Player 1",
      "turn": 4
    },
    {
      "items": [
        "A23",
        "A48",
        "A50",
        "A59",
        "A65",
        "A69",
        "A84",
        "A87",
        "A99",
        "B27",
        "B36",
        "B44",
        "B54",
        "B85",
        "C33",
        "C60",
        "C61",
        "C77",
        "C90",
        "C98",
        "C99"
      ],
      "weight": 8917,
      "utility_player1": 10996,
      "utility_player2": 10996,
      "normalized_u1": 89.03643724696356,
      "normalized_u2": 89.03643724696356,
      "harmonic_mean": 89.03643724696356,
      "normalized_harmonic_mean": 89.03643724696356,
      "pareto_optimum": null,
      "by": "Player 2",
      "turn": 4
    }
  ],
  "refusals": [
    {
      "items": [
        "A23",
        "A34",
        "A42",
        "A48",
        "A50",
        "A59",
        "A62",
        "A65",
        "A69",
        "A74",
        "A84",
        "A87",
        "A90",
        "A99",
        "B07",
        "B17",
        "B27",
        "B36",
        "B44",
        "B49",
        "B54",
        "B85",
        "C12",
        "C13",
        "C22",
        "C23",
        "C33",
        "C51",
        "C60",
        "C61",
        "C72",
        "C77",
        "C90",
        "C98",
        "C99"
      ],
      "weight": 20146,
      "utility_player1": 0,
      "utility_player2": 0,
      "normalized_u1": 0,
      "normalized_u2": 0,
      "harmonic_mean": 191.1821862348178,
      "normalized_harmonic_mean": 0,
      "pareto_optimum": null,
      "by": "Player 2",
      "turn": 1
    },
    {
      "items": [
        "A34",
        "A42",
        "A62",
        "A69",
        "A74",
        "A90",
        "B07",
        "B17",
        "B44",
        "C12",
        "C13",
        "C22",
        "C72"
      ],
      "weight": 11134,
      "utility_player1": 0,
      "utility_player2": 0,
      "normalized_u1": 0,
      "normalized_u2": 0,
      "harmonic_mean": 100.57489878542509,
      "normalized_harmonic_mean": 0,
      "pareto_optimum": null,
      "by": "Player 1",
      "turn": 2
    },
    {
      "items": [
        "A50",
        "A65",
        "A84",
        "A87",
        "A99",
        "B27",
        "B36",
        "B54",
        "B85",
        "C33",
        "C60",
        "C61",
        "C77",
        "C90",
        "C98",
        "C99"
      ],
      "weight": 5069,
      "utility_player1": 6653,
      "utility_player2": 6653,
      "normalized_u1": 53.87044534412956,
      "normalized_u2": 53.87044534412956,
      "harmonic_mean": 53.87044534412956,
      "normalized_harmonic_mean": 53.87044534412956,
      "pareto_optimum": null,
      "by": "Player 2",
      "turn": 2
    },
    {
      "items": [
        "A23",
        "A42",
        "A48",
        "A50",
        "A59",
        "A65",
        "A84",
        "A87",
        "A99",
        "B27",
        "B36",
        "B49",
        "B54",
        "B85",
        "C23",
        "C33",
        "C60",
        "C61",
        "C72",
        "C77",
        "C90",
        "C98",
        "C99"
      ],
      "weight": 9879,
      "utility_player1": 12156,
      "utility_player2": 12156,