{
  "results_folder": "llama-3.3-70b-instruct-t1.0",
  "game_id": 3,
  "proposals": [
    {
      "items": [
        "A43",
        "C42",
        "C55"
      ],
      "weight": 1015,
      "utility_player1": 2259,
      "utility_player2": 2259,
      "normalized_u1": 36.66017526777021,
      "normalized_u2": 36.66017526777021,
      "harmonic_mean": 36.66017526777021,
      "normalized_harmonic_mean": 36.66017526777021,
      "pareto_optimum": null,
      "by": "Player 1",
      "turn": 1
    },
    {
      "items": [
        "A43",
        "C42",
        "C55"
      ],
      "weight": 1015,
      "utility_player1": 2259,
      "utility_player2": 2259,
      "normalized_u1": 36.66017526777021,
      "normalized_u2": 36.66017526777021,
      "harmonic_mean": 36.66017526777021,
      "normalized_harmonic_mean": 36.66017526777021,
      "pareto_optimum": null,
      "by": "Player 1",
      "turn": 2
    },
    {
      "items": [
        "A43",
        "C42",
        "C55"
      ],
      "weight": 1015,
      "utility_player1": 2259,
      "utility_player2": 2259,
      "normalized_u1": 36.66017526777021,
      "normalized_u2": 36.66017526777021,
      "harmonic_mean": 36.66017526777021,
      "normalized_harmonic_mean": 36.66017526777021,
      "pareto_optimum": null,
      "by": "Player 1",
      "turn": 3
    }
  ],
  "agreement": null,
  "max_weight": 3712,
  "scores": {},
  "max_u1": 6162,
  "max_u2": 6162,
  "max_harmonic": 1,
  "player1_optimum": {
    "items": [
      "A43",
      "A67",
      "B36",
      "B42",
      "C10",
      "C42",
      "C55",
      "C61",
      "C67"
    ],
    "utility_player1": 6162,
    "utility_player2": 6162,
    "pareto_optimum": null
  },
  "player2_optimum": {
    "items": [
      "A43",
      "A67",
      "B36",
      "B42",
      "C10",
      "C42",
      "C55",
      "C61",
      "C67"
    ],
    "utility_player1": 6162,
    "utility_player2": 6162,
    "pareto_optimum": null
  },
  "global_optimum": null
}