{
  "results_folder": "gpt-5-mini-2025-08-07-no-reasoning-t1.0",
  "game_id": 0,
  "proposals": [
    {
      "items": [
        "A40",
        "A77",
        "A81",
        "A91",
        "A95",
        "B38",
        "B54",
        "B56",
        "B59",
        "B60",
        "B79",
        "B86",
        "B96",
        "C03",
        "C05",
        "C14",
        "C16",
        "C28",
        "C31",
        "C50"
      ],
      "weight": 7547,
      "utility_player1": 14216,
      "utility_player2": 14216,
      "normalized_u1": 97.39654699917786,
      "normalized_u2": 97.39654699917786,
      "harmonic_mean": 97.39654699917786,
      "normalized_harmonic_mean": 97.39654699917786,
      "pareto_optimum": null,
      "by": "Player 1",
      "turn": 1
    },
    {
      "items": [
        "A40",
        "A77",
        "A81",
        "A91",
        "A95",
        "B38",
        "B54",
        "B56",
        "B59",
        "B60",
        "B79",
        "B86",
        "B96",
        "C03",
        "C05",
        "C14",
        "C16",
        "C28",
        "C31",
        "C50"
      ],
      "weight": 7547,
      "utility_player1": 14216,
      "utility_player2": 14216,
      "normalized_u1": 97.39654699917786,
      "normalized_u2": 97.39654699917786,
      "harmonic_mean": 97.39654699917786,
      "normalized_harmonic_mean": 97.39654699917786,
      "pareto_optimum": null,
      "by": "Player 1",
      "turn": 2
    },
    {
      "items": [
        "A40",
        "A77",
        "A81",
        "A91",
        "A95",
        "B38",
        "B54",
        "B56",
        "B59",
        "B60",
        "B79",
        "B86",
        "B96",
        "C05",
        "C14",
        "C16",
        "C24",
        "C28",
        "C31",
        "C50",
        "C61"
      ],
      "weight": 7466,
      "utility_player1": 14268,
      "utility_player2": 14268,
      "normalized_u1": 97.75280898876404,
      "normalized_u2": 97.75280898876404,
      "harmonic_mean": 97.75280898876404,
      "normalized_harmonic_mean": 97.75280898876404,
      "pareto_optimum": null,
      "by": "Player 2",
      "turn": 2
    }
  ],
  "refusals": [],
  "agreement": {
    "items": [
      "A40",
      "A77",
      "A81",
      "A91",
      "A95",
      "B38",
      "B54",
      "B56",
      "B59",
      "B60",
      "B79",
      "B86",
      "B96",
      "C05",
      "C14",
      "C16",
      "C24",
      "C28",
      "C31",
      "C50",
      "C61"
    ],
    "weight": 7466,
    "utility_player1": 14268,
    "utility_player2": 14268,
    "normalized_u1": 97.75280898876404,
    "normalized_u2": 97.75280898876404,
    "harmonic_mean": 97.75280898876404,
    "normalized_harmonic_mean": 97.75280898876404,
    "pareto_optimum": null,
    "by": "Player 1",
    "turn": 3
  },
  "max_weight": 7605,
  "scores": {
    "player1_score": 14268,
    "player2_score": 14268,
    "normalized_u1": 97.75280898876404,
    "normalized_u2": 97.75280898876404,
    "harmonic_mean": 97.75280898876404,
    "normalized_harmonic_mean": 97.75280898876404,
    "episode_score": 33.333333333333336,
    "pareto_optimum": null,
    "pareto_adherence_rate": null,
    "alternation_rate": 0.5,
    "avg_normalized_substitutions": 0.075
  },
  "max_u1": 14596,
  "max_u2": 14596,
  "max_harmonic": 1,
  "nb_proposals": 3,
  "normalized_substitutions_per_proposal": [
    0.0,
    0.15
  ],
  "player1_optimum": {
    "items": [
      "A40",
      "A81",
      "A91",
      "A95",
      "B11",
      "B24",
      "B38",
      "B54",
      "B56",
      "B59",
      "B60",
      "B79",
      "B86",
      "B96",
      "C05",
      "C14",
      "C16",
      "C24",
      "C28",
      "C31",
      "C50",
      "C61"
    ],
    "utility_player1": 14596,
    "utility_player2": 14596,
    "pareto_optimum": null
  },
  "player2_optimum": {
    "items": [
      "A40",
      "A81",
      "A91",
      "A95",
      "B11",
      "B24",
      "B38",
      "B54",
      "B56",
      "B59",
      "B60",
      "B79",
      "B86",
      "B96",
      "C05",
      "C14",
      "C16",
      "C24",
      "C28",
      "C31",
      "C50",
      "C61"
    ],
    "utility_player1": 14596,
    "utility_player2": 14596,
    "pareto_optimum": null
  }
}