{
  "results_folder": "gpt-5-mini-2025-08-07-no-reasoning-t1.0",
  "game_id": 3,
  "proposals": [
    {
      "items": [
        "A34",
        "A42",
        "A48",
        "A50",
        "A59",
        "A62",
        "A69",
        "A74",
        "A84",
        "A87",
        "A90",
        "A99",
        "B07",
        "B17",
        "B44",
        "B49",
        "C12",
        "C22",
        "C23",
        "C33",
        "C51",
        "C60",
        "C61",
        "C77",
        "C99"
      ],
      "weight": 6870,
      "utility_player1": 9345,
      "utility_player2": 9345,
      "normalized_u1": 97.43509540193932,
      "normalized_u2": 97.43509540193932,
      "harmonic_mean": 97.43509540193932,
      "normalized_harmonic_mean": 97.43509540193932,
      "pareto_optimum": null,
      "by": "Player 1",
      "turn": 1
    },
    {
      "items": [
        "A34",
        "A48",
        "A50",
        "A59",
        "A62",
        "A69",
        "A74",
        "A84",
        "A87",
        "A90",
        "A99",
        "B07",
        "B17",
        "C12",
        "C13",
        "C22",
        "C23",
        "C51",
        "C61",
        "C77",
        "C90",
        "C99"
      ],
      "weight": 7126,
      "utility_player1": 0,
      "utility_player2": 0,
      "normalized_u1": 0,
      "normalized_u2": 0,
      "harmonic_mean": 97.00761130226255,
      "normalized_harmonic_mean": 0,
      "pareto_optimum": null,
      "by": "Player 2",
      "turn": 1
    },
    {
      "items": [
        "A34",
        "A42",
        "A48",
        "A50",
        "A59",
        "A62",
        "A69",
        "A84",
        "A90",
        "A99",
        "B07",
        "B17",
        "B44",
        "B49",
        "C12",
        "C13",
        "C22",
        "C23",
        "C33",
        "C51",
        "C60",
        "C61",
        "C77",
        "C90",
        "C99"
      ],
      "weight": 6925,
      "utility_player1": 9400,
      "utility_player2": 9400,
      "normalized_u1": 98.00854968199354,
      "normalized_u2": 98.00854968199354,
      "harmonic_mean": 98.00854968199354,
      "normalized_harmonic_mean": 98.00854968199354,
      "pareto_optimum": null,
      "by": "Player 1",
      "turn": 2
    },
    {
      "items": [
        "A34",
        "A48",
        "A50",
        "A59",
        "A62",
        "A69",
        "A74",
        "A84",
        "A90",
        "A99",
        "B07",
        "B17",
        "B44",
        "C12",
        "C13",
        "C22",
        "C23",
        "C51",
        "C61",
        "C77",
        "C90",
        "C99"
      ],
      "weight": 6444,
      "utility_player1": 8622,
      "utility_player2": 8622,
      "normalized_u1": 89.89677822959024,
      "normalized_u2": 89.89677822959024,
      "harmonic_mean": 89.89677822959024,
      "normalized_harmonic_mean": 89.89677822959024,
      "pareto_optimum": null,
      "by": "Player 2",
      "turn": 2
    },
    {
      "items": [
        "A34",
        "A48",
        "A50",
        "A59",
        "A62",
        "A69",
        "A74",
        "A84",
        "A87",
        "A90",
        "A99",
        "B07",
        "B17",
        "B44",
        "C12",
        "C13",
        "C22",
        "C23",
        "C51",
        "C61",
        "C77",
        "C99"
      ],
      "weight": 6461,
      "utility_player1": 8639,
      "utility_player2": 8639,
      "normalized_u1": 90.07402773433427,
      "normalized_u2": 90.07402773433427,
      "harmonic_mean": 90.07402773433427,
      "normalized_harmonic_mean": 90.07402773433427,
      "pareto_optimum": null,
      "by": "Player 1",
      "turn": 3
    },
    {
      "items": [
        "A34",
        "A48",
        "A50",
        "A59",
        "A62",
        "A74",
        "A84",
        "A87",
        "A90",
        "A99",
        "B07",
        "B17",
        "B44",
        "C12",
        "C13",
        "C22",
        "C23",
        "C51",
        "C61",
        "C77",
        "C90"
      ],
      "weight": 6364,
      "utility_player1": 8443,
      "utility_player2": 8443,
      "normalized_u1": 88.03044520905016,
      "normalized_u2": 88.03044520905016,
      "harmonic_mean": 88.03044520905016,
      "normalized_harmonic_mean": 88.03044520905016,
      "pareto_optimum": null,
      "by": "Player 2",
      "turn": 3
    },
    {
      "items": [
        "A34",
        "A50",
        "A59",
        "A62",
        "A69",
        "A74",
        "A84",
        "A87",
        "A90",
        "A99",
        "B07",
        "B17",
        "B44",
        "C12",
        "C13",
        "C23",
        "C51",
        "C61",
        "C77",
        "C90",
        "C99"
      ],
      "weight": 6446,
      "utility_player1": 8525,
      "utility_player2": 8525,
      "normalized_u1": 88.8854134084037,
      "normalized_u2": 88.8854134084037,
      "harmonic_mean": 88.8854134084037,
      "normalized_harmonic_mean": 88.8854134084037,
      "pareto_optimum": null,
      "by": "Player 1",
      "turn": 4
    },
    {
      "items": [
        "A34",
        "A50",
        "A59",
        "A62",
        "A69",
        "A74",
        "A84",
        "A87",
        "A90",
        "A99",
        "B17",
        "C12",
        "C13",
        "C22",
        "C23",
        "C77",
        "C90",
        "C99"
      ],
      "weight": 6560,
      "utility_player1": 8342,
      "utility_player2": 8342,
      "normalized_u1": 86.9773746220415,
      "normalized_u2": 86.9773746220415,
      "harmonic_mean": 86.9773746220415,
      "normalized_harmonic_mean": 86.9773746220415,
      "pareto_optimum": null,
      "by": "Player 2",
      "turn": 4
    },
    {
      "items": [
        "A34",
        "A50",
        "A59",
        "A62",
        "A69",
        "A74",
        "A84",
        "A87",
        "A90",
        "A99",
        "B17",
        "C12",
        "C13",
        "C22",
        "C23",
        "C51",
        "C77",
        "C90",
        "C99"
      ],
      "weight": 6727,
      "utility_player1": 8608,
      "utility_player2": 8608,
      "normalized_u1": 89.75080804921281,
      "normalized_u2": 89.75080804921281,
      "harmonic_mean": 89.75080804921281,
      "normalized_harmonic_mean": 89.75080804921281,
      "pareto_optimum": null,
      "by": "Player 1",
      "turn": 5
    }
  ],
  "refusals": [
    {
      "items": [
        "A34",
        "A42",
        "A48",
        "A50",
        "A59",
        "A62",
        "A69",
        "A74",
        "A84",
        "A87",
        "A90",
        "A99",
        "B07",
        "B17",
        "B44",
        "B49",
        "C12",
        "C22",
        "C23",
        "C33",
        "C51",
        "C60",
        "C61",
        "C77",
        "C99"
      ],
      "weight": 6870,
      "utility_player1": 9345,
      "utility_player2": 9345,
      "normalized_u1": 97.43509540193932,
      "normalized_u2": 97.43509540193932,
      "harmonic_mean": 97.43509540193932,
      "normalized_harmonic_mean": 97.43509540193932,
      "pareto_optimum": null,
      "by": "Player 2",
      "turn": 1
    },
    {
      "items": [
        "A34",
        "A48",
        "A50",
        "A59",
        "A62",
        "A69",
        "A74",
        "A84",
        "A87",
        "A90",
        "A99",
        "B07",
        "B17",
        "C12",
        "C13",
        "C22",
        "C23",
        "C51",
        "C61",
        "C77",
        "C90",
        "C99"
      ],
      "weight": 7126,
      "utility_player1": 0,
      "utility_player2": 0,
      "normalized_u1": 0,
      "normalized_u2": 0,
      "harmonic_mean": 97.00761130226255,
      "normalized_harmonic_mean": 0,
      "pareto_optimum": null,
      "by": "Player 1",