{
  "results_folder": "gpt-5-2025-08-07-no-reasoning-t1.0",
  "game_id": 4,
  "proposals": [
    {
      "items": [
        "A08",
        "A16",
        "A27",
        "A30",
        "A58",
        "A66",
        "B09",
        "B10",
        "B12",
        "B45",
        "B46",
        "B60",
        "B67",
        "B69",
        "B75",
        "C06",
        "C12",
        "C15",
        "C24",
        "C34",
        "C70",
        "C81"
      ],
      "weight": 9546,
      "utility_player1": 13792,
      "utility_player2": 13792,
      "normalized_u1": 97.87807820594706,
      "normalized_u2": 97.87807820594706,
      "harmonic_mean": 97.87807820594706,
      "normalized_harmonic_mean": 97.87807820594706,
      "pareto_optimum": null,
      "by": "Player 1",
      "turn": 1
    },
    {
      "items": [
        "A08",
        "A16",
        "A27",
        "A30",
        "A58",
        "A66",
        "B00",
        "B09",
        "B10",
        "B12",
        "B45",
        "B46",
        "B60",
        "B67",
        "B69",
        "B94",
        "C12",
        "C15",
        "C34",
        "C70",
        "C81"
      ],
      "weight": 10742,
      "utility_player1": 0,
      "utility_player2": 0,
      "normalized_u1": 0,
      "normalized_u2": 0,
      "harmonic_mean": 103.75416932793982,
      "normalized_harmonic_mean": 0,
      "pareto_optimum": null,
      "by": "Player 2",
      "turn": 1
    },
    {
      "items": [
        "A08",
        "A16",
        "A27",
        "A30",
        "A58",
        "A66",
        "B00",
        "B09",
        "B10",
        "B12",
        "B45",
        "B60",
        "B67",
        "B69",
        "B94",
        "C12",
        "C15",
        "C70",
        "C81"
      ],
      "weight": 9220,
      "utility_player1": 13530,
      "utility_player2": 13530,
      "normalized_u1": 96.01873536299766,
      "normalized_u2": 96.01873536299766,
      "harmonic_mean": 96.01873536299766,
      "normalized_harmonic_mean": 96.01873536299766,
      "pareto_optimum": null,
      "by": "Player 1",
      "turn": 2
    },
    {
      "items": [
        "A08",
        "A16",
        "A27",
        "A30",
        "A58",
        "A66",
        "B00",
        "B09",
        "B10",
        "B12",
        "B45",
        "B46",
        "B60",
        "B67",
        "B69",
        "B94",
        "C12",
        "C15",
        "C70",
        "C81"
      ],
      "weight": 9908,
      "utility_player1": 0,
      "utility_player2": 0,
      "normalized_u1": 0,
      "normalized_u2": 0,
      "harmonic_mean": 100.31935277836918,
      "normalized_harmonic_mean": 0,
      "pareto_optimum": null,
      "by": "Player 2",
      "turn": 2
    },
    {
      "items": [
        "A08",
        "A16",
        "A27",
        "A30",
        "A58",
        "A66",
        "B00",
        "B09",
        "B10",
        "B12",
        "B45",
        "B46",
        "B60",
        "B67",
        "B69",
        "B94",
        "C15",
        "C70",
        "C81"
      ],
      "weight": 9174,
      "utility_player1": 13468,
      "utility_player2": 13468,
      "normalized_u1": 95.57873820168902,
      "normalized_u2": 95.57873820168902,
      "harmonic_mean": 95.57873820168903,
      "normalized_harmonic_mean": 95.57873820168902,
      "pareto_optimum": null,
      "by": "Player 1",
      "turn": 3
    },
    {
      "items": [
        "A08",
        "A16",
        "A27",
        "A30",
        "A58",
        "A66",
        "B00",
        "B09",
        "B12",
        "B45",
        "B46",
        "B60",
        "B67",
        "B69",
        "B94",
        "C12",
        "C15",
        "C70",
        "C81"
      ],
      "weight": 9520,
      "utility_player1": 13513,
      "utility_player2": 13513,
      "normalized_u1": 95.89809098005819,
      "normalized_u2": 95.89809098005819,
      "harmonic_mean": 95.89809098005819,
      "normalized_harmonic_mean": 95.89809098005819,
      "pareto_optimum": null,
      "by": "Player 2",
      "turn": 3
    }
  ],
  "refusals": [
    {
      "items": [
        "A08",
        "A16",
        "A27",
        "A30",
        "A58",
        "A66",
        "B00",
        "B09",
        "B10",
        "B12",
        "B45",
        "B46",
        "B60",
        "B67",
        "B69",
        "B94",
        "C12",
        "C15",
        "C34",
        "C70",
        "C81"
      ],
      "weight": 10742,
      "utility_player1": 0,
      "utility_player2": 0,
      "normalized_u1": 0,
      "normalized_u2": 0,
      "harmonic_mean": 103.75416932793982,
      "normalized_harmonic_mean": 0,
      "pareto_optimum": null,
      "by": "Player 1",
      "turn": 2
    },
    {
      "items": [
        "A08",
        "A16",
        "A27",
        "A30",
        "A58",
        "A66",
        "B00",
        "B09",
        "B10",
        "B12",
        "B45",
        "B46",
        "B60",
        "B67",
        "B69",
        "B94",
        "C12",
        "C15",
        "C70",
        "C81"
      ],
      "weight": 9908,
      "utility_player1": 0,
      "utility_player2": 0,
      "normalized_u1": 0,
      "normalized_u2": 0,
      "harmonic_mean": 100.31935277836918,
      "normalized_harmonic_mean": 0,
      "pareto_optimum": null,
      "by": "Player 1",
      "turn": 3
    }
  ],
  "agreement": {
    "items": [
      "A08",
      "A16",
      "A27",
      "A30",
      "A58",
      "A66",
      "B00",
      "B09",
      "B12",
      "B45",
      "B46",
      "B60",
      "B67",
      "B69",
      "B94",
      "C12",
      "C15",
      "C70",
      "C81"
    ],
    "weight": 9520,
    "utility_player1": 13513,
    "utility_player2": 13513,
    "normalized_u1": 95.89809098005819,
    "normalized_u2": 95.89809098005819,
    "harmonic_mean": 95.89809098005819,
    "normalized_harmonic_mean": 95.89809098005819,
    "pareto_optimum": null,
    "by": "Player 1",
    "turn": 4
  },
  "max_weight": 9612,
  "scores": {
    "player1_score": 13513,
    "player2_score": 13513,
    "normalized_u1": 95.89809098005819,
    "normalized_u2": 95.89809098005819,
    "harmonic_mean": 95.89809098005819,
    "normalized_harmonic_mean": 95.89809098005819,
    "episode_score": 25.0,
    "pareto_optimum": null,
    "pareto_adherence_rate": null,
    "alternation_rate": 1.0
  },
  "max_u1": 14091,
  "max_u2": 14091,
  "max_harmonic": 1,
  "nb_proposals": 6,
  "player1_optimum": {
    "items": [
      "A08",
      "A16",
      "A27",
      "A30",
      "A58",
      "A66",
      "B09",
      "B10",
      "B12",
      "B45",
      "B46",
      "B60",
      "B67",
      "B69",
      "B75",
      "B94",
      "C06",
      "C12",
      "C15",
      "C24",
      "C70",
      "C81"
    ],
    "utility_player1": 14091,
    "utility_player2": 14091,
    "pareto_optimum": null
  },
  "player2_optimum": {
    "items": [
      "A08",
      "A16",
      "A27",
      "A30",
      "A58",
      "A66",
      "B09",
      "B10",
      "B12",
      "B45",
      "B46",
      "B60",
      "B67",
      "B69",
      "B75",
      "B94",
      "C06",
      "C12",
      "C15",
      "C24",
      "C70",
      "C81"
    ],
    "utility_player1": 14091,
    "utility_player2": 14091,
    "pareto_optimum": null
  },
  "global_optimum": null
}