{
  "results_folder": "nemotron-nano-9b-v2-t1.0",
  "game_id": 2,
  "proposals": [
    {
      "items": [
        "A04",
        "A41",
        "A48",
        "A61",
        "A89",
        "B53",
        "B85",
        "C04",
        "C49"
      ],
      "weight": 3424,
      "utility_player1": 4594,
      "utility_player2": 2769,
      "normalized_u1": 97.95309168443497,
      "normalized_u2": 58.08684707363121,
      "harmonic_mean": 72.92730697472193,
      "normalized_harmonic_mean": 83.09339081903705,
      "pareto_optimum": false,
      "by": "Player 1",
      "turn": 1
    },
    {
      "items": [
        "A04",
        "A41",
        "A48",
        "A61",
        "A89",
        "B53",
        "B85",
        "C04",
        "C49"
      ],
      "weight": 3424,
      "utility_player1": 4594,
      "utility_player2": 2769,
      "normalized_u1": 97.95309168443497,
      "normalized_u2": 58.08684707363121,
      "harmonic_mean": 72.92730697472193,
      "normalized_harmonic_mean": 83.09339081903705,
      "pareto_optimum": false,
      "by": "Player 1",
      "turn": 2
    },
    {
      "items": [
        "A04",
        "A41",
        "A48",
        "A61",
        "A89",
        "B53",
        "B85",
        "C04",
        "C49"
      ],
      "weight": 3424,
      "utility_player1": 4594,
      "utility_player2": 2769,
      "normalized_u1": 97.95309168443497,
      "normalized_u2": 58.08684707363121,
      "harmonic_mean": 72.92730697472193,
      "normalized_harmonic_mean": 83.09339081903705,
      "pareto_optimum": false,
      "by": "Player 1",
      "turn": 3
    }
  ],
  "refusals": [],
  "agreement": null,
  "max_weight": 3481,
  "scores": {
    "pareto_adherence_rate": 0.0,
    "alternation_rate": 0.0,
    "avg_normalized_substitutions": 0.0
  },
  "max_u1": 4690,
  "max_u2": 4767,
  "max_harmonic": 87.76547238702162,
  "nb_proposals": 3,
  "normalized_substitutions_per_proposal": [
    0.0,
    0.0
  ],
  "player1_optimum": {
    "items": [
      "A04",
      "A41",
      "A45",
      "A48",
      "A61",
      "A89",
      "B53",
      "B61",
      "B85",
      "C04"
    ],
    "utility_player1": 4690,
    "utility_player2": 3546,
    "pareto_optimum": true
  },
  "player2_optimum": {
    "items": [
      "A03",
      "A04",
      "A41",
      "A45",
      "B61",
      "C04",
      "C33",
      "C64"
    ],
    "utility_player1": 1748,
    "utility_player2": 4767,
    "pareto_optimum": true
  }
}