{
  "results_folder": "nemotron-nano-9b-v2-no-reasoning-t1.0",
  "game_id": 2,
  "proposals": [
    {
      "items": [
        "C10",
        "C55"
      ],
      "weight": 170,
      "utility_player1": 1363,
      "utility_player2": 1363,
      "normalized_u1": 21.313526192337765,
      "normalized_u2": 21.313526192337765,
      "harmonic_mean": 21.313526192337765,
      "normalized_harmonic_mean": 21.313526192337765,
      "pareto_optimum": null,
      "by": "Player 1",
      "turn": 1
    },
    {
      "items": [
        "C10",
        "C55"
      ],
      "weight": 170,
      "utility_player1": 1363,
      "utility_player2": 1363,
      "normalized_u1": 21.313526192337765,
      "normalized_u2": 21.313526192337765,
      "harmonic_mean": 21.313526192337765,
      "normalized_harmonic_mean": 21.313526192337765,
      "pareto_optimum": null,
      "by": "Player 2",
      "turn": 1
    },
    {
      "items": [
        "C08",
        "C10",
        "C55"
      ],
      "weight": 499,
      "utility_player1": 1501,
      "utility_player2": 1501,
      "normalized_u1": 23.471462079749806,
      "normalized_u2": 23.471462079749806,
      "harmonic_mean": 23.471462079749802,
      "normalized_harmonic_mean": 23.471462079749806,
      "pareto_optimum": null,
      "by": "Player 1",
      "turn": 2
    }
  ],
  "agreement": {
    "items": [
      "C08",
      "C10",
      "C55"
    ],
    "weight": 499,
    "utility_player1": 1501,
    "utility_player2": 1501,
    "normalized_u1": 23.471462079749806,
    "normalized_u2": 23.471462079749806,
    "harmonic_mean": 23.471462079749802,
    "normalized_harmonic_mean": 23.471462079749806,
    "pareto_optimum": null,
    "by": "Player 2",
    "turn": 2
  },
  "max_weight": 3288,
  "scores": {
    "player1_score": 1501,
    "player2_score": 1501,
    "normalized_u1": 23.471462079749806,
    "normalized_u2": 23.471462079749806,
    "harmonic_mean": 23.471462079749802,
    "normalized_harmonic_mean": 23.471462079749806,
    "episode_score": 50.0,
    "pareto_optimum": null
  },
  "max_u1": 6395,
  "max_u2": 6395,
  "max_harmonic": 1,
  "player1_optimum": {
    "items": [
      "A18",
      "A43",
      "A67",
      "B36",
      "B42",
      "C08",
      "C10",
      "C42",
      "C55",
      "C61"
    ],
    "utility_player1": 6395,
    "utility_player2": 6395,
    "pareto_optimum": null
  },
  "player2_optimum": {
    "items": [
      "A18",
      "A43",
      "A67",
      "B36",
      "B42",
      "C08",
      "C10",
      "C42",
      "C55",
      "C61"
    ],
    "utility_player1": 6395,
    "utility_player2": 6395,
    "pareto_optimum": null
  },
  "global_optimum": null
}