{
  "results_folder": "gpt-5-mini-2025-08-07-no-reasoning-t1.0",
  "game_id": 4,
  "proposals": [
    {
      "items": [
        "A34",
        "A50",
        "A59",
        "A69",
        "A74",
        "A90",
        "B07",
        "B17",
        "B27",
        "B44",
        "B49",
        "B54",
        "B85",
        "C12",
        "C13",
        "C22",
        "C23",
        "C33",
        "C51",
        "C60",
        "C61",
        "C77",
        "C90",
        "C98"
      ],
      "weight": 6797,
      "utility_player1": 9173,
      "utility_player2": 9173,
      "normalized_u1": 98.05451630144307,
      "normalized_u2": 98.05451630144307,
      "harmonic_mean": 98.05451630144307,
      "normalized_harmonic_mean": 98.05451630144307,
      "pareto_optimum": null,
      "by": "Player 1",
      "turn": 1
    },
    {
      "items": [
        "A42",
        "A48",
        "A62",
        "A65",
        "A84",
        "A87",
        "B36",
        "C51",
        "C72",
        "C99"
      ],
      "weight": 6864,
      "utility_player1": 7854,
      "utility_player2": 7854,
      "normalized_u1": 83.95510422234099,
      "normalized_u2": 83.95510422234099,
      "harmonic_mean": 83.95510422234099,
      "normalized_harmonic_mean": 83.95510422234099,
      "pareto_optimum": null,
      "by": "Player 2",
      "turn": 1
    },
    {
      "items": [
        "A42",
        "A48",
        "A50",
        "A62",
        "A84",
        "A87",
        "C51",
        "C72",
        "C90",
        "C99"
      ],
      "weight": 6879,
      "utility_player1": 7869,
      "utility_player2": 7869,
      "normalized_u1": 84.11544628540886,
      "normalized_u2": 84.11544628540886,
      "harmonic_mean": 84.11544628540886,
      "normalized_harmonic_mean": 84.11544628540886,
      "pareto_optimum": null,
      "by": "Player 1",
      "turn": 2
    },
    {
      "items": [
        "A42",
        "A48",
        "A62",
        "A84",
        "A87",
        "C13",
        "C22",
        "C51",
        "C72",
        "C99"
      ],
      "weight": 6879,
      "utility_player1": 7869,
      "utility_player2": 7869,
      "normalized_u1": 84.11544628540886,
      "normalized_u2": 84.11544628540886,
      "harmonic_mean": 84.11544628540886,
      "normalized_harmonic_mean": 84.11544628540886,
      "pareto_optimum": null,
      "by": "Player 2",
      "turn": 2
    }
  ],
  "refusals": [
    {
      "items": [
        "A42",
        "A48",
        "A62",
        "A65",
        "A84",
        "A87",
        "B36",
        "C51",
        "C72",
        "C99"
      ],
      "weight": 6864,
      "utility_player1": 7854,
      "utility_player2": 7854,
      "normalized_u1": 83.95510422234099,
      "normalized_u2": 83.95510422234099,
      "harmonic_mean": 83.95510422234099,
      "normalized_harmonic_mean": 83.95510422234099,
      "pareto_optimum": null,
      "by": "Player 1",
      "turn": 2
    }
  ],
  "agreement": {
    "items": [
      "A42",
      "A48",
      "A62",
      "A84",
      "A87",
      "C13",
      "C22",
      "C51",
      "C72",
      "C99"
    ],
    "weight": 6879,
    "utility_player1": 7869,
    "utility_player2": 7869,
    "normalized_u1": 84.11544628540886,
    "normalized_u2": 84.11544628540886,
    "harmonic_mean": 84.11544628540886,
    "normalized_harmonic_mean": 84.11544628540886,
    "pareto_optimum": null,
    "by": "Player 1",
    "turn": 3
  },
  "max_weight": 6880,
  "scores": {
    "player1_score": 7869,
    "player2_score": 7869,
    "normalized_u1": 84.11544628540886,
    "normalized_u2": 84.11544628540886,
    "harmonic_mean": 84.11544628540886,
    "normalized_harmonic_mean": 84.11544628540886,
    "episode_score": 33.333333333333336,
    "pareto_optimum": null,
    "pareto_adherence_rate": null,
    "alternation_rate": 1.0
  },
  "max_u1": 9355,
  "max_u2": 9355,
  "max_harmonic": 1,
  "nb_proposals": 4,
  "player1_optimum": {
    "items": [
      "A23",
      "A34",
      "A50",
      "A59",
      "A65",
      "A69",
      "A74",
      "A87",
      "A90",
      "B07",
      "B17",
      "B27",
      "B44",
      "B49",
      "B54",
      "B85",
      "C12",
      "C13",
      "C33",
      "C60",
      "C61",
      "C77",
      "C90",
      "C98",
      "C99"
    ],
    "utility_player1": 9355,
    "utility_player2": 9355,
    "pareto_optimum": null
  },
  "player2_optimum": {
    "items": [
      "A23",
      "A34",
      "A50",
      "A59",
      "A65",
      "A69",
      "A74",
      "A87",
      "A90",
      "B07",
      "B17",
      "B27",
      "B44",
      "B49",
      "B54",
      "B85",
      "C12",
      "C13",
      "C33",
      "C60",
      "C61",
      "C77",
      "C90",
      "C98",
      "C99"
    ],
    "utility_player1": 9355,
    "utility_player2": 9355,
    "pareto_optimum": null
  },
  "global_optimum": null
}