{
  "results_folder": "claude-sonnet-4-20250514-no-reasoning-t0.0",
  "game_id": 1,
  "proposals": [
    {
      "items": [
        "A43",
        "B36",
        "B42",
        "C10",
        "C42",
        "C55",
        "C61"
      ],
      "weight": 3061,
      "utility_player1": 4951,
      "utility_player2": 4951,
      "normalized_u1": 83.30809355544338,
      "normalized_u2": 83.30809355544338,
      "harmonic_mean": 83.30809355544338,
      "normalized_harmonic_mean": 83.30809355544338,
      "pareto_optimum": false,
      "by": "Player 1",
      "turn": 1
    },
    {
      "items": [
        "A43",
        "B36",
        "B42",
        "C10",
        "C42",
        "C55",
        "C61"
      ],
      "weight": 3061,
      "utility_player1": 4951,
      "utility_player2": 4951,
      "normalized_u1": 83.30809355544338,
      "normalized_u2": 83.30809355544338,
      "harmonic_mean": 83.30809355544338,
      "normalized_harmonic_mean": 83.30809355544338,
      "pareto_optimum": false,
      "by": "Player 1",
      "turn": 2
    },
    {
      "items": [
        "A43",
        "B36",
        "B42",
        "C10",
        "C42",
        "C55",
        "C61"
      ],
      "weight": 3061,
      "utility_player1": 4951,
      "utility_player2": 4951,
      "normalized_u1": 83.30809355544338,
      "normalized_u2": 83.30809355544338,
      "harmonic_mean": 83.30809355544338,
      "normalized_harmonic_mean": 83.30809355544338,
      "pareto_optimum": false,
      "by": "Player 1",
      "turn": 3
    }
  ],
  "refusals": [],
  "agreement": null,
  "max_weight": 4564,
  "scores": {
    "pareto_adherence_rate": 0.0,
    "alternation_rate": 0.0
  },
  "max_u1": 5943,
  "max_u2": 5943,
  "max_harmonic": 1,
  "nb_proposals": 3,
  "player1_optimum": {
    "items": [
      "A18",
      "A43",
      "B36",
      "B42",
      "C10",
      "C42",
      "C55",
      "C61",
      "C73"
    ],
    "utility_player1": 5943,
    "utility_player2": 5943,
    "pareto_optimum": true
  },
  "player2_optimum": {
    "items": [
      "A18",
      "A43",
      "B36",
      "B42",
      "C10",
      "C42",
      "C55",
      "C61",
      "C73"
    ],
    "utility_player1": 5943,
    "utility_player2": 5943,
    "pareto_optimum": true
  },
  "global_optimum": null
}