{
  "results_folder": "claude-sonnet-4-20250514-no-reasoning-t0.0",
  "game_id": 0,
  "proposals": [
    {
      "items": [
        "A18",
        "A43",
        "A67",
        "B36",
        "B42",
        "C42",
        "C61",
        "C67"
      ],
      "weight": 2498,
      "utility_player1": 5283,
      "utility_player2": 5283,
      "normalized_u1": 87.2790351891624,
      "normalized_u2": 87.2790351891624,
      "harmonic_mean": 87.2790351891624,
      "normalized_harmonic_mean": 87.2790351891624,
      "pareto_optimum": null,
      "by": "Player 1",
      "turn": 1
    },
    {
      "items": [
        "A18",
        "A43",
        "A67",
        "B36",
        "B42",
        "C42",
        "C61",
        "C67"
      ],
      "weight": 2498,
      "utility_player1": 5283,
      "utility_player2": 5283,
      "normalized_u1": 87.2790351891624,
      "normalized_u2": 87.2790351891624,
      "harmonic_mean": 87.2790351891624,
      "normalized_harmonic_mean": 87.2790351891624,
      "pareto_optimum": null,
      "by": "Player 1",
      "turn": 2
    },
    {
      "items": [
        "A18",
        "A43",
        "A67",
        "B36",
        "B42",
        "C42",
        "C61",
        "C67"
      ],
      "weight": 2498,
      "utility_player1": 5283,
      "utility_player2": 5283,
      "normalized_u1": 87.2790351891624,
      "normalized_u2": 87.2790351891624,
      "harmonic_mean": 87.2790351891624,
      "normalized_harmonic_mean": 87.2790351891624,
      "pareto_optimum": null,
      "by": "Player 1",
      "turn": 3
    }
  ],
  "agreement": null,
  "max_weight": 3358,
  "scores": {},
  "max_u1": 6053,
  "max_u2": 6053,
  "max_harmonic": 1,
  "player1_optimum": {
    "items": [
      "A18",
      "A43",
      "A67",
      "B19",
      "B36",
      "B42",
      "C42",
      "C61",
      "C67",
      "C73"
    ],
    "utility_player1": 6053,
    "utility_player2": 6053,
    "pareto_optimum": null
  },
  "player2_optimum": {
    "items": [
      "A18",
      "A43",
      "A67",
      "B19",
      "B36",
      "B42",
      "C42",
      "C61",
      "C67",
      "C73"
    ],
    "utility_player1": 6053,
    "utility_player2": 6053,
    "pareto_optimum": null
  },
  "global_optimum": null
}