{
  "results_folder": "claude-sonnet-4-20250514-t0.0",
  "game_id": 3,
  "proposals": [
    {
      "items": [
        "A08",
        "A16",
        "A27",
        "A30",
        "A58",
        "A66",
        "A84",
        "A89",
        "B09",
        "B10",
        "B45",
        "B46",
        "B60",
        "C34",
        "C35",
        "C70",
        "C92"
      ],
      "weight": 4540,
      "utility_player1": 10967,
      "utility_player2": 10967,
      "normalized_u1": 71.6469589076893,
      "normalized_u2": 71.6469589076893,
      "harmonic_mean": 71.6469589076893,
      "normalized_harmonic_mean": 71.6469589076893,
      "pareto_optimum": null,
      "by": "Player 1",
      "turn": 2
    },
    {
      "items": [
        "A08",
        "A16",
        "A27",
        "A30",
        "A58",
        "A66",
        "A84",
        "A89",
        "B09",
        "B10",
        "B12",
        "B45",
        "B46",
        "B60",
        "B67",
        "B94",
        "C34",
        "C35",
        "C70"
      ],
      "weight": 6586,
      "utility_player1": 13230,
      "utility_player2": 13230,
      "normalized_u1": 86.43104462010844,
      "normalized_u2": 86.43104462010844,
      "harmonic_mean": 86.43104462010844,
      "normalized_harmonic_mean": 86.43104462010844,
      "pareto_optimum": null,
      "by": "Player 2",
      "turn": 2
    },
    {
      "items": [
        "A08",
        "A16",
        "A27",
        "A30",
        "A58",
        "A66",
        "A84",
        "A89",
        "B09",
        "B10",
        "B12",
        "B45",
        "B46",
        "B60",
        "B67",
        "B94",
        "C15",
        "C34",
        "C35",
        "C70",
        "C81",
        "C92"
      ],
      "weight": 8226,
      "utility_player1": 14939,
      "utility_player2": 14939,
      "normalized_u1": 97.59587117005292,
      "normalized_u2": 97.59587117005292,
      "harmonic_mean": 97.59587117005292,
      "normalized_harmonic_mean": 97.59587117005292,
      "pareto_optimum": null,
      "by": "Player 1",
      "turn": 3
    }
  ],
  "refusals": [],
  "agreement": {
    "items": [
      "A08",
      "A16",
      "A27",
      "A30",
      "A58",
      "A66",
      "A84",
      "A89",
      "B09",
      "B10",
      "B12",
      "B45",
      "B46",
      "B60",
      "B67",
      "B94",
      "C15",
      "C34",
      "C35",
      "C70",
      "C81",
      "C92"
    ],
    "weight": 8226,
    "utility_player1": 14939,
    "utility_player2": 14939,
    "normalized_u1": 97.59587117005292,
    "normalized_u2": 97.59587117005292,
    "harmonic_mean": 97.59587117005292,
    "normalized_harmonic_mean": 97.59587117005292,
    "pareto_optimum": null,
    "by": "Player 2",
    "turn": 3
  },
  "max_weight": 8770,
  "scores": {
    "player1_score": 14939,
    "player2_score": 14939,
    "normalized_u1": 97.59587117005292,
    "normalized_u2": 97.59587117005292,
    "harmonic_mean": 97.59587117005292,
    "normalized_harmonic_mean": 97.59587117005292,
    "episode_score": 33.333333333333336,
    "pareto_optimum": null,
    "pareto_adherence_rate": null,
    "alternation_rate": 1.0
  },
  "max_u1": 15307,
  "max_u2": 15307,
  "max_harmonic": 1,
  "nb_proposals": 3,
  "player1_optimum": {
    "items": [
      "A08",
      "A16",
      "A27",
      "A30",
      "A58",
      "A66",
      "A84",
      "A89",
      "B00",
      "B09",
      "B10",
      "B12",
      "B45",
      "B46",
      "B60",
      "B67",
      "B94",
      "C15",
      "C34",
      "C35",
      "C70",
      "C81"
    ],
    "utility_player1": 15307,
    "utility_player2": 15307,
    "pareto_optimum": null
  },
  "player2_optimum": {
    "items": [
      "A08",
      "A16",
      "A27",
      "A30",
      "A58",
      "A66",
      "A84",
      "A89",
      "B00",
      "B09",
      "B10",
      "B12",
      "B45",
      "B46",
      "B60",
      "B67",
      "B94",
      "C15",
      "C34",
      "C35",
      "C70",
      "C81"
    ],
    "utility_player1": 15307,
    "utility_player2": 15307,
    "pareto_optimum": null
  },
  "global_optimum": null
}