{
  "results_folder": "deepseek-r1-distill-llama-70b-t1.0",
  "game_id": 0,
  "proposals": [
    {
      "items": [
        "A40",
        "A77",
        "A81",
        "A91",
        "A95",
        "B24",
        "B38",
        "B54",
        "B56",
        "B59",
        "B60",
        "B79",
        "B86",
        "B96",
        "C05",
        "C16",
        "C24",
        "C28",
        "C31",
        "C50"
      ],
      "weight": 7603,
      "utility_player1": 14076,
      "utility_player2": 14076,
      "normalized_u1": 96.43738010413811,
      "normalized_u2": 96.43738010413811,
      "harmonic_mean": 96.43738010413811,
      "normalized_harmonic_mean": 96.43738010413811,
      "pareto_optimum": null,
      "by": "Player 1",
      "turn": 1
    },
    {
      "items": [
        "A40",
        "A77",
        "A81",
        "A95",
        "B24",
        "B38",
        "B54",
        "B56",
        "B59",
        "B60",
        "B79",
        "B86",
        "B96",
        "C05",
        "C14",
        "C16",
        "C24",
        "C28",
        "C31",
        "C50"
      ],
      "weight": 7555,
      "utility_player1": 14103,
      "utility_player2": 14103,
      "normalized_u1": 96.62236229103864,
      "normalized_u2": 96.62236229103864,
      "harmonic_mean": 96.62236229103864,
      "normalized_harmonic_mean": 96.62236229103864,
      "pareto_optimum": null,
      "by": "Player 1",
      "turn": 2
    },
    {
      "items": [
        "A40",
        "A77",
        "A81",
        "A95",
        "B24",
        "B38",
        "B54",
        "B56",
        "B59",
        "B60",
        "B79",
        "B86",
        "B96",
        "C05",
        "C14",
        "C16",
        "C24",
        "C28",
        "C31",
        "C50"
      ],
      "weight": 7555,
      "utility_player1": 14103,
      "utility_player2": 14103,
      "normalized_u1": 96.62236229103864,
      "normalized_u2": 96.62236229103864,
      "harmonic_mean": 96.62236229103864,
      "normalized_harmonic_mean": 96.62236229103864,
      "pareto_optimum": null,
      "by": "Player 1",
      "turn": 3
    }
  ],
  "refusals": [
    {
      "items": [
        "A40",
        "A77",
        "A81",
        "A91",
        "A95",
        "B24",
        "B38",
        "B54",
        "B56",
        "B59",
        "B60",
        "B79",
        "B86",
        "B96",
        "C05",
        "C16",
        "C24",
        "C28",
        "C31",
        "C50"
      ],
      "weight": 7603,
      "utility_player1": 14076,
      "utility_player2": 14076,
      "normalized_u1": 96.43738010413811,
      "normalized_u2": 96.43738010413811,
      "harmonic_mean": 96.43738010413811,
      "normalized_harmonic_mean": 96.43738010413811,
      "pareto_optimum": null,
      "by": "Player 2",
      "turn": 1
    }
  ],
  "agreement": {
    "items": [
      "A40",
      "A77",
      "A81",
      "A95",
      "B24",
      "B38",
      "B54",
      "B56",
      "B59",
      "B60",
      "B79",
      "B86",
      "B96",
      "C05",
      "C14",
      "C16",
      "C24",
      "C28",
      "C31",
      "C50"
    ],
    "weight": 7555,
    "utility_player1": 14103,
    "utility_player2": 14103,
    "normalized_u1": 96.62236229103864,
    "normalized_u2": 96.62236229103864,
    "harmonic_mean": 96.62236229103864,
    "normalized_harmonic_mean": 96.62236229103864,
    "pareto_optimum": null,
    "by": "Player 2",
    "turn": 3
  },
  "max_weight": 7605,
  "scores": {
    "player1_score": 14103,
    "player2_score": 14103,
    "normalized_u1": 96.62236229103864,
    "normalized_u2": 96.62236229103864,
    "harmonic_mean": 96.62236229103864,
    "normalized_harmonic_mean": 96.62236229103864,
    "episode_score": 33.333333333333336,
    "pareto_optimum": null,
    "pareto_adherence_rate": null
  },
  "max_u1": 14596,
  "max_u2": 14596,
  "max_harmonic": 1,
  "nb_proposals": 3,
  "player1_optimum": {
    "items": [
      "A40",
      "A81",
      "A91",
      "A95",
      "B11",
      "B24",
      "B38",
      "B54",
      "B56",
      "B59",
      "B60",
      "B79",
      "B86",
      "B96",
      "C05",
      "C14",
      "C16",
      "C24",
      "C28",
      "C31",
      "C50",
      "C61"
    ],
    "utility_player1": 14596,
    "utility_player2": 14596,
    "pareto_optimum": null
  },
  "player2_optimum": {
    "items": [
      "A40",
      "A81",
      "A91",
      "A95",
      "B11",
      "B24",
      "B38",
      "B54",
      "B56",
      "B59",
      "B60",
      "B79",
      "B86",
      "B96",
      "C05",
      "C14",
      "C16",
      "C24",
      "C28",
      "C31",
      "C50",
      "C61"
    ],
    "utility_player1": 14596,
    "utility_player2": 14596,
    "pareto_optimum": null
  },
  "global_optimum": null
}