{
  "results_folder": "nemotron-nano-9b-v2-t1.0",
  "game_id": 3,
  "proposals": [
    {
      "items": [
        "A36",
        "A63",
        "B16",
        "B73",
        "B93",
        "B98",
        "C11",
        "C13",
        "C34",
        "C45"
      ],
      "weight": 3429,
      "utility_player1": 5959,
      "utility_player2": 5959,
      "normalized_u1": 96.70561506004543,
      "normalized_u2": 96.70561506004543,
      "harmonic_mean": 96.70561506004543,
      "normalized_harmonic_mean": 96.70561506004543,
      "pareto_optimum": false,
      "by": "Player 1",
      "turn": 1
    },
    {
      "items": [
        "A36",
        "A63",
        "B16",
        "B73",
        "B93",
        "B98",
        "C11",
        "C13",
        "C34",
        "C45"
      ],
      "weight": 3429,
      "utility_player1": 5959,
      "utility_player2": 5959,
      "normalized_u1": 96.70561506004543,
      "normalized_u2": 96.70561506004543,
      "harmonic_mean": 96.70561506004543,
      "normalized_harmonic_mean": 96.70561506004543,
      "pareto_optimum": false,
      "by": "Player 1",
      "turn": 2
    },
    {
      "items": [
        "A36",
        "A63",
        "B16",
        "B73",
        "B93",
        "B98",
        "C11",
        "C13",
        "C34",
        "C45"
      ],
      "weight": 3429,
      "utility_player1": 5959,
      "utility_player2": 5959,
      "normalized_u1": 96.70561506004543,
      "normalized_u2": 96.70561506004543,
      "harmonic_mean": 96.70561506004543,
      "normalized_harmonic_mean": 96.70561506004543,
      "pareto_optimum": false,
      "by": "Player 1",
      "turn": 3
    }
  ],
  "refusals": [],
  "agreement": null,
  "max_weight": 3712,
  "scores": {
    "pareto_adherence_rate": 0.0,
    "alternation_rate": 0.0
  },
  "max_u1": 6162,
  "max_u2": 6162,
  "max_harmonic": 1,
  "nb_proposals": 3,
  "player1_optimum": {
    "items": [
      "A36",
      "B16",
      "B73",
      "B93",
      "C11",
      "C13",
      "C34",
      "C45",
      "C89"
    ],
    "utility_player1": 6162,
    "utility_player2": 6162,
    "pareto_optimum": true
  },
  "player2_optimum": {
    "items": [
      "A36",
      "B16",
      "B73",
      "B93",
      "C11",
      "C13",
      "C34",
      "C45",
      "C89"
    ],
    "utility_player1": 6162,
    "utility_player2": 6162,
    "pareto_optimum": true
  },
  "global_optimum": null
}