{
  "results_folder": "claude-sonnet-4-20250514-t0.0",
  "game_id": 1,
  "proposals": [
    {
      "items": [
        "A08",
        "A25",
        "A28",
        "A39",
        "A46",
        "A65",
        "A71",
        "A75",
        "A87",
        "A88",
        "A94",
        "A96",
        "A97",
        "B15",
        "B16",
        "B19",
        "B23",
        "B34",
        "B37",
        "B43",
        "B64",
        "B69",
        "B81",
        "B95",
        "B96",
        "C10",
        "C17",
        "C51",
        "C53",
        "C60",
        "C72",
        "C79",
        "C82",
        "C83",
        "C84"
      ],
      "weight": 16291,
      "utility_player1": 0,
      "utility_player2": 0,
      "normalized_u1": 0,
      "normalized_u2": 0,
      "harmonic_mean": 188.06584362139918,
      "normalized_harmonic_mean": 0,
      "pareto_optimum": null,
      "by": "Player 1",
      "turn": 1
    },
    {
      "items": [
        "A08",
        "A25",
        "A65",
        "A71",
        "A94",
        "B19",
        "B23",
        "B96",
        "C72",
        "C79"
      ],
      "weight": 7949,
      "utility_player1": 8909,
      "utility_player2": 8909,
      "normalized_u1": 85.26174753564935,
      "normalized_u2": 85.26174753564935,
      "harmonic_mean": 85.26174753564935,
      "normalized_harmonic_mean": 85.26174753564935,
      "pareto_optimum": null,
      "by": "Player 2",
      "turn": 1
    },
    {
      "items": [
        "A08",
        "A25",
        "A28",
        "A65",
        "A71",
        "A75",
        "A97",
        "B19",
        "B23",
        "B96",
        "C17",
        "C60",
        "C72",
        "C79"
      ],
      "weight": 7629,
      "utility_player1": 8973,
      "utility_player2": 8973,
      "normalized_u1": 85.87424633936261,
      "normalized_u2": 85.87424633936261,
      "harmonic_mean": 85.87424633936261,
      "normalized_harmonic_mean": 85.87424633936261,
      "pareto_optimum": null,
      "by": "Player 1",
      "turn": 2
    },
    {
      "items": [
        "A08",
        "A25",
        "A28",
        "A65",
        "A71",
        "A75",
        "B19",
        "B23",
        "B96",
        "C17",
        "C79"
      ],
      "weight": 6601,
      "utility_player1": 7657,
      "utility_player2": 7657,
      "normalized_u1": 73.27973968800843,
      "normalized_u2": 73.27973968800843,
      "harmonic_mean": 73.27973968800843,
      "normalized_harmonic_mean": 73.27973968800843,
      "pareto_optimum": null,
      "by": "Player 2",
      "turn": 2
    },
    {
      "items": [
        "A08",
        "A25",
        "A28",
        "A65",
        "A71",
        "A75",
        "A87",
        "B19",
        "B23",
        "B96",
        "C17",
        "C79",
        "C82"
      ],
      "weight": 7879,
      "utility_player1": 9127,
      "utility_player2": 9127,
      "normalized_u1": 87.34807158579768,
      "normalized_u2": 87.34807158579768,
      "harmonic_mean": 87.34807158579768,
      "normalized_harmonic_mean": 87.34807158579768,
      "pareto_optimum": null,
      "by": "Player 1",
      "turn": 3
    }
  ],
  "refusals": [
    {
      "items": [
        "A08",
        "A25",
        "A28",
        "A39",
        "A46",
        "A65",
        "A71",
        "A75",
        "A87",
        "A88",
        "A94",
        "A96",
        "A97",
        "B15",
        "B16",
        "B19",
        "B23",
        "B34",
        "B37",
        "B43",
        "B64",
        "B69",
        "B81",
        "B95",
        "B96",
        "C10",
        "C17",
        "C51",
        "C53",
        "C60",
        "C72",
        "C79",
        "C82",
        "C83",
        "C84"
      ],
      "weight": 16291,
      "utility_player1": 0,
      "utility_player2": 0,
      "normalized_u1": 0,
      "normalized_u2": 0,
      "harmonic_mean": 188.06584362139918,
      "normalized_harmonic_mean": 0,
      "pareto_optimum": null,
      "by": "Player 2",
      "turn": 1
    },
    {
      "items": [
        "A08",
        "A25",
        "A28",
        "A65",
        "A71",
        "A75",
        "A97",
        "B19",
        "B23",
        "B96",
        "C17",
        "C60",
        "C72",
        "C79"
      ],
      "weight": 7629,
      "utility_player1": 8973,
      "utility_player2": 8973,
      "normalized_u1": 85.87424633936261,
      "normalized_u2": 85.87424633936261,
      "harmonic_mean": 85.87424633936261,
      "normalized_harmonic_mean": 85.87424633936261,
      "pareto_optimum": null,
      "by": "Player 2",
      "turn": 2
    }
  ],
  "agreement": {
    "items": [
      "A08",
      "A25",
      "A28",
      "A65",
      "A71",
      "A75",
      "A87",
      "B19",
      "B23",
      "B96",
      "C17",
      "C79",
      "C82"
    ],
    "weight": 7879,
    "utility_player1": 9127,
    "utility_player2": 9127,
    "normalized_u1": 87.34807158579768,
    "normalized_u2": 87.34807158579768,
    "harmonic_mean": 87.34807158579768,
    "normalized_harmonic_mean": 87.34807158579768,
    "pareto_optimum": null,
    "by": "Player 2",
    "turn": 3
  },
  "max_weight": 8145,
  "scores": {
    "player1_score": 9127,
    "player2_score": 9127,
    "normalized_u1": 87.34807158579768,
    "normalized_u2": 87.34807158579768,
    "harmonic_mean": 87.34807158579768,
    "normalized_harmonic_mean": 87.34807158579768,
    "episode_score": 33.333333333333336,
    "pareto_optimum": null,
    "pareto_adherence_rate": null
  },
  "max_u1": 10449,
  "max_u2": 10449,
  "max_harmonic": 1,
  "nb_proposals": 5,
  "player1_optimum": {
    "items": [
      "A25",
      "A28",
      "A39",
      "A46",
      "A75",
      "A87",
      "A88",
      "A97",
      "B15",
      "B16",
      "B34",
      "B64",
      "B69",
      "B81",
      "B95",
      "C10",
      "C17",
      "C51",
      "C53",
      "C60",
      "C72",
      "C82",
      "C83",
      "C84"
    ],
    "utility_player1": 10449,
    "utility_player2": 10449,
    "pareto_optimum": null
  },
  "player2_optimum": {
    "items": [
      "A25",
      "A28",
      "A39",
      "A46",
      "A75",
      "A87",
      "A88",
      "A97",
      "B15",
      "B16",
      "B34",
      "B64",
      "B69",
      "B81",
      "B95",
      "C10",
      "C17",
      "C51",
      "C53",
      "C60",
      "C72",
      "C82",
      "C83",
      "C84"
    ],
    "utility_player1": 10449,
    "utility_player2": 10449,
    "pareto_optimum": null
  },
  "global_optimum": null
}