{
  "results_folder": "deepseek-r1-distill-llama-70b-t1.0",
  "game_id": 1,
  "proposals": [
    {
      "items": [
        "A11",
        "A82",
        "B09",
        "B20",
        "B21",
        "B31",
        "B33",
        "B93",
        "B96",
        "C08"
      ],
      "weight": 3084,
      "utility_player1": 6543,
      "utility_player2": 3879,
      "normalized_u1": 100.0,
      "normalized_u2": 71.46278555637436,
      "harmonic_mean": 83.35661330181584,
      "normalized_harmonic_mean": 94.32908259618353,
      "pareto_optimum": true,
      "by": "Player 1",
      "turn": 1
    },
    {
      "items": [
        "A11",
        "A82",
        "B09",
        "B20",
        "B21",
        "B31",
        "B33",
        "B93",
        "B96",
        "C08"
      ],
      "weight": 3084,
      "utility_player1": 6543,
      "utility_player2": 3879,
      "normalized_u1": 100.0,
      "normalized_u2": 71.46278555637436,
      "harmonic_mean": 83.35661330181584,
      "normalized_harmonic_mean": 94.32908259618353,
      "pareto_optimum": true,
      "by": "Player 1",
      "turn": 2
    }
  ],
  "refusals": [],
  "agreement": {
    "items": [
      "A11",
      "A82",
      "B09",
      "B20",
      "B21",
      "B31",
      "B33",
      "B93",
      "B96",
      "C08"
    ],
    "weight": 3084,
    "utility_player1": 6543,
    "utility_player2": 3879,
    "normalized_u1": 100.0,
    "normalized_u2": 71.46278555637436,
    "harmonic_mean": 83.35661330181584,
    "normalized_harmonic_mean": 94.32908259618353,
    "pareto_optimum": true,
    "by": "Player 1",
    "turn": 3
  },
  "max_weight": 3357,
  "scores": {
    "player1_score": 6543,
    "player2_score": 3879,
    "normalized_u1": 100.0,
    "normalized_u2": 71.46278555637436,
    "harmonic_mean": 83.35661330181584,
    "normalized_harmonic_mean": 94.32908259618353,
    "episode_score": 33.333333333333336,
    "pareto_optimum": true,
    "pareto_adherence_rate": 1.0,
    "alternation_rate": 0.0,
    "avg_normalized_substitutions": 0.0
  },
  "max_u1": 6543,
  "max_u2": 5428,
  "max_harmonic": 88.3678829557369,
  "nb_proposals": 2,
  "normalized_substitutions_per_proposal": [
    0.0
  ],
  "player1_optimum": {
    "items": [
      "A11",
      "A82",
      "B09",
      "B20",
      "B21",
      "B31",
      "B33",
      "B93",
      "B96",
      "C08"
    ],
    "utility_player1": 6543,
    "utility_player2": 3879,
    "pareto_optimum": true
  },
  "player2_optimum": {
    "items": [
      "A21",
      "A60",
      "A82",
      "B20",
      "B31",
      "B33",
      "B93",
      "B96",
      "C08",
      "C85"
    ],
    "utility_player1": 4942,
    "utility_player2": 5428,
    "pareto_optimum": true
  }
}