{
  "results_folder": "nemotron-nano-9b-v2-t1.0",
  "game_id": 1,
  "proposals": [
    {
      "items": [
        "A30",
        "A39",
        "A47",
        "A75",
        "B26",
        "B91",
        "C24",
        "C75"
      ],
      "weight": 4099,
      "utility_player1": 4622,
      "utility_player2": 4622,
      "normalized_u1": 96.35188659578904,
      "normalized_u2": 96.35188659578904,
      "harmonic_mean": 96.35188659578905,
      "normalized_harmonic_mean": 96.35188659578904,
      "pareto_optimum": false,
      "by": "Player 1",
      "turn": 1
    },
    {
      "items": [
        "A30",
        "A39",
        "A47",
        "A75",
        "B26",
        "B91",
        "C24",
        "C75"
      ],
      "weight": 4099,
      "utility_player1": 4622,
      "utility_player2": 4622,
      "normalized_u1": 96.35188659578904,
      "normalized_u2": 96.35188659578904,
      "harmonic_mean": 96.35188659578905,
      "normalized_harmonic_mean": 96.35188659578904,
      "pareto_optimum": false,
      "by": "Player 1",
      "turn": 2
    },
    {
      "items": [
        "A30",
        "A39",
        "A75",
        "B26",
        "B91",
        "C24",
        "C26",
        "C75"
      ],
      "weight": 3807,
      "utility_player1": 3963,
      "utility_player2": 3963,
      "normalized_u1": 82.61413383364604,
      "normalized_u2": 82.61413383364604,
      "harmonic_mean": 82.61413383364604,
      "normalized_harmonic_mean": 82.61413383364604,
      "pareto_optimum": false,
      "by": "Player 1",
      "turn": 3
    },
    {
      "items": [
        "A30",
        "A39",
        "A75",
        "B26",
        "B91",
        "C24",
        "C26",
        "C75"
      ],
      "weight": 3807,
      "utility_player1": 3963,
      "utility_player2": 3963,
      "normalized_u1": 82.61413383364604,
      "normalized_u2": 82.61413383364604,
      "harmonic_mean": 82.61413383364604,
      "normalized_harmonic_mean": 82.61413383364604,
      "pareto_optimum": false,
      "by": "Player 1",
      "turn": 4
    }
  ],
  "refusals": [
    {
      "items": [
        "A30",
        "A39",
        "A47",
        "A75",
        "B26",
        "B91",
        "C24",
        "C75"
      ],
      "weight": 4099,
      "utility_player1": 4622,
      "utility_player2": 4622,
      "normalized_u1": 96.35188659578904,
      "normalized_u2": 96.35188659578904,
      "harmonic_mean": 96.35188659578905,
      "normalized_harmonic_mean": 96.35188659578904,
      "pareto_optimum": false,
      "by": "Player 2",
      "turn": 2
    }
  ],
  "agreement": null,
  "max_weight": 4100,
  "scores": {
    "pareto_adherence_rate": 0.0
  },
  "max_u1": 4797,
  "max_u2": 4797,
  "max_harmonic": 1,
  "nb_proposals": 4,
  "player1_optimum": {
    "items": [
      "A19",
      "A30",
      "A39",
      "A47",
      "B11",
      "B26",
      "B91",
      "C24"
    ],
    "utility_player1": 4797,
    "utility_player2": 4797,
    "pareto_optimum": true
  },
  "player2_optimum": {
    "items": [
      "A19",
      "A30",
      "A39",
      "A47",
      "B11",
      "B26",
      "B91",
      "C24"
    ],
    "utility_player1": 4797,
    "utility_player2": 4797,
    "pareto_optimum": true
  },
  "global_optimum": null
}