{
  "results_folder": "deepseek-r1-distill-llama-70b-t1.0",
  "game_id": 1,
  "proposals": [
    {
      "items": [
        "A25",
        "A28",
        "A39",
        "A46",
        "A75",
        "A87",
        "A88",
        "A97",
        "B15",
        "B16",
        "B34",
        "B37",
        "B43",
        "B64",
        "B69",
        "B81",
        "B95",
        "B96",
        "C17",
        "C51",
        "C53",
        "C60",
        "C83",
        "C84"
      ],
      "weight": 8019,
      "utility_player1": 10323,
      "utility_player2": 10323,
      "normalized_u1": 98.79414298018949,
      "normalized_u2": 98.79414298018949,
      "harmonic_mean": 98.79414298018949,
      "normalized_harmonic_mean": 98.79414298018949,
      "pareto_optimum": null,
      "by": "Player 1",
      "turn": 1
    },
    {
      "items": [
        "A25",
        "A28",
        "A39",
        "A46",
        "A75",
        "A87",
        "A88",
        "A97",
        "B15",
        "B16",
        "B34",
        "B37",
        "B43",
        "B64",
        "B69",
        "B81",
        "B95",
        "B96",
        "C17",
        "C51",
        "C53",
        "C60",
        "C83",
        "C84"
      ],
      "weight": 8019,
      "utility_player1": 10323,
      "utility_player2": 10323,
      "normalized_u1": 98.79414298018949,
      "normalized_u2": 98.79414298018949,
      "harmonic_mean": 98.79414298018949,
      "normalized_harmonic_mean": 98.79414298018949,
      "pareto_optimum": null,
      "by": "Player 1",
      "turn": 2
    },
    {
      "items": [
        "A25",
        "A28",
        "A39",
        "A46",
        "A75",
        "A87",
        "A88",
        "A97",
        "B15",
        "B16",
        "B34",
        "B37",
        "B43",
        "B64",
        "B69",
        "B81",
        "B95",
        "B96",
        "C17",
        "C51",
        "C53",
        "C60",
        "C83",
        "C84"
      ],
      "weight": 8019,
      "utility_player1": 10323,
      "utility_player2": 10323,
      "normalized_u1": 98.79414298018949,
      "normalized_u2": 98.79414298018949,
      "harmonic_mean": 98.79414298018949,
      "normalized_harmonic_mean": 98.79414298018949,
      "pareto_optimum": null,
      "by": "Player 1",
      "turn": 3
    }
  ],
  "agreement": null,
  "max_weight": 8145,
  "scores": {},
  "max_u1": 10449,
  "max_u2": 10449,
  "max_harmonic": 1,
  "player1_optimum": {
    "items": [
      "A25",
      "A28",
      "A39",
      "A46",
      "A75",
      "A87",
      "A88",
      "A97",
      "B15",
      "B16",
      "B34",
      "B64",
      "B69",
      "B81",
      "B95",
      "C10",
      "C17",
      "C51",
      "C53",
      "C60",
      "C72",
      "C82",
      "C83",
      "C84"
    ],
    "utility_player1": 10449,
    "utility_player2": 10449,
    "pareto_optimum": null
  },
  "player2_optimum": {
    "items": [
      "A25",
      "A28",
      "A39",
      "A46",
      "A75",
      "A87",
      "A88",
      "A97",
      "B15",
      "B16",
      "B34",
      "B64",
      "B69",
      "B81",
      "B95",
      "C10",
      "C17",
      "C51",
      "C53",
      "C60",
      "C72",
      "C82",
      "C83",
      "C84"
    ],
    "utility_player1": 10449,
    "utility_player2": 10449,
    "pareto_optimum": null
  },
  "global_optimum": null
}