{
  "results_folder": "deepseek-r1-distill-llama-70b-t1.0",
  "game_id": 0,
  "proposals": [
    {
      "items": [
        "A43",
        "A67",
        "B36",
        "B42",
        "C08",
        "C10",
        "C42",
        "C61",
        "C73"
      ],
      "weight": 3324,
      "utility_player1": 5836,
      "utility_player2": 5836,
      "normalized_u1": 96.41500082603667,
      "normalized_u2": 96.41500082603667,
      "harmonic_mean": 96.41500082603669,
      "normalized_harmonic_mean": 96.41500082603667,
      "pareto_optimum": false,
      "by": "Player 1",
      "turn": 1
    },
    {
      "items": [
        "A43",
        "A67",
        "B36",
        "B42",
        "C08",
        "C10",
        "C42",
        "C61",
        "C73"
      ],
      "weight": 3324,
      "utility_player1": 5836,
      "utility_player2": 5836,
      "normalized_u1": 96.41500082603667,
      "normalized_u2": 96.41500082603667,
      "harmonic_mean": 96.41500082603669,
      "normalized_harmonic_mean": 96.41500082603667,
      "pareto_optimum": false,
      "by": "Player 1",
      "turn": 2
    },
    {
      "items": [
        "A43",
        "A67",
        "B36",
        "B42",
        "C08",
        "C10",
        "C42",
        "C61",
        "C73"
      ],
      "weight": 3324,
      "utility_player1": 5836,
      "utility_player2": 5836,
      "normalized_u1": 96.41500082603667,
      "normalized_u2": 96.41500082603667,
      "harmonic_mean": 96.41500082603669,
      "normalized_harmonic_mean": 96.41500082603667,
      "pareto_optimum": false,
      "by": "Player 1",
      "turn": 3
    }
  ],
  "refusals": [],
  "agreement": null,
  "max_weight": 3358,
  "scores": {
    "pareto_adherence_rate": 0.0,
    "alternation_rate": 0.0
  },
  "max_u1": 6053,
  "max_u2": 6053,
  "max_harmonic": 1,
  "nb_proposals": 3,
  "player1_optimum": {
    "items": [
      "A18",
      "A43",
      "A67",
      "B19",
      "B36",
      "B42",
      "C42",
      "C61",
      "C67",
      "C73"
    ],
    "utility_player1": 6053,
    "utility_player2": 6053,
    "pareto_optimum": true
  },
  "player2_optimum": {
    "items": [
      "A18",
      "A43",
      "A67",
      "B19",
      "B36",
      "B42",
      "C42",
      "C61",
      "C67",
      "C73"
    ],
    "utility_player1": 6053,
    "utility_player2": 6053,
    "pareto_optimum": true
  },
  "global_optimum": null
}