{
  "results_folder": "claude-sonnet-4-20250514-no-reasoning-t0.0",
  "game_id": 3,
  "proposals": [
    {
      "items": [
        "A71",
        "A87",
        "B32",
        "B35",
        "C00",
        "C01",
        "C54"
      ],
      "weight": 2354,
      "utility_player1": 4706,
      "utility_player2": 2596,
      "normalized_u1": 77.18550106609808,
      "normalized_u2": 43.69634741625989,
      "harmonic_mean": 55.80200025770701,
      "normalized_harmonic_mean": 64.08897840211067,
      "pareto_optimum": false,
      "by": "Player 1",
      "turn": 1
    },
    {
      "items": [
        "A71",
        "A87",
        "B32",
        "B35",
        "C00",
        "C01",
        "C54"
      ],
      "weight": 2354,
      "utility_player1": 4706,
      "utility_player2": 2596,
      "normalized_u1": 77.18550106609808,
      "normalized_u2": 43.69634741625989,
      "harmonic_mean": 55.80200025770701,
      "normalized_harmonic_mean": 64.08897840211067,
      "pareto_optimum": false,
      "by": "Player 1",
      "turn": 2
    },
    {
      "items": [
        "A71",
        "A87",
        "B32",
        "B35",
        "C00",
        "C01",
        "C54"
      ],
      "weight": 2354,
      "utility_player1": 4706,
      "utility_player2": 2596,
      "normalized_u1": 77.18550106609808,
      "normalized_u2": 43.69634741625989,
      "harmonic_mean": 55.80200025770701,
      "normalized_harmonic_mean": 64.08897840211067,
      "pareto_optimum": false,
      "by": "Player 1",
      "turn": 3
    }
  ],
  "refusals": [],
  "agreement": null,
  "max_weight": 3681,
  "scores": {
    "pareto_adherence_rate": 0.0,
    "alternation_rate": 0.0
  },
  "max_u1": 6097,
  "max_u2": 5941,
  "max_harmonic": 87.06957365990601,
  "nb_proposals": 3,
  "player1_optimum": {
    "items": [
      "A10",
      "A71",
      "A87",
      "B32",
      "B35",
      "B41",
      "C00",
      "C01",
      "C54"
    ],
    "utility_player1": 6097,
    "utility_player2": 3218,
    "pareto_optimum": true
  },
  "player2_optimum": {
    "items": [
      "A03",
      "A04",
      "A77",
      "A87",
      "B32",
      "B33",
      "C00",
      "C17",
      "C54"
    ],
    "utility_player1": 3250,
    "utility_player2": 5941,
    "pareto_optimum": true
  },
  "global_optimum": {
    "items": [
      "A03",
      "A04",
      "A71",
      "A87",
      "B32",
      "B33",
      "B41",
      "C00",
      "C01",
      "C54"
    ],
    "utility_player1": 5278,
    "utility_player2": 5203,
    "harmonic_mean": 87.06957365990601,
    "pareto_optimum": true
  }
}