{
  "results_folder": "llama-3.3-70b-instruct-t1.0",
  "game_id": 4,
  "proposals": [
    {
      "items": [
        "B16",
        "B73",
        "B93",
        "C45",
        "C89"
      ],
      "weight": 1700,
      "utility_player1": 3323,
      "utility_player2": 3323,
      "normalized_u1": 52.34719596723377,
      "normalized_u2": 52.34719596723377,
      "harmonic_mean": 52.34719596723377,
      "normalized_harmonic_mean": 52.34719596723377,
      "pareto_optimum": false,
      "by": "Player 2",
      "turn": 4
    },
    {
      "items": [
        "B05",
        "B16",
        "B73",
        "C45",
        "C89"
      ],
      "weight": 2264,
      "utility_player1": 3048,
      "utility_player2": 3048,
      "normalized_u1": 48.01512287334593,
      "normalized_u2": 48.01512287334593,
      "harmonic_mean": 48.01512287334592,
      "normalized_harmonic_mean": 48.01512287334593,
      "pareto_optimum": false,
      "by": "Player 1",
      "turn": 6
    }
  ],
  "refusals": [],
  "agreement": {
    "items": [
      "B16",
      "B73",
      "B93",
      "C45",
      "C89"
    ],
    "weight": 1700,
    "utility_player1": 3323,
    "utility_player2": 3323,
    "normalized_u1": 52.34719596723377,
    "normalized_u2": 52.34719596723377,
    "harmonic_mean": 52.34719596723377,
    "normalized_harmonic_mean": 52.34719596723377,
    "pareto_optimum": false,
    "by": "Player 1",
    "turn": 7
  },
  "max_weight": 3145,
  "scores": {
    "player1_score": 3323,
    "player2_score": 3323,
    "normalized_u1": 52.34719596723377,
    "normalized_u2": 52.34719596723377,
    "harmonic_mean": 52.34719596723377,
    "normalized_harmonic_mean": 52.34719596723377,
    "episode_score": 14.285714285714286,
    "pareto_optimum": false,
    "pareto_adherence_rate": 0.0,
    "alternation_rate": 1.0,
    "avg_normalized_substitutions": 0.4
  },
  "max_u1": 6348,
  "max_u2": 6348,
  "max_harmonic": 1,
  "nb_proposals": 2,
  "normalized_substitutions_per_proposal": [
    0.4
  ],
  "player1_optimum": {
    "items": [
      "A36",
      "A63",
      "B16",
      "B73",
      "B93",
      "B98",
      "C11",
      "C13",
      "C34",
      "C45",
      "C89"
    ],
    "utility_player1": 6348,
    "utility_player2": 6348,
    "pareto_optimum": true
  },
  "player2_optimum": {
    "items": [
      "A36",
      "A63",
      "B16",
      "B73",
      "B93",
      "B98",
      "C11",
      "C13",
      "C34",
      "C45",
      "C89"
    ],
    "utility_player1": 6348,
    "utility_player2": 6348,
    "pareto_optimum": true
  }
}