{
  "results_folder": "claude-sonnet-4-20250514-t1.0",
  "game_id": 5,
  "proposals": [
    {
      "items": [
        "A40",
        "A95",
        "B11",
        "B56",
        "B59",
        "C16",
        "C24",
        "C31",
        "C50"
      ],
      "weight": 3001,
      "utility_player1": 6813,
      "utility_player2": 6813,
      "normalized_u1": 46.4227309893704,
      "normalized_u2": 46.4227309893704,
      "harmonic_mean": 46.4227309893704,
      "normalized_harmonic_mean": 46.4227309893704,
      "pareto_optimum": null,
      "by": "Player 1",
      "turn": 1
    },
    {
      "items": [
        "A40",
        "A95",
        "B11",
        "B38",
        "B54",
        "B56",
        "B59",
        "B86",
        "C05",
        "C16",
        "C24",
        "C31",
        "C50"
      ],
      "weight": 5790,
      "utility_player1": 10257,
      "utility_player2": 10257,
      "normalized_u1": 69.88961569910057,
      "normalized_u2": 69.88961569910057,
      "harmonic_mean": 69.88961569910057,
      "normalized_harmonic_mean": 69.88961569910057,
      "pareto_optimum": null,
      "by": "Player 2",
      "turn": 1
    },
    {
      "items": [
        "A40",
        "A95",
        "B11",
        "B38",
        "B54",
        "B56",
        "B59",
        "B86",
        "C03",
        "C16",
        "C24",
        "C28",
        "C31",
        "C50"
      ],
      "weight": 5903,
      "utility_player1": 10887,
      "utility_player2": 10887,
      "normalized_u1": 74.18233851185609,
      "normalized_u2": 74.18233851185609,
      "harmonic_mean": 74.18233851185609,
      "normalized_harmonic_mean": 74.18233851185609,
      "pareto_optimum": null,
      "by": "Player 1",
      "turn": 2
    }
  ],
  "refusals": [],
  "agreement": {
    "items": [
      "A40",
      "A95",
      "B11",
      "B38",
      "B54",
      "B56",
      "B59",
      "B86",
      "C03",
      "C16",
      "C24",
      "C28",
      "C31",
      "C50"
    ],
    "weight": 5903,
    "utility_player1": 10887,
    "utility_player2": 10887,
    "normalized_u1": 74.18233851185609,
    "normalized_u2": 74.18233851185609,
    "harmonic_mean": 74.18233851185609,
    "normalized_harmonic_mean": 74.18233851185609,
    "pareto_optimum": null,
    "by": "Player 2",
    "turn": 2
  },
  "max_weight": 9475,
  "scores": {
    "player1_score": 10887,
    "player2_score": 10887,
    "normalized_u1": 74.18233851185609,
    "normalized_u2": 74.18233851185609,
    "harmonic_mean": 74.18233851185609,
    "normalized_harmonic_mean": 74.18233851185609,
    "episode_score": 50.0,
    "pareto_optimum": null,
    "pareto_adherence_rate": null,
    "alternation_rate": 1.0
  },
  "max_u1": 14676,
  "max_u2": 14676,
  "max_harmonic": 1,
  "nb_proposals": 3,
  "player1_optimum": {
    "items": [
      "A40",
      "A77",
      "A95",
      "B11",
      "B24",
      "B38",
      "B54",
      "B56",
      "B59",
      "B60",
      "B86",
      "B96",
      "C03",
      "C05",
      "C14",
      "C16",
      "C24",
      "C28",
      "C31",
      "C50",
      "C52"
    ],
    "utility_player1": 14676,
    "utility_player2": 14676,
    "pareto_optimum": null
  },
  "player2_optimum": {
    "items": [
      "A40",
      "A77",
      "A95",
      "B11",
      "B24",
      "B38",
      "B54",
      "B56",
      "B59",
      "B60",
      "B86",
      "B96",
      "C03",
      "C05",
      "C14",
      "C16",
      "C24",
      "C28",
      "C31",
      "C50",
      "C52"
    ],
    "utility_player1": 14676,
    "utility_player2": 14676,
    "pareto_optimum": null
  },
  "global_optimum": null
}