{
  "results_folder": "deepseek-r1-distill-llama-70b-t1.0",
  "game_id": 4,
  "proposals": [
    {
      "items": [
        "A11",
        "A60",
        "A82",
        "B09",
        "B20",
        "B31",
        "B93",
        "B96",
        "C08",
        "C85"
      ],
      "weight": 2783,
      "utility_player1": 5518,
      "utility_player2": 5025,
      "normalized_u1": 100.0,
      "normalized_u2": 74.27937915742794,
      "harmonic_mean": 85.24173027989822,
      "normalized_harmonic_mean": 91.91053450942735,
      "pareto_optimum": true,
      "by": "Player 1",
      "turn": 1
    },
    {
      "items": [
        "A11",
        "A60",
        "A82",
        "B09",
        "B20",
        "B31",
        "B93",
        "B96",
        "C08",
        "C85"
      ],
      "weight": 2783,
      "utility_player1": 5518,
      "utility_player2": 5025,
      "normalized_u1": 100.0,
      "normalized_u2": 74.27937915742794,
      "harmonic_mean": 85.24173027989822,
      "normalized_harmonic_mean": 91.91053450942735,
      "pareto_optimum": true,
      "by": "Player 1",
      "turn": 2
    },
    {
      "items": [
        "A11",
        "A60",
        "A82",
        "B09",
        "B20",
        "B31",
        "B93",
        "B96",
        "C08",
        "C85"
      ],
      "weight": 2783,
      "utility_player1": 5518,
      "utility_player2": 5025,
      "normalized_u1": 100.0,
      "normalized_u2": 74.27937915742794,
      "harmonic_mean": 85.24173027989822,
      "normalized_harmonic_mean": 91.91053450942735,
      "pareto_optimum": true,
      "by": "Player 1",
      "turn": 3
    }
  ],
  "agreement": null,
  "max_weight": 2984,
  "scores": {},
  "max_u1": 5518,
  "max_u2": 6765,
  "max_harmonic": 92.74424388333297,
  "player1_optimum": {
    "items": [
      "A11",
      "A60",
      "A82",
      "B09",
      "B20",
      "B31",
      "B93",
      "B96",
      "C08",
      "C85"
    ],
    "utility_player1": 5518,
    "utility_player2": 5025,
    "pareto_optimum": true
  },
  "player2_optimum": {
    "items": [
      "A21",
      "A60",
      "A82",
      "B09",
      "B20",
      "B39",
      "B93",
      "B96",
      "C81",
      "C85"
    ],
    "utility_player1": 3679,
    "utility_player2": 6765,
    "pareto_optimum": true
  },
  "global_optimum": {
    "items": [
      "A21",
      "A60",
      "A82",
      "B09",
      "B20",
      "B31",
      "B39",
      "B93",
      "B96",
      "C08",
      "C85"
    ],
    "utility_player1": 4853,
    "utility_player2": 6636,
    "harmonic_mean": 92.74424388333297,
    "pareto_optimum": true
  }
}