{
  "results_folder": "claude-sonnet-4-20250514-t1.0",
  "game_id": 4,
  "proposals": [
    {
      "items": [
        "A35",
        "A60",
        "B10",
        "B78",
        "C15",
        "C28",
        "C48"
      ],
      "weight": 2155,
      "utility_player1": 4794,
      "utility_player2": 4794,
      "normalized_u1": 78.59016393442623,
      "normalized_u2": 78.59016393442623,
      "harmonic_mean": 78.59016393442623,
      "normalized_harmonic_mean": 78.59016393442623,
      "pareto_optimum": false,
      "by": "Player 1",
      "turn": 1
    },
    {
      "items": [
        "A35",
        "A60",
        "B10",
        "B66",
        "B78",
        "C15",
        "C28",
        "C48",
        "C60"
      ],
      "weight": 3234,
      "utility_player1": 6035,
      "utility_player2": 6035,
      "normalized_u1": 98.9344262295082,
      "normalized_u2": 98.9344262295082,
      "harmonic_mean": 98.9344262295082,
      "normalized_harmonic_mean": 98.9344262295082,
      "pareto_optimum": false,
      "by": "Player 2",
      "turn": 1
    }
  ],
  "refusals": [],
  "agreement": {
    "items": [
      "A35",
      "A60",
      "B10",
      "B66",
      "B78",
      "C15",
      "C28",
      "C48",
      "C60"
    ],
    "weight": 3234,
    "utility_player1": 6035,
    "utility_player2": 6035,
    "normalized_u1": 98.9344262295082,
    "normalized_u2": 98.9344262295082,
    "harmonic_mean": 98.9344262295082,
    "normalized_harmonic_mean": 98.9344262295082,
    "pareto_optimum": false,
    "by": "Player 1",
    "turn": 2
  },
  "max_weight": 3389,
  "scores": {
    "player1_score": 6035,
    "player2_score": 6035,
    "normalized_u1": 98.9344262295082,
    "normalized_u2": 98.9344262295082,
    "harmonic_mean": 98.9344262295082,
    "normalized_harmonic_mean": 98.9344262295082,
    "episode_score": 50.0,
    "pareto_optimum": false,
    "pareto_adherence_rate": 0.0
  },
  "max_u1": 6100,
  "max_u2": 6100,
  "max_harmonic": 1,
  "nb_proposals": 2,
  "player1_optimum": {
    "items": [
      "A35",
      "A60",
      "A75",
      "B10",
      "B66",
      "B78",
      "C15",
      "C28",
      "C48",
      "C60"
    ],
    "utility_player1": 6100,
    "utility_player2": 6100,
    "pareto_optimum": true
  },
  "player2_optimum": {
    "items": [
      "A35",
      "A60",
      "A75",
      "B10",
      "B66",
      "B78",
      "C15",
      "C28",
      "C48",
      "C60"
    ],
    "utility_player1": 6100,
    "utility_player2": 6100,
    "pareto_optimum": true
  },
  "global_optimum": null
}