{
  "results_folder": "nemotron-nano-9b-v2-t1.0",
  "game_id": 3,
  "proposals": [
    {
      "items": [
        "A40",
        "A52",
        "A77",
        "A81",
        "A91",
        "B51",
        "B54",
        "B55",
        "B56",
        "B59",
        "B60",
        "B79",
        "B86",
        "C03",
        "C14",
        "C28",
        "C31",
        "C32",
        "C50",
        "C52",
        "C59"
      ],
      "weight": 8571,
      "utility_player1": 12226,
      "utility_player2": 12226,
      "normalized_u1": 79.87195400797022,
      "normalized_u2": 79.87195400797022,
      "harmonic_mean": 79.87195400797022,
      "normalized_harmonic_mean": 79.87195400797022,
      "pareto_optimum": null,
      "by": "Player 1",
      "turn": 1
    },
    {
      "items": [
        "A40",
        "A52",
        "A77",
        "A81",
        "A91",
        "B51",
        "B54",
        "B55",
        "B56",
        "B59",
        "B60",
        "B79",
        "B86",
        "C03",
        "C14",
        "C28",
        "C31",
        "C32",
        "C50",
        "C52",
        "C59"
      ],
      "weight": 8571,
      "utility_player1": 12226,
      "utility_player2": 12226,
      "normalized_u1": 79.87195400797022,
      "normalized_u2": 79.87195400797022,
      "harmonic_mean": 79.87195400797022,
      "normalized_harmonic_mean": 79.87195400797022,
      "pareto_optimum": null,
      "by": "Player 1",
      "turn": 3
    }
  ],
  "refusals": [],
  "agreement": null,
  "max_weight": 8770,
  "scores": {
    "pareto_adherence_rate": null,
    "alternation_rate": 0.0
  },
  "max_u1": 15307,
  "max_u2": 15307,
  "max_harmonic": 1,
  "nb_proposals": 2,
  "player1_optimum": {
    "items": [
      "A40",
      "A77",
      "A81",
      "A91",
      "A95",
      "B38",
      "B54",
      "B55",
      "B56",
      "B59",
      "B60",
      "B79",
      "B86",
      "B96",
      "C03",
      "C05",
      "C14",
      "C16",
      "C28",
      "C31",
      "C50",
      "C52"
    ],
    "utility_player1": 15307,
    "utility_player2": 15307,
    "pareto_optimum": null
  },
  "player2_optimum": {
    "items": [
      "A40",
      "A77",
      "A81",
      "A91",
      "A95",
      "B38",
      "B54",
      "B55",
      "B56",
      "B59",
      "B60",
      "B79",
      "B86",
      "B96",
      "C03",
      "C05",
      "C14",
      "C16",
      "C28",
      "C31",
      "C50",
      "C52"
    ],
    "utility_player1": 15307,
    "utility_player2": 15307,
    "pareto_optimum": null
  },
  "global_optimum": null
}