{
  "results_folder": "gpt-5-2025-08-07-no-reasoning-t1.0",
  "game_id": 3,
  "proposals": [
    {
      "items": [
        "A36",
        "A63",
        "B16",
        "B73",
        "B93",
        "B98",
        "C11",
        "C13",
        "C34",
        "C45"
      ],
      "weight": 3429,
      "utility_player1": 5959,
      "utility_player2": 5959,
      "normalized_u1": 96.70561506004543,
      "normalized_u2": 96.70561506004543,
      "harmonic_mean": 96.70561506004543,
      "normalized_harmonic_mean": 96.70561506004543,
      "pareto_optimum": false,
      "by": "Player 1",
      "turn": 1
    },
    {
      "items": [
        "A36",
        "A63",
        "B16",
        "B73",
        "B93",
        "C11",
        "C13",
        "C34",
        "C45"
      ],
      "weight": 3199,
      "utility_player1": 5894,
      "utility_player2": 5894,
      "normalized_u1": 95.65076273937034,
      "normalized_u2": 95.65076273937034,
      "harmonic_mean": 95.65076273937034,
      "normalized_harmonic_mean": 95.65076273937034,
      "pareto_optimum": false,
      "by": "Player 2",
      "turn": 1
    },
    {
      "items": [
        "A36",
        "A63",
        "B16",
        "B73",
        "B93",
        "B98",
        "C11",
        "C13",
        "C34",
        "C45"
      ],
      "weight": 3429,
      "utility_player1": 5959,
      "utility_player2": 5959,
      "normalized_u1": 96.70561506004543,
      "normalized_u2": 96.70561506004543,
      "harmonic_mean": 96.70561506004543,
      "normalized_harmonic_mean": 96.70561506004543,
      "pareto_optimum": false,
      "by": "Player 1",
      "turn": 2
    },
    {
      "items": [
        "A36",
        "A63",
        "B16",
        "B73",
        "B93",
        "C11",
        "C13",
        "C34",
        "C45"
      ],
      "weight": 3199,
      "utility_player1": 5894,
      "utility_player2": 5894,
      "normalized_u1": 95.65076273937034,
      "normalized_u2": 95.65076273937034,
      "harmonic_mean": 95.65076273937034,
      "normalized_harmonic_mean": 95.65076273937034,
      "pareto_optimum": false,
      "by": "Player 2",
      "turn": 2
    }
  ],
  "refusals": [
    {
      "items": [
        "A36",
        "A63",
        "B16",
        "B73",
        "B93",
        "B98",
        "C11",
        "C13",
        "C34",
        "C45"
      ],
      "weight": 3429,
      "utility_player1": 5959,
      "utility_player2": 5959,
      "normalized_u1": 96.70561506004543,
      "normalized_u2": 96.70561506004543,
      "harmonic_mean": 96.70561506004543,
      "normalized_harmonic_mean": 96.70561506004543,
      "pareto_optimum": false,
      "by": "Player 2",
      "turn": 1
    },
    {
      "items": [
        "A36",
        "A63",
        "B16",
        "B73",
        "B93",
        "B98",
        "C11",
        "C13",
        "C34",
        "C45"
      ],
      "weight": 3429,
      "utility_player1": 5959,
      "utility_player2": 5959,
      "normalized_u1": 96.70561506004543,
      "normalized_u2": 96.70561506004543,
      "harmonic_mean": 96.70561506004543,
      "normalized_harmonic_mean": 96.70561506004543,
      "pareto_optimum": false,
      "by": "Player 2",
      "turn": 2
    }
  ],
  "agreement": {
    "items": [
      "A36",
      "A63",
      "B16",
      "B73",
      "B93",
      "C11",
      "C13",
      "C34",
      "C45"
    ],
    "weight": 3199,
    "utility_player1": 5894,
    "utility_player2": 5894,
    "normalized_u1": 95.65076273937034,
    "normalized_u2": 95.65076273937034,
    "harmonic_mean": 95.65076273937034,
    "normalized_harmonic_mean": 95.65076273937034,
    "pareto_optimum": false,
    "by": "Player 1",
    "turn": 3
  },
  "max_weight": 3712,
  "scores": {
    "player1_score": 5894,
    "player2_score": 5894,
    "normalized_u1": 95.65076273937034,
    "normalized_u2": 95.65076273937034,
    "harmonic_mean": 95.65076273937034,
    "normalized_harmonic_mean": 95.65076273937034,
    "episode_score": 33.333333333333336,
    "pareto_optimum": false,
    "pareto_adherence_rate": 0.0,
    "alternation_rate": 1.0
  },
  "max_u1": 6162,
  "max_u2": 6162,
  "max_harmonic": 1,
  "nb_proposals": 4,
  "player1_optimum": {
    "items": [
      "A36",
      "B16",
      "B73",
      "B93",
      "C11",
      "C13",
      "C34",
      "C45",
      "C89"
    ],
    "utility_player1": 6162,
    "utility_player2": 6162,
    "pareto_optimum": true
  },
  "player2_optimum": {
    "items": [
      "A36",
      "B16",
      "B73",
      "B93",
      "C11",
      "C13",
      "C34",
      "C45",
      "C89"
    ],
    "utility_player1": 6162,
    "utility_player2": 6162,
    "pareto_optimum": true
  },
  "global_optimum": null
}