{
  "results_folder": "deepseek-r1-distill-llama-70b-t1.0",
  "game_id": 2,
  "proposals": [
    {
      "items": [
        "A11",
        "A21",
        "B09",
        "B21",
        "B31",
        "B33",
        "B93",
        "C08",
        "C85"
      ],
      "weight": 3066,
      "utility_player1": 5571,
      "utility_player2": 3550,
      "normalized_u1": 99.02239601848561,
      "normalized_u2": 59.56375838926174,
      "harmonic_mean": 74.38412380447673,
      "normalized_harmonic_mean": 83.31493552067131,
      "pareto_optimum": true,
      "by": "Player 1",
      "turn": 1
    },
    {
      "items": [
        "A11",
        "B09",
        "B21",
        "B31",
        "B33",
        "B93",
        "C08"
      ],
      "weight": 2809,
      "utility_player1": 5312,
      "utility_player2": 1920,
      "normalized_u1": 94.41876999644508,
      "normalized_u2": 32.21476510067114,
      "harmonic_mean": 48.03906791667922,
      "normalized_harmonic_mean": 53.80680232883782,
      "pareto_optimum": false,
      "by": "Player 1",
      "turn": 2
    },
    {
      "items": [
        "A11",
        "B09",
        "B21",
        "B31",
        "B33",
        "B93",
        "C08"
      ],
      "weight": 2809,
      "utility_player1": 5312,
      "utility_player2": 1920,
      "normalized_u1": 94.41876999644508,
      "normalized_u2": 32.21476510067114,
      "harmonic_mean": 48.03906791667922,
      "normalized_harmonic_mean": 53.80680232883782,
      "pareto_optimum": false,
      "by": "Player 1",
      "turn": 3
    }
  ],
  "refusals": [],
  "agreement": null,
  "max_weight": 3203,
  "scores": {
    "pareto_adherence_rate": 0.3333333333333333,
    "alternation_rate": 0.0
  },
  "max_u1": 5626,
  "max_u2": 5960,
  "max_harmonic": 89.28065939152201,
  "nb_proposals": 3,
  "player1_optimum": {
    "items": [
      "A11",
      "A82",
      "B09",
      "B21",
      "B31",
      "B33",
      "C08",
      "C81"
    ],
    "utility_player1": 5626,
    "utility_player2": 2724,
    "pareto_optimum": true
  },
  "player2_optimum": {
    "items": [
      "A21",
      "A82",
      "B09",
      "B20",
      "B39",
      "B96",
      "C08",
      "C81",
      "C85"
    ],
    "utility_player1": 3395,
    "utility_player2": 5960,
    "pareto_optimum": true
  },
  "global_optimum": {
    "items": [
      "A11",
      "A21",
      "B09",
      "B20",
      "B21",
      "B31",
      "B39",
      "C08",
      "C81",
      "C85"
    ],
    "utility_player1": 5081,
    "utility_player2": 5261,
    "harmonic_mean": 89.28065939152201,
    "pareto_optimum": true
  }
}