{
  "results_folder": "nemotron-nano-9b-v2-t1.0",
  "game_id": 5,
  "proposals": [
    {
      "items": [
        "A04",
        "A10",
        "A77",
        "A87",
        "B41",
        "B86",
        "C01",
        "C54"
      ],
      "weight": 3356,
      "utility_player1": 3747,
      "utility_player2": 1563,
      "normalized_u1": 98.114689709348,
      "normalized_u2": 40.231660231660236,
      "harmonic_mean": 57.06427183376245,
      "normalized_harmonic_mean": 71.87332292174409,
      "pareto_optimum": true,
      "by": "Player 1",
      "turn": 1
    },
    {
      "items": [
        "A04",
        "A10",
        "A77",
        "A87",
        "B41",
        "B86",
        "C01",
        "C54"
      ],
      "weight": 3356,
      "utility_player1": 3747,
      "utility_player2": 1563,
      "normalized_u1": 98.114689709348,
      "normalized_u2": 40.231660231660236,
      "harmonic_mean": 57.06427183376245,
      "normalized_harmonic_mean": 71.87332292174409,
      "pareto_optimum": true,
      "by": "Player 1",
      "turn": 2
    },
    {
      "items": [
        "A04",
        "A10",
        "A77",
        "A87",
        "B41",
        "B86",
        "C01",
        "C54"
      ],
      "weight": 3356,
      "utility_player1": 3747,
      "utility_player2": 1563,
      "normalized_u1": 98.114689709348,
      "normalized_u2": 40.231660231660236,
      "harmonic_mean": 57.06427183376245,
      "normalized_harmonic_mean": 71.87332292174409,
      "pareto_optimum": true,
      "by": "Player 1",
      "turn": 3
    }
  ],
  "agreement": null,
  "max_weight": 3386,
  "scores": {},
  "max_u1": 3819,
  "max_u2": 3885,
  "max_harmonic": 79.3956220667496,
  "player1_optimum": {
    "items": [
      "A03",
      "A04",
      "A10",
      "A77",
      "A87",
      "B41",
      "B86",
      "C54"
    ],
    "utility_player1": 3819,
    "utility_player2": 1389,
    "pareto_optimum": true
  },
  "player2_optimum": {
    "items": [
      "A04",
      "A10",
      "A71",
      "A87",
      "B33",
      "B35",
      "C00",
      "C01",
      "C17"
    ],
    "utility_player1": 2104,
    "utility_player2": 3885,
    "pareto_optimum": true
  },
  "global_optimum": {
    "items": [
      "A03",
      "A04",
      "A10",
      "A71",
      "A87",
      "B33",
      "C00",
      "C01",
      "C54"
    ],
    "utility_player1": 2974,
    "utility_player2": 3146,
    "harmonic_mean": 79.3956220667496,
    "pareto_optimum": true
  }
}