{
  "results_folder": "gpt-5-mini-2025-08-07-no-reasoning-t1.0",
  "game_id": 3,
  "proposals": [
    {
      "items": [
        "A40",
        "A77",
        "A81",
        "A91",
        "A95",
        "B38",
        "B54",
        "B56",
        "B59",
        "B60",
        "B79",
        "B86",
        "B96",
        "C03",
        "C05",
        "C14",
        "C16",
        "C28",
        "C31",
        "C32",
        "C52"
      ],
      "weight": 8638,
      "utility_player1": 14154,
      "utility_player2": 14154,
      "normalized_u1": 92.46749853008428,
      "normalized_u2": 92.46749853008428,
      "harmonic_mean": 92.46749853008428,
      "normalized_harmonic_mean": 92.46749853008428,
      "pareto_optimum": null,
      "by": "Player 1",
      "turn": 1
    }
  ],
  "refusals": [],
  "agreement": {
    "items": [
      "A40",
      "A77",
      "A81",
      "A91",
      "A95",
      "B38",
      "B54",
      "B56",
      "B59",
      "B60",
      "B79",
      "B86",
      "B96",
      "C03",
      "C05",
      "C14",
      "C16",
      "C28",
      "C31",
      "C32",
      "C52"
    ],
    "weight": 8638,
    "utility_player1": 14154,
    "utility_player2": 14154,
    "normalized_u1": 92.46749853008428,
    "normalized_u2": 92.46749853008428,
    "harmonic_mean": 92.46749853008428,
    "normalized_harmonic_mean": 92.46749853008428,
    "pareto_optimum": null,
    "by": "Player 2",
    "turn": 1
  },
  "max_weight": 8770,
  "scores": {
    "player1_score": 14154,
    "player2_score": 14154,
    "normalized_u1": 92.46749853008428,
    "normalized_u2": 92.46749853008428,
    "harmonic_mean": 92.46749853008428,
    "normalized_harmonic_mean": 92.46749853008428,
    "episode_score": 100.0,
    "pareto_optimum": null,
    "pareto_adherence_rate": null,
    "alternation_rate": null,
    "avg_normalized_substitutions": null
  },
  "max_u1": 15307,
  "max_u2": 15307,
  "max_harmonic": 1,
  "nb_proposals": 1,
  "normalized_substitutions_per_proposal": [],
  "player1_optimum": {
    "items": [
      "A40",
      "A77",
      "A81",
      "A91",
      "A95",
      "B38",
      "B54",
      "B55",
      "B56",
      "B59",
      "B60",
      "B79",
      "B86",
      "B96",
      "C03",
      "C05",
      "C14",
      "C16",
      "C28",
      "C31",
      "C50",
      "C52"
    ],
    "utility_player1": 15307,
    "utility_player2": 15307,
    "pareto_optimum": null
  },
  "player2_optimum": {
    "items": [
      "A40",
      "A77",
      "A81",
      "A91",
      "A95",
      "B38",
      "B54",
      "B55",
      "B56",
      "B59",
      "B60",
      "B79",
      "B86",
      "B96",
      "C03",
      "C05",
      "C14",
      "C16",
      "C28",
      "C31",
      "C50",
      "C52"
    ],
    "utility_player1": 15307,
    "utility_player2": 15307,
    "pareto_optimum": null
  }
}