{
  "results_folder": "deepseek-r1-distill-llama-70b-t1.0",
  "game_id": 4,
  "proposals": [
    {
      "items": [
        "A36",
        "B16",
        "B33",
        "B73",
        "B93",
        "C11",
        "C13",
        "C89"
      ],
      "weight": 1925,
      "utility_player1": 5156,
      "utility_player2": 5156,
      "normalized_u1": 81.2224322621298,
      "normalized_u2": 81.2224322621298,
      "harmonic_mean": 81.2224322621298,
      "normalized_harmonic_mean": 81.2224322621298,
      "pareto_optimum": false,
      "by": "Player 1",
      "turn": 1
    },
    {
      "items": [
        "A36",
        "B73",
        "B93",
        "C11",
        "C13"
      ],
      "weight": 1268,
      "utility_player1": 3822,
      "utility_player2": 3822,
      "normalized_u1": 60.20793950850661,
      "normalized_u2": 60.20793950850661,
      "harmonic_mean": 60.20793950850661,
      "normalized_harmonic_mean": 60.20793950850661,
      "pareto_optimum": false,
      "by": "Player 1",
      "turn": 2
    },
    {
      "items": [
        "A36",
        "B73",
        "B93",
        "C11",
        "C13",
        "C45"
      ],
      "weight": 2187,
      "utility_player1": 4644,
      "utility_player2": 4644,
      "normalized_u1": 73.15689981096408,
      "normalized_u2": 73.15689981096408,
      "harmonic_mean": 73.15689981096408,
      "normalized_harmonic_mean": 73.15689981096408,
      "pareto_optimum": false,
      "by": "Player 2",
      "turn": 2
    },
    {
      "items": [
        "A36",
        "B16",
        "B73",
        "B93",
        "C11",
        "C13",
        "C45"
      ],
      "weight": 2200,
      "utility_player1": 5105,
      "utility_player2": 5105,
      "normalized_u1": 80.41902961562697,
      "normalized_u2": 80.41902961562697,
      "harmonic_mean": 80.41902961562697,
      "normalized_harmonic_mean": 80.41902961562697,
      "pareto_optimum": false,
      "by": "Player 2",
      "turn": 4
    }
  ],
  "refusals": [],
  "agreement": {
    "items": [
      "A36",
      "B16",
      "B73",
      "B93",
      "C11",
      "C13",
      "C45"
    ],
    "weight": 2200,
    "utility_player1": 5105,
    "utility_player2": 5105,
    "normalized_u1": 80.41902961562697,
    "normalized_u2": 80.41902961562697,
    "harmonic_mean": 80.41902961562697,
    "normalized_harmonic_mean": 80.41902961562697,
    "pareto_optimum": false,
    "by": "Player 1",
    "turn": 5
  },
  "max_weight": 3145,
  "scores": {
    "player1_score": 5105,
    "player2_score": 5105,
    "normalized_u1": 80.41902961562697,
    "normalized_u2": 80.41902961562697,
    "harmonic_mean": 80.41902961562697,
    "normalized_harmonic_mean": 80.41902961562697,
    "episode_score": 20.0,
    "pareto_optimum": false,
    "pareto_adherence_rate": 0.0,
    "alternation_rate": 0.3333333333333333
  },
  "max_u1": 6348,
  "max_u2": 6348,
  "max_harmonic": 1,
  "nb_proposals": 4,
  "player1_optimum": {
    "items": [
      "A36",
      "A63",
      "B16",
      "B73",
      "B93",
      "B98",
      "C11",
      "C13",
      "C34",
      "C45",
      "C89"
    ],
    "utility_player1": 6348,
    "utility_player2": 6348,
    "pareto_optimum": true
  },
  "player2_optimum": {
    "items": [
      "A36",
      "A63",
      "B16",
      "B73",
      "B93",
      "B98",
      "C11",
      "C13",
      "C34",
      "C45",
      "C89"
    ],
    "utility_player1": 6348,
    "utility_player2": 6348,
    "pareto_optimum": true
  },
  "global_optimum": null
}