{
  "results_folder": "claude-sonnet-4-20250514-t0.0",
  "game_id": 4,
  "proposals": [
    {
      "items": [
        "A43",
        "A67",
        "B36",
        "B42",
        "C10",
        "C42",
        "C43",
        "C55",
        "C61",
        "C67"
      ],
      "weight": 2949,
      "utility_player1": 6283,
      "utility_player2": 6283,
      "normalized_u1": 98.97605545053561,
      "normalized_u2": 98.97605545053561,
      "harmonic_mean": 98.97605545053563,
      "normalized_harmonic_mean": 98.97605545053561,
      "pareto_optimum": null,
      "by": "Player 1",
      "turn": 2
    }
  ],
  "agreement": {
    "items": [
      "A43",
      "A67",
      "B36",
      "B42",
      "C10",
      "C42",
      "C43",
      "C55",
      "C61",
      "C67"
    ],
    "weight": 2949,
    "utility_player1": 6283,
    "utility_player2": 6283,
    "normalized_u1": 98.97605545053561,
    "normalized_u2": 98.97605545053561,
    "harmonic_mean": 98.97605545053563,
    "normalized_harmonic_mean": 98.97605545053561,
    "pareto_optimum": null,
    "by": "Player 2",
    "turn": 2
  },
  "max_weight": 3145,
  "scores": {
    "player1_score": 6283,
    "player2_score": 6283,
    "normalized_u1": 98.97605545053561,
    "normalized_u2": 98.97605545053561,
    "harmonic_mean": 98.97605545053563,
    "normalized_harmonic_mean": 98.97605545053561,
    "episode_score": 50.0,
    "pareto_optimum": null
  },
  "max_u1": 6348,
  "max_u2": 6348,
  "max_harmonic": 1,
  "player1_optimum": {
    "items": [
      "A43",
      "A62",
      "A67",
      "B36",
      "B42",
      "C10",
      "C42",
      "C43",
      "C55",
      "C61",
      "C67"
    ],
    "utility_player1": 6348,
    "utility_player2": 6348,
    "pareto_optimum": null
  },
  "player2_optimum": {
    "items": [
      "A43",
      "A62",
      "A67",
      "B36",
      "B42",
      "C10",
      "C42",
      "C43",
      "C55",
      "C61",
      "C67"
    ],
    "utility_player1": 6348,
    "utility_player2": 6348,
    "pareto_optimum": null
  },
  "global_optimum": null
}