{
  "results_folder": "gpt-5-2025-08-07-no-reasoning-t1.0",
  "game_id": 2,
  "proposals": [
    {
      "items": [
        "A25",
        "A28",
        "A39",
        "A46",
        "A65",
        "A71",
        "A75",
        "A87",
        "A88",
        "A94",
        "A96",
        "A97",
        "B15",
        "B16",
        "B19",
        "B23",
        "B34",
        "B37",
        "B43",
        "B64",
        "B69",
        "B81",
        "B95",
        "B96",
        "C10",
        "C17",
        "C51",
        "C53",
        "C60",
        "C72",
        "C79",
        "C82",
        "C83",
        "C84"
      ],
      "weight": 18265,
      "utility_player1": 0,
      "utility_player2": 0,
      "normalized_u1": 0,
      "normalized_u2": 0,
      "harmonic_mean": 186.7215958369471,
      "normalized_harmonic_mean": 0,
      "pareto_optimum": null,
      "by": "Player 1",
      "turn": 1
    },
    {
      "items": [
        "A25",
        "A39",
        "A71",
        "A75",
        "A87",
        "A88",
        "A94",
        "A96",
        "A97",
        "B15",
        "B16",
        "B23",
        "B34",
        "B37",
        "B43",
        "B81",
        "C10",
        "C17",
        "C51",
        "C53",
        "C60",
        "C79",
        "C83"
      ],
      "weight": 13061,
      "utility_player1": 0,
      "utility_player2": 0,
      "normalized_u1": 0,
      "normalized_u2": 0,
      "harmonic_mean": 132.42844752818735,
      "normalized_harmonic_mean": 0,
      "pareto_optimum": null,
      "by": "Player 2",
      "turn": 1
    },
    {
      "items": [
        "A75",
        "A87",
        "A96",
        "A97",
        "B15",
        "B23",
        "B34",
        "B37",
        "B81",
        "C51",
        "C53",
        "C60",
        "C83"
      ],
      "weight": 9322,
      "utility_player1": 10570,
      "utility_player2": 10570,
      "normalized_u1": 91.67389418907199,
      "normalized_u2": 91.67389418907199,
      "harmonic_mean": 91.67389418907199,
      "normalized_harmonic_mean": 91.67389418907199,
      "pareto_optimum": null,
      "by": "Player 1",
      "turn": 2
    }
  ],
  "refusals": [
    {
      "items": [
        "A25",
        "A28",
        "A39",
        "A46",
        "A65",
        "A71",
        "A75",
        "A87",
        "A88",
        "A94",
        "A96",
        "A97",
        "B15",
        "B16",
        "B19",
        "B23",
        "B34",
        "B37",
        "B43",
        "B64",
        "B69",
        "B81",
        "B95",
        "B96",
        "C10",
        "C17",
        "C51",
        "C53",
        "C60",
        "C72",
        "C79",
        "C82",
        "C83",
        "C84"
      ],
      "weight": 18265,
      "utility_player1": 0,
      "utility_player2": 0,
      "normalized_u1": 0,
      "normalized_u2": 0,
      "harmonic_mean": 186.7215958369471,
      "normalized_harmonic_mean": 0,
      "pareto_optimum": null,
      "by": "Player 2",
      "turn": 1
    },
    {
      "items": [
        "A25",
        "A39",
        "A71",
        "A75",
        "A87",
        "A88",
        "A94",
        "A96",
        "A97",
        "B15",
        "B16",
        "B23",
        "B34",
        "B37",
        "B43",
        "B81",
        "C10",
        "C17",
        "C51",
        "C53",
        "C60",
        "C79",
        "C83"
      ],
      "weight": 13061,
      "utility_player1": 0,
      "utility_player2": 0,
      "normalized_u1": 0,
      "normalized_u2": 0,
      "harmonic_mean": 132.42844752818735,
      "normalized_harmonic_mean": 0,
      "pareto_optimum": null,
      "by": "Player 1",
      "turn": 2
    }
  ],
  "agreement": {
    "items": [
      "A75",
      "A87",
      "A96",
      "A97",
      "B15",
      "B23",
      "B34",
      "B37",
      "B81",
      "C51",
      "C53",
      "C60",
      "C83"
    ],
    "weight": 9322,
    "utility_player1": 10570,
    "utility_player2": 10570,
    "normalized_u1": 91.67389418907199,
    "normalized_u2": 91.67389418907199,
    "harmonic_mean": 91.67389418907199,
    "normalized_harmonic_mean": 91.67389418907199,
    "pareto_optimum": null,
    "by": "Player 2",
    "turn": 2
  },
  "max_weight": 9322,
  "scores": {
    "player1_score": 10570,
    "player2_score": 10570,
    "normalized_u1": 91.67389418907199,
    "normalized_u2": 91.67389418907199,
    "harmonic_mean": 91.67389418907199,
    "normalized_harmonic_mean": 91.67389418907199,
    "episode_score": 50.0,
    "pareto_optimum": null,
    "pareto_adherence_rate": null
  },
  "max_u1": 11530,
  "max_u2": 11530,
  "max_harmonic": 1,
  "nb_proposals": 3,
  "player1_optimum": {
    "items": [
      "A08",
      "A25",
      "A28",
      "A39",
      "A46",
      "A65",
      "A71",
      "A88",
      "A94",
      "A97",
      "B15",
      "B16",
      "B43",
      "B64",
      "B69",
      "B95",
      "B96",
      "C10",
      "C17",
      "C53",
      "C72",
      "C79",
      "C82"
    ],
    "utility_player1": 11530,
    "utility_player2": 11530,
    "pareto_optimum": null
  },
  "player2_optimum": {
    "items": [
      "A08",
      "A25",
      "A28",
      "A39",
      "A46",
      "A65",
      "A71",
      "A88",
      "A94",
      "A97",
      "B15",
      "B16",
      "B43",
      "B64",
      "B69",
      "B95",
      "B96",
      "C10",
      "C17",
      "C53",
      "C72",
      "C79",
      "C82"
    ],
    "utility_player1": 11530,
    "utility_player2": 11530,
    "pareto_optimum": null
  },
  "global_optimum": null
}