{
  "results_folder": "claude-sonnet-4-20250514-t1.0",
  "game_id": 2,
  "proposals": [
    {
      "items": [
        "A36",
        "B33",
        "B73",
        "B93",
        "C11",
        "C13",
        "C34",
        "C45"
      ],
      "weight": 2601,
      "utility_player1": 5796,
      "utility_player2": 5796,
      "normalized_u1": 90.63330727130571,
      "normalized_u2": 90.63330727130571,
      "harmonic_mean": 90.63330727130572,
      "normalized_harmonic_mean": 90.63330727130571,
      "pareto_optimum": false,
      "by": "Player 1",
      "turn": 1
    },
    {
      "items": [
        "A36",
        "A63",
        "B33",
        "B73",
        "B93",
        "C11",
        "C13",
        "C34",
        "C45"
      ],
      "weight": 2752,
      "utility_player1": 5917,
      "utility_player2": 5917,
      "normalized_u1": 92.52541047693511,
      "normalized_u2": 92.52541047693511,
      "harmonic_mean": 92.52541047693511,
      "normalized_harmonic_mean": 92.52541047693511,
      "pareto_optimum": false,
      "by": "Player 2",
      "turn": 1
    },
    {
      "items": [
        "A36",
        "B16",
        "B33",
        "B73",
        "B93",
        "C11",
        "C13",
        "C34",
        "C45"
      ],
      "weight": 2951,
      "utility_player1": 6257,
      "utility_player2": 6257,
      "normalized_u1": 97.84206411258796,
      "normalized_u2": 97.84206411258796,
      "harmonic_mean": 97.84206411258796,
      "normalized_harmonic_mean": 97.84206411258796,
      "pareto_optimum": false,
      "by": "Player 1",
      "turn": 2
    }
  ],
  "refusals": [],
  "agreement": {
    "items": [
      "A36",
      "B16",
      "B33",
      "B73",
      "B93",
      "C11",
      "C13",
      "C34",
      "C45"
    ],
    "weight": 2951,
    "utility_player1": 6257,
    "utility_player2": 6257,
    "normalized_u1": 97.84206411258796,
    "normalized_u2": 97.84206411258796,
    "harmonic_mean": 97.84206411258796,
    "normalized_harmonic_mean": 97.84206411258796,
    "pareto_optimum": false,
    "by": "Player 2",
    "turn": 2
  },
  "max_weight": 3288,
  "scores": {
    "player1_score": 6257,
    "player2_score": 6257,
    "normalized_u1": 97.84206411258796,
    "normalized_u2": 97.84206411258796,
    "harmonic_mean": 97.84206411258796,
    "normalized_harmonic_mean": 97.84206411258796,
    "episode_score": 50.0,
    "pareto_optimum": false,
    "pareto_adherence_rate": 0.0,
    "alternation_rate": 1.0
  },
  "max_u1": 6395,
  "max_u2": 6395,
  "max_harmonic": 1,
  "nb_proposals": 3,
  "player1_optimum": {
    "items": [
      "A07",
      "A36",
      "B16",
      "B33",
      "B73",
      "B93",
      "C11",
      "C13",
      "C34",
      "C45"
    ],
    "utility_player1": 6395,
    "utility_player2": 6395,
    "pareto_optimum": true
  },
  "player2_optimum": {
    "items": [
      "A07",
      "A36",
      "B16",
      "B33",
      "B73",
      "B93",
      "C11",
      "C13",
      "C34",
      "C45"
    ],
    "utility_player1": 6395,
    "utility_player2": 6395,
    "pareto_optimum": true
  },
  "global_optimum": null
}