{
  "results_folder": "gpt-5-2025-08-07-no-reasoning-t1.0",
  "game_id": 2,
  "proposals": [
    {
      "items": [
        "A36",
        "A63",
        "B16",
        "B33",
        "B73",
        "B93",
        "C11",
        "C13",
        "C34",
        "C45"
      ],
      "weight": 3102,
      "utility_player1": 6378,
      "utility_player2": 6378,
      "normalized_u1": 99.73416731821736,
      "normalized_u2": 99.73416731821736,
      "harmonic_mean": 99.73416731821735,
      "normalized_harmonic_mean": 99.73416731821736,
      "pareto_optimum": false,
      "by": "Player 1",
      "turn": 1
    }
  ],
  "refusals": [],
  "agreement": {
    "items": [
      "A36",
      "A63",
      "B16",
      "B33",
      "B73",
      "B93",
      "C11",
      "C13",
      "C34",
      "C45"
    ],
    "weight": 3102,
    "utility_player1": 6378,
    "utility_player2": 6378,
    "normalized_u1": 99.73416731821736,
    "normalized_u2": 99.73416731821736,
    "harmonic_mean": 99.73416731821735,
    "normalized_harmonic_mean": 99.73416731821736,
    "pareto_optimum": false,
    "by": "Player 2",
    "turn": 1
  },
  "max_weight": 3288,
  "scores": {
    "player1_score": 6378,
    "player2_score": 6378,
    "normalized_u1": 99.73416731821736,
    "normalized_u2": 99.73416731821736,
    "harmonic_mean": 99.73416731821735,
    "normalized_harmonic_mean": 99.73416731821736,
    "episode_score": 100.0,
    "pareto_optimum": false,
    "pareto_adherence_rate": 0.0
  },
  "max_u1": 6395,
  "max_u2": 6395,
  "max_harmonic": 1,
  "nb_proposals": 1,
  "player1_optimum": {
    "items": [
      "A07",
      "A36",
      "B16",
      "B33",
      "B73",
      "B93",
      "C11",
      "C13",
      "C34",
      "C45"
    ],
    "utility_player1": 6395,
    "utility_player2": 6395,
    "pareto_optimum": true
  },
  "player2_optimum": {
    "items": [
      "A07",
      "A36",
      "B16",
      "B33",
      "B73",
      "B93",
      "C11",
      "C13",
      "C34",
      "C45"
    ],
    "utility_player1": 6395,
    "utility_player2": 6395,
    "pareto_optimum": true
  },
  "global_optimum": null
}