{
  "results_folder": "claude-sonnet-4-20250514-t1.0",
  "game_id": 0,
  "proposals": [
    {
      "items": [
        "A04",
        "A45",
        "A48",
        "A89",
        "B21",
        "B53",
        "B85",
        "C49"
      ],
      "weight": 3033,
      "utility_player1": 5252,
      "utility_player2": 3109,
      "normalized_u1": 91.18055555555556,
      "normalized_u2": 48.74568830354343,
      "harmonic_mean": 63.52859646444393,
      "normalized_harmonic_mean": 73.20557884063984,
      "pareto_optimum": false,
      "by": "Player 1",
      "turn": 1
    },
    {
      "items": [
        "A04",
        "A45",
        "A48",
        "A61",
        "A89",
        "B21",
        "B53",
        "B85",
        "C33",
        "C49"
      ],
      "weight": 3364,
      "utility_player1": 5511,
      "utility_player2": 4739,
      "normalized_u1": 95.67708333333333,
      "normalized_u2": 74.30228911884603,
      "harmonic_mean": 83.64575307372965,
      "normalized_harmonic_mean": 96.38707782172953,
      "pareto_optimum": false,
      "by": "Player 2",
      "turn": 1
    }
  ],
  "refusals": [
    {
      "items": [
        "A04",
        "A45",
        "A48",
        "A89",
        "B21",
        "B53",
        "B85",
        "C49"
      ],
      "weight": 3033,
      "utility_player1": 5252,
      "utility_player2": 3109,
      "normalized_u1": 91.18055555555556,
      "normalized_u2": 48.74568830354343,
      "harmonic_mean": 63.52859646444393,
      "normalized_harmonic_mean": 73.20557884063984,
      "pareto_optimum": false,
      "by": "Player 2",
      "turn": 1
    }
  ],
  "agreement": {
    "items": [
      "A04",
      "A45",
      "A48",
      "A61",
      "A89",
      "B21",
      "B53",
      "B85",
      "C33",
      "C49"
    ],
    "weight": 3364,
    "utility_player1": 5511,
    "utility_player2": 4739,
    "normalized_u1": 95.67708333333333,
    "normalized_u2": 74.30228911884603,
    "harmonic_mean": 83.64575307372965,
    "normalized_harmonic_mean": 96.38707782172953,
    "pareto_optimum": false,
    "by": "Player 1",
    "turn": 2
  },
  "max_weight": 3624,
  "scores": {
    "player1_score": 5511,
    "player2_score": 4739,
    "normalized_u1": 95.67708333333333,
    "normalized_u2": 74.30228911884603,
    "harmonic_mean": 83.64575307372965,
    "normalized_harmonic_mean": 96.38707782172953,
    "episode_score": 50.0,
    "pareto_optimum": false,
    "pareto_adherence_rate": 0.0
  },
  "max_u1": 5760,
  "max_u2": 6378,
  "max_harmonic": 86.7810861829785,
  "nb_proposals": 2,
  "player1_optimum": {
    "items": [
      "A04",
      "A45",
      "A48",
      "A89",
      "B21",
      "B53",
      "B85",
      "C04",
      "C49"
    ],
    "utility_player1": 5760,
    "utility_player2": 3617,
    "pareto_optimum": true
  },
  "player2_optimum": {
    "items": [
      "A03",
      "A04",
      "A45",
      "A61",
      "A89",
      "B61",
      "B85",
      "C33",
      "C49",
      "C64"
    ],
    "utility_player1": 3993,
    "utility_player2": 6378,
    "pareto_optimum": true
  },
  "global_optimum": {
    "items": [
      "A03",
      "A04",
      "A45",
      "A61",
      "A89",
      "B53",
      "B61",
      "B85",
      "C33",
      "C49"
    ],
    "utility_player1": 4708,
    "utility_player2": 5899,
    "harmonic_mean": 86.7810861829785,
    "pareto_optimum": true
  }
}